tree
version=v4
num_class=1
num_tree_per_iteration=1
label_index=0
max_feature_idx=9
objective=binary sigmoid:1
feature_names=Column_0 Column_1 Column_2 Column_3 Column_4 Column_5 Column_6 Column_7 Column_8 Column_9
feature_infos=[0:100] [0:100] [0:100] [0:100] [0:90.909090909090907] [0:90.909090909090907] [0:1] [0:55] [0:177] [0:1]
tree_sizes=3346 3412 3430 3421 3412 3417 3415 3439 3435 3428 3431 3454 3442 3443 3454 3451 3440 3455 3456 3461 3457 3457 3459 3463 3459 3463 3468 3442 3486 3460 3448 3455 3469 3455 3474 3469 3464 3453 3456 3450 3457 3439 3458 3447 3462 3429 3435 3429 3437 3437 3425 3438 3438 3444 3420 3452 3414 3441 3435 3441 3439 3424 3414 3455 3449 3411 3418 3438 3393 3417 3444 3380 3374 3380 3417 3420 3432 3391 3443 3402 3396 3392 3394 3400 3382 3422 3444 3387 3415 3429 3400 3427 3409 3405 3402 3421 3405 3401 3393 3387

Tree=0
num_leaves=31
num_cat=0
split_feature=5 6 2 1 6 5 5 4 4 0 8 4 1 2 3 1 6 2 5 1 7 8 7 5 4 7 7 8 6 0
split_gain=132760 8731.45 8521.75 3569.25 2049.5 4382.62 1457.67 1606.68 996.379 672.504 503.137 465.046 1127.92 443.937 412.224 303.145 284.437 262.341 245.416 366.421 244.734 233.971 197.631 191.419 161.289 142.819 142.516 113.969 103.231 102.687
threshold=36.856806821523087 1.0000000180025095e-35 89.022757697456498 88.047619047619051 1.0000000180025095e-35 30.992957746478876 29.28061098792806 1.0000000180025095e-35 42.43853630646084 91.545844394527279 23.500000000000004 1.0000000180025095e-35 97.100840336134468 84.764185703758301 95.2934662236988 48.528138528138534 1.0000000180025095e-35 79.43190975020147 32.444286391654821 92.403846153846175 4.5000000000000009 18.500000000000004 1.0000000180025095e-35 33.270440251572332 31.598297213622292 1.0000000180025095e-35 1.0000000180025095e-35 35.500000000000007 1.0000000180025095e-35 86.72955974842769
decision_type=2 2 2 2 2 2 2 2 2 2 2 2 2 2 2 2 2 2 2 2 2 2 2 2 2 2 2 2 2 2
left_child=2 3 4 8 9 14 7 -4 13 11 23 12 17 15 24 22 -9 26 -13 25 -10 -5 -2 -7 -6 -20 -1 -19 -8 -28
right_child=1 -3 6 21 5 10 28 16 20 -11 -12 18 -14 -15 -16 -17 -18 27 19 -21 -22 -23 -24 -25 -26 -27 29 -29 -30 -31
leaf_value=-1.9772308898865862 -1.4745099265287664 -1.1901535811018245 -1.2649740918763459 -1.241209322759987 -2.1644254647523709 -1.6343418595195658 -1.3930164514839958 -2.0683498908377809 -1.4118028401118132 -1.5381426705022507 -2.0469320940057667 -2.194541134093456 -1.35427864717742 -1.3434958103558374 -1.3280276409893637 -2.0933115266981344 -1.4788019405663102 -1.5146754720599409 -1.9659911935513505 -1.7502313238472673 -1.8099679053719893 -1.906581370065104 -1.9178202542248695 -1.3487367488291675 -1.750984213315411 -2.1592299358239315 -2.1579967802519873 -1.9590368663874085 -1.1859861318134459 -1.4346033279243684
leaf_weight=47.316063523292542 11.902793526649473 1516.6716578006744 41.413851857185364 130.04539704322815 444.73164904117584 32.167053580284119 43.282885551452637 85.483698964118958 44.95517885684967 15.935971498489378 14.657158970832823 15030.572228908539 18.985447525978088 10.427240610122679 6.0989520549774161 150.40802729129791 9.0500578880310041 7.181024193763732 41.118741273880005 24.395808219909668 23.510476469993591 5.5087308883666983 64.825958132743835 86.762511491775513 9.6402790546417219 547.62687242031097 755.77820384502411 29.412688136100769 54.300347328186035 1.9674038887023915
leaf_count=481 121 15418 421 1322 4521 327 440 869 457 162 149 152796 193 106 62 1529 92 73 418 248 239 56 659 882 98 5567 7683 299 552 20
internal_value=-2.08459 -1.30409 -2.1727 -1.69543 -2.18089 -1.9984 -1.5727 -1.78437 -1.88464 -2.18745 -1.49412 -2.18807 -2.11651 -1.98151 -2.14469 -2.0108 -2.01191 -2.1337 -2.19201 -2.13 -1.54853 -1.26825 -1.84905 -1.42598 -2.15565 -2.14573 -2.1456 -1.87184 -1.27781 -2.15612
internal_weight=19306.1 1958.26 17347.9 441.584 17114.3 594.058 233.531 135.948 306.03 16520.3 133.587 16504.4 860.641 237.564 460.471 227.137 94.5338 841.655 15643.7 613.141 68.4657 135.554 76.7288 118.93 454.372 588.746 805.062 36.5937 97.5832 757.746
internal_count=196260 19907 176353 4489 173979 6039 2374 1382 3111 167940 1358 167778 8749 2415 4681 2309 961 8556 159029 6233 696 1378 780 1209 4619 5985 8184 372 992 7703
is_linear=0
shrinkage=1


Tree=1
num_leaves=31
num_cat=0
split_feature=5 2 6 2 5 1 6 4 6 5 5 4 8 4 5 7 7 1 0 8 4 1 8 5 3 7 5 0 2 5
split_gain=64944.3 4057.64 2978.76 1697.73 718.799 705.123 502.541 604.614 392.397 719.794 371.195 805.744 315.062 252.531 235.992 191.877 190.34 131.948 125.973 118.81 111.676 109.788 105.923 95.4484 88.3125 84.5719 77.0808 88.031 76.9747 73.6097
threshold=35.097051138484517 87.762088147197275 1.0000000180025095e-35 78.9103039288362 41.870403498310488 94.392033542976961 1.0000000180025095e-35 1.0000000180025095e-35 1.0000000180025095e-35 30.992957746478876 27.79023418036871 13.370577281191805 16.500000000000004 1.0000000180025095e-35 29.764673311184939 1.0000000180025095e-35 1.0000000180025095e-35 92.031746031746039 69.614069369809485 20.500000000000004 29.132643219957568 87.585616438356183 15.500000000000002 46.678281068524974 44.590643274853811 1.5000000000000002 31.601439496176344 86.391694725028074 92.907444668008068 25.994350282485879
decision_type=2 2 2 2 2 2 2 2 2 2 2 2 2 2 2 2 2 2 2 2 2 2 2 2 2 2 2 2 2 2
left_child=1 5 3 4 15 8 7 -7 13 20 11 -3 23 16 -9 -2 -1 24 -16 -5 -10 -18 -11 -6 -17 -22 -15 -28 -13 -8
right_child=2 10 -4 19 12 6 29 14 9 22 -12 28 -14 26 18 17 21 -19 -20 -21 25 -23 -24 -25 -26 -27 27 -29 -30 -31
leaf_value=0.12394744855987823 0.23566960974355258 0.40846286934935094 0.42293646391174389 0.42807548048201705 0.26307130555228259 0.35271539446690947 0.067890635651953843 -0.08926537240732374 -0.087065727746531568 0.29799241071903748 0.38021965298004878 -0.065534130680154387 -0.055995773161268747 -0.1093265432685034 -0.033535400526782048 0.051390034433152355 -0.072954841786784422 0.24761785577757225 0.34640517728986087 0.087917132206242435 0.37152221254005896 0.095003107412518162 0.060277163882396373 0.43514078747287954 -0.060508782263636901 0.010182347122411511 -0.076506908766672918 0.38175036788022343 0.10675920447220483 0.49157925033884076
leaf_weight=58.360906727612019 37.247497856616974 80.233045473694801 2885.9084420055151 242.58861315995455 72.784152887761593 43.093567572534084 4.8511147871613529 226.15799424797297 388.78576748818159 68.88228802382946 137.9663725271821 74.063876800239086 23.844516143202782 13310.973097749054 15.037447214126585 110.43860223889351 700.23671397566795 19.594251602888107 20.793764553964138 10.721949100494383 8.6392632648348791 41.208661034703255 25.752393141388893 57.868571549654007 195.1732686907053 25.883481115102768 621.63250225782394 4.2204167693853369 39.899817034602165 26.502841390669346
leaf_count=539 299 480 16194 1478 555 297 43 2486 4206 459 893 754 222 147563 150 1075 7509 128 190 92 81 403 210 396 1997 256 6704 38 385 178
internal_value=-0.00377378 -0.0910448 0.376305 0.201591 0.0976668 -0.098413 0.0447872 0.00560657 -0.101571 -0.0160211 0.254802 0.165699 0.278278 -0.104578 -0.051488 0.0206805 -0.0499334 -0.00394324 0.186954 0.413678 -0.0717602 -0.0636199 0.233304 0.339284 -0.020072 0.100607 -0.107714 -0.0734167 -0.00521253 0.426026
internal_weight=19579.3 15923.2 3656.17 770.261 516.951 15591 336.437 305.083 15254.6 517.943 332.163 194.197 154.497 14736.6 261.989 362.454 799.806 325.206 35.8312 253.311 423.309 741.445 94.6347 130.653 305.612 34.5227 13936.8 625.853 113.964 31.354
internal_count=196260 173824 22436 6242 4672 171312 3344 3123 167968 5212 2512 1619 1173 162756 2826 3499 8451 3200 340 1570 4543 7912 669 951 3072 337 154305 6742 1139 221
is_linear=0
shrinkage=0.1


Tree=2
num_leaves=31
num_cat=0
split_feature=5 0 6 0 3 2 5 6 5 4 8 5 4 6 7 7 5 4 7 1 4 8 5 2 1 1 7 7 7 4
split_gain=45945.2 3220.31 1559.74 994.222 724.931 441.801 435.515 409.502 574.181 250.854 197.232 172.348 470.284 158.192 141.178 122.814 115.398 225.372 98.1163 97.0301 92.0237 87.6282 85.4069 83.551 78.1024 87.5485 76.899 67.6638 59.399 54.8564
threshold=35.097051138484517 88.548009367681502 1.0000000180025095e-35 76.253132832080226 95.2934662236988 76.253132832080226 41.128123550076232 1.0000000180025095e-35 30.198506289308174 1.0000000180025095e-35 20.500000000000004 27.602627257799679 1.0000000180025095e-35 1.0000000180025095e-35 1.0000000180025095e-35 1.0000000180025095e-35 28.254728567919432 13.896316102198455 5.5000000000000009 87.585616438356183 1.0000000180025095e-35 14.500000000000002 32.737905369484331 85.215543412264751 44.610281923714766 23.013871374527117 4.5000000000000009 1.0000000180025095e-35 5.5000000000000009 36.852425180598566
decision_type=2 2 2 2 2 2 2 2 2 2 2 2 2 2 2 2 2 2 2 2 2 2 2 2 2 2 2 2 2 2
left_child=1 4 3 6 7 13 15 9 -9 14 26 12 -3 20 -1 -2 17 -7 -10 24 -6 -5 -11 -23 25 -16 -8 -24 -27 -17
right_child=2 11 -4 21 5 16 10 8 18 22 -12 -13 -14 -15 19 29 -18 -19 -20 -21 -22 23 27 -25 -26 28 -28 -29 -30 -31
leaf_value=0.095064334006342774 0.17007870155142987 0.30979111233330597 0.3102765052239016 0.31065883490269286 0.13801708119057426 0.32013590286573634 0.28448358551508612 -0.072419127224645691 0.23502694348000325 -0.10750681514507375 -0.073106706847795924 0.29914715749837917 -0.008752686571450053 0.34494204642405119 -0.082800995074836181 -0.046130001525264641 0.30824751129489858 -0.010847814104744115 0.050546160251521866 0.076076157750538137 -0.087423497515940696 -0.052087335267473625 0.092154408721988434 0.31867536809064645 -0.09275068139952615 0.12777330571446044 0.14696052353209144 -0.070553676670538759 -0.029655964307146673 0.046384896887506806
leaf_weight=63.818313911557198 40.077786795794964 94.979662425816059 3497.4785248041153 306.26032968610525 20.176891058683395 33.586593516170979 105.30031184852123 391.14480692148209 83.959305197000504 12452.619399495423 24.285273000597954 147.62925712019205 90.515844479203224 9.9225157946348173 100.20894521474838 200.17389396578074 49.935745067894459 53.093292899429798 43.905802696943283 48.62536246329546 176.46000664681196 13.537868313491346 27.70305922627449 11.030050672590731 462.09635440260172 49.053329825401306 66.236515775322914 330.18646138906479 46.863449029624462 94.278228551149368
leaf_count=535 272 477 16194 1544 130 183 630 4445 530 150625 234 788 895 50 1144 2048 310 586 308 422 2062 118 268 64 5240 560 452 3731 535 880
internal_value=-0.00471487 -0.0888728 0.280593 0.160039 -0.0959626 0.0476421 0.0751772 -0.0994577 -0.0122818 -0.102789 0.193619 0.21852 0.154352 -0.0446327 -0.0473787 0.00584534 0.187159 0.117401 0.171681 -0.0602393 -0.0642911 0.296082 -0.106123 0.114371 -0.0703094 -0.0174351 0.231381 -0.057959 0.0508558 -0.0165084
internal_weight=19135.1 14776.5 4358.66 861.18 14443.4 343.175 530.352 14100.2 519.01 13581.2 195.822 333.125 185.496 206.559 770.666 334.53 136.616 86.6799 127.865 706.847 196.637 330.828 12810.5 24.5679 658.222 196.126 171.537 357.89 95.9168 294.452
internal_count=196260 173824 22436 6242 171664 3321 4516 168343 5283 163060 1316 2160 1372 2242 8436 3200 1079 769 838 7901 2192 1726 154624 182 7479 2239 1082 3999 1095 2928
is_linear=0
shrinkage=0.1


Tree=3
num_leaves=31
num_cat=0
split_feature=5 2 6 1 1 5 4 5 4 6 4 7 8 7 2 4 5 8 8 3 2 1 1 1 5 7 0 1 0 3
split_gain=35488.1 2258.17 1613.15 972.369 459.036 376.369 250.164 260.974 237.197 246.546 308.078 150.428 132.264 125.829 122.922 99.3778 179.405 94.7859 91.0734 90.7245 97.542 78.3014 77.0526 73.8332 73.0863 72.6305 71.7299 67.5704 65.9021 65.8608
threshold=33.942174033917162 87.762088147197275 1.0000000180025095e-35 83.438818565400865 94.392033542976961 41.128123550076232 1.0000000180025095e-35 28.626799557032118 1.0000000180025095e-35 1.0000000180025095e-35 30.198506289308181 4.5000000000000009 12.500000000000002 1.0000000180025095e-35 92.907444668008068 1.0000000180025095e-35 27.602627257799679 16.500000000000004 16.500000000000004 41.897974493623416 72.48188405797103 85.270009643201561 44.610281923714766 23.013871374527117 27.506613756613763 1.0000000180025095e-35 68.208556149732644 41.763565891472872 20.550527903469089 45.199692780337948
decision_type=2 2 2 2 2 2 2 2 2 2 2 2 2 2 2 2 2 2 2 2 2 2 2 2 2 2 2 2 2 2
left_child=1 4 3 5 8 11 -6 -8 13 -10 24 17 27 -1 15 -3 -17 19 -5 28 -21 22 23 -15 -11 -26 -9 -7 -2 -12
right_child=2 14 -4 18 6 12 7 26 9 10 29 -13 -14 21 -16 16 -18 -19 -20 20 -22 -23 -24 -25 25 -27 -28 -29 -30 -31
leaf_value=0.084481485886716584 0.05638886507529333 0.22275167489529629 0.25253256539219193 0.24029543750383234 0.20818138433541511 0.25884848598319105 -0.078893675916737793 -0.020676692197514772 -0.10557890751272217 -0.090893091050939456 0.27171133452940138 -0.075858274832561787 -0.021800863212781473 -0.08000141895162817 0.21141321194268509 -0.062333383994614924 0.17726075283312398 -0.083134183612200985 0.049104293457482129 -0.036980634093660002 0.19257262824234223 0.050750842603247671 -0.092483527299898477 0.043533558823982188 0.27584732589251765 -0.018703229863964735 0.20923174308410891 0.12878880258335701 0.24943120718047707 0.078719700239600343
leaf_weight=68.684379160404205 32.29296787083149 44.730790987610817 3912.2848343402147 412.48083386570215 58.616237059235573 74.543802574276924 196.25103015452623 18.575760163366795 11574.596162825823 295.55313187837601 29.702138513326645 215.45456471294165 36.46980170160532 93.684557259082794 192.28857540339231 67.150102779269218 58.460440814495087 48.154453679919243 26.516354866325855 80.440206572413445 24.043663918972015 60.673079811036587 418.52145694941282 100.04698771983385 9.3030628189444524 83.594506502151489 50.36118645966053 86.065864600241184 39.092951782047749 43.697451785206795
leaf_count=539 291 203 16549 1986 297 401 2424 196 152748 3629 188 2365 325 1144 1054 749 314 488 215 849 175 555 5118 1095 80 826 332 493 337 295
internal_value=-0.00513855 -0.0895453 0.222714 0.114252 -0.0963585 0.0352912 0.0212255 -0.0200985 -0.0993381 -0.10272 -0.0310723 -0.0162008 0.150116 -0.0444493 0.156615 0.0947563 0.0491762 0.0411746 0.228747 0.0752113 0.0158438 -0.057609 -0.0683473 -0.0162054 -0.0665747 0.010794 0.147281 0.189153 0.162104 0.156816
internal_weight=18452.3 13464.5 4987.84 1075.56 13101.9 636.558 323.804 265.188 12778.1 12036.4 461.85 439.479 197.079 741.61 362.63 170.341 125.611 224.024 438.997 175.87 104.484 672.926 612.253 193.732 388.451 92.8976 68.9369 160.61 71.3859 73.3996
internal_count=196260 171786 24474 7925 169466 5724 3249 2952 166217 157766 5018 4505 1219 8451 2320 1266 1063 2140 2201 1652 1024 7912 7357 2239 4535 906 528 894 628 483
is_linear=0
shrinkage=0.1


Tree=4
num_leaves=31
num_cat=0
split_feature=5 2 6 2 1 5 4 5 6 5 4 8 4 5 7 8 1 3 8 7 6 8 1 2 3 6 3 3 6 5
split_gain=28634.2 1937.48 1222.35 730.357 395.233 310.092 213.212 238.172 199.704 238.965 219.506 143.051 134.063 308.404 102.063 83.6252 79.1023 96.749 74.6281 67.4972 66.8277 65.0998 57.0089 97.7681 80.6337 56.865 54.3164 50.8453 49.8318 47.1305
threshold=33.942174033917162 86.526825332795497 1.0000000180025095e-35 76.253132832080226 93.127066603684469 39.293512164691215 1.0000000180025095e-35 29.764673311184939 1.0000000180025095e-35 28.405728886498121 1.0000000180025095e-35 16.500000000000004 1.0000000180025095e-35 26.953438174529762 1.5000000000000002 15.500000000000002 93.127066603684469 42.947558770343583 18.500000000000004 4.5000000000000009 1.0000000180025095e-35 22.500000000000004 43.288288288288292 22.086720867208673 78.192934782608702 1.0000000180025095e-35 48.050632911392412 94.791101465002725 1.0000000180025095e-35 50.862325304787397
decision_type=2 2 2 2 2 2 2 2 2 2 2 2 2 2 2 2 2 2 2 2 2 2 2 2 2 2 2 2 2 2
left_child=1 4 3 5 8 16 -6 25 10 -10 14 19 -3 28 22 26 17 -2 -5 -7 27 -4 23 -1 -24 -8 -11 -15 -14 -21
right_child=2 12 21 18 6 11 7 -9 9 15 -12 -13 13 20 -16 -17 -18 -19 -20 29 -22 -23 24 -25 -26 -27 -28 -29 -30 -31
leaf_value=0.0033743791461618559 0.031828408026793285 0.20856760559533002 0.21874912146758516 0.21190061146281197 0.16193756637377066 0.182974954477756 -0.087286832009823623 0.14106083610147074 -0.081565281432434314 0.21515580905118831 -0.10454906222079674 -0.070258094660658174 -0.050804057000758511 0.035110634070375624 -0.065646029649029311 -0.033889247672536725 0.17262795688201207 -0.072015863835209123 0.023394225388122195 0.05058130798927201 0.24537155857816351 0.11459580005930325 -0.064363631941006 0.30482424963601384 0.15815039071894943 0.12579401356121608 0.060310590927070078 0.1773846482416882 0.15548990932720347 0.25755797321598878
leaf_weight=27.163641177117825 145.76586128771305 123.29185152798891 4021.9654789566994 402.14148983359337 70.826643198728561 152.29112882167101 230.05311950296164 64.041635975241661 302.36282993108034 42.830203354358673 10509.132215246558 36.664992287755013 118.95041169971228 41.910114154219627 559.22464548051357 44.624728880822659 19.86407732218504 233.33546692878008 22.158714227378368 86.440765284001827 72.373810410499573 60.920353621244431 72.3431236743927 17.814964339137077 21.016689993441105 13.245487272739409 48.087826073169708 62.695214502513409 12.987881764769552 12.606124505400656
leaf_count=268 1412 531 16284 1766 374 801 3099 449 3931 264 151633 368 1318 295 6971 387 107 2651 184 575 318 265 743 153 183 108 341 314 106 61
internal_value=-0.0053533 -0.0876091 0.191887 0.0989011 -0.0950872 0.0351883 0.00552364 -0.030522 -0.0983546 -0.0321056 -0.100943 0.114265 0.12041 0.0852249 -0.0466212 0.0782268 -0.0218948 -0.0320874 0.202056 0.141183 0.171496 0.217195 0.0302853 0.122772 -0.0142724 -0.0756864 0.133256 0.120383 -0.0304967 0.0769241
internal_weight=17649.1 12455 5194.15 1111.27 12022.8 686.968 378.167 307.34 11644.6 437.906 11206.7 288.003 432.209 308.917 697.563 135.543 398.965 379.101 424.3 251.338 176.979 4082.89 138.338 44.9786 93.3598 243.299 90.918 104.605 131.938 99.0469
internal_count=196260 171786 24474 7925 168904 5975 4030 3656 164874 4923 159951 1805 2882 2351 8318 992 4170 4063 1950 1437 927 16549 1347 421 926 3207 605 609 1424 636
is_linear=0
shrinkage=0.1


Tree=5
num_leaves=31
num_cat=0
split_feature=5 2 6 0 4 6 5 1 1 3 6 4 3 1 5 8 2 0 5 5 5 8 2 7 1 1 2 8 0 0
split_gain=23681.3 1708.8 992.57 577.969 340.891 310.24 273.551 232.295 219.3 180.54 109.57 133.233 108.533 99.6101 99.2366 98.4315 91.5277 85.588 80.0655 79.1296 69.9712 69.834 66.8778 63.4639 66.659 62.8055 54.4628 53.0521 52.0507 50.92
threshold=33.942174033917162 84.764185703758301 1.0000000180025095e-35 69.614069369809485 1.0000000180025095e-35 1.0000000180025095e-35 28.405728886498121 91.010101010101025 48.528138528138534 95.2934662236988 1.0000000180025095e-35 1.0000000180025095e-35 94.791101465002725 44.610281923714766 39.293512164691215 19.500000000000004 21.244358478401036 91.545844394527279 30.992957746478876 46.181616217717313 30.198506289308174 19.500000000000004 74.388789505068601 1.0000000180025095e-35 92.031746031746039 43.826219512195131 23.76916868442293 22.500000000000004 19.695220503347958 85.867895545314909
decision_type=2 2 2 2 2 2 2 2 2 2 2 2 2 2 2 2 2 2 2 2 2 2 2 2 2 2 2 2 2 2
left_child=1 4 3 8 7 17 -7 13 14 10 11 -3 19 16 28 29 -1 20 -13 -10 -6 -8 -15 25 -25 26 -22 -4 -2 -5
right_child=2 9 27 15 5 6 21 -9 12 -11 -12 18 -14 22 -16 -17 -18 -19 -20 -21 23 -23 -24 24 -26 -27 -28 -29 -30 -31
leaf_value=-0.040584565111234205 -0.030665473892340797 0.14245121267208996 0.19447207972754002 0.13609379294341134 -0.1051836409318132 -0.075822498852220158 0.12136242197665614 0.13351136925633569 -0.061869163250406346 0.15270694875675592 0.17904062613588789 -0.069522058890144706 0.15913227922887049 -0.087284055074630995 0.15279305859087799 -0.016513482009886043 0.096764510485041755 0.16905858223005352 0.12356837894663047 0.10088256343536844 0.072971946506800597 -0.038223167899181128 0.045273104045799623 -0.087753246113770111 0.051144248433799999 -0.034716645340815075 0.49747457271416629 0.10125741485751497 0.093982821229869812 0.20280999931442278
leaf_weight=134.87289860844612 68.187472321093082 53.294715955853462 4068.1487693935633 187.34654888510704 9095.8454405516386 289.28252103179693 126.26894790679216 79.237400002777576 293.04730109125376 253.00750447064638 43.467991724610329 138.42863742262125 28.221531942486763 401.02894211560488 131.71757629513741 27.85500855743885 75.77712357789278 11.592223189771174 25.417605102062225 33.264631927013397 8.2291898429393751 35.027358725667 42.051584877073765 631.27772064507008 36.552377380430698 29.636812657117844 4.7766051813960066 61.987142950296402 65.855785474181175 293.80998268723488
leaf_count=1670 680 258 16284 1041 143681 3984 765 428 3132 1341 256 1754 141 5324 701 270 750 74 159 189 110 318 439 9687 312 414 62 265 582 1189
internal_value=-0.00545199 -0.0857517 0.170357 0.0872787 -0.0940752 -0.0987782 -0.017641 -0.0281892 0.0224733 0.0925348 0.0341178 0.00510666 -0.0290066 -0.0477886 0.091149 0.166252 0.00882401 -0.102502 -0.0395678 -0.0452781 -0.102823 0.0867066 -0.0747034 -0.0725987 -0.080151 0.0456785 0.228878 0.193073 0.0305745 0.176833
internal_weight=16774.5 11515.1 5259.44 1129.31 11001.5 10268.5 450.579 732.968 620.294 513.616 260.609 217.141 354.533 653.731 265.761 509.012 210.65 9817.91 163.846 326.312 9806.32 161.296 443.081 710.473 667.83 42.6426 13.0058 4130.14 134.043 481.157
internal_count=196260 171786 24474 7925 168018 159407 5067 8611 5425 3768 2427 2171 3462 8183 1963 2500 2420 154340 1913 3321 154266 1083 5763 10585 9999 586 172 16549 1262 2230
is_linear=0
shrinkage=0.1


Tree=6
num_leaves=31
num_cat=0
split_feature=5 0 6 3 4 6 5 5 2 8 1 7 5 2 1 8 8 4 5 1 7 7 8 1 7 4 3 8 0 2
split_gain=19903 1412.77 975.676 518.742 369.001 318.613 269.151 222.124 199.219 102.626 95.2347 94.2926 78.4588 83.9343 77.483 74.5541 72.7425 64.7881 181.243 62.1248 57.8917 54.307 52.8133 51.385 49.3627 46.4942 45.784 44.6867 42.0837 41.2314
threshold=33.403068340306838 88.153818115545846 1.0000000180025095e-35 92.031746031746039 1.0000000180025095e-35 1.0000000180025095e-35 39.513565461669259 27.506613756613763 74.388789505068601 14.500000000000002 44.610281923714766 4.5000000000000009 30.198506289308174 81.375640520299584 23.013871374527117 15.500000000000002 15.500000000000002 1.0000000180025095e-35 25.191017789442991 91.331186258722511 4.5000000000000009 4.5000000000000009 22.500000000000004 93.127066603684469 1.0000000180025095e-35 34.927566368614414 95.024752475247539 48.500000000000007 53.889369057908389 80.217391304347842
decision_type=2 2 2 2 2 2 2 2 2 2 2 2 2 2 2 2 2 2 2 2 2 2 2 2 2 2 2 2 2 2
left_child=1 4 3 6 8 12 11 -7 10 21 14 16 -6 24 -1 29 25 -3 -19 -12 -16 -8 -4 -13 -14 -2 27 -10 -5 -9
right_child=2 17 22 28 5 7 9 15 26 -11 19 23 13 -15 20 -17 -18 18 -20 -21 -22 -23 -24 -25 -26 -27 -28 -29 -30 -31
leaf_value=-0.062087533290607823 0.0058983562786986583 0.17020515908904704 0.17670424747624011 -0.064090831666451326 -0.1037145699168301 -0.074588575752451466 0.14887118147971692 0.0839192652929375 0.15179743844754129 -0.039736321583196697 -0.086076485717893281 -0.073718429845482339 0.034240921177177079 0.089780900302931163 0.12426027574267098 -0.026139431101240715 -0.077996630105631806 -0.050069064432137156 0.1402400288937341 0.067097524845173381 -0.014435856143658624 0.055468841157825459 0.085747306652457222 0.19626455096541168 -0.083129460041112185 0.098876885446875923 0.17913540369834841 -0.006376688789389847 0.17799010808054547 0.22914241135462854
leaf_weight=90.829351052641869 116.37718310207129 122.37567308545113 4058.4282266199589 7.3301261663436881 8393.9045284427702 257.03333581984043 203.11411157995462 105.02308926731348 27.581756174564362 46.458041399717331 372.02416599541903 218.0957512781024 38.271073136478662 32.318710554391146 65.061397582292557 57.274414829909801 57.132183976471424 73.067726761102676 158.80612847954035 28.507616177201271 55.995671205222607 89.759618543088436 64.857095628976822 7.2850579023361197 562.44827200472355 99.990248493850231 41.662729643285275 50.679460011422634 353.28380900621414 24.022264994680882
leaf_count=1218 1161 503 16411 39 144954 3745 928 711 216 438 5319 2712 520 279 564 541 633 763 831 148 638 533 282 34 9146 774 182 435 1486 116
internal_value=-0.00549252 -0.0849843 0.152187 0.0727804 -0.0918009 -0.0970894 0.0296343 -0.0143247 -0.0234125 0.0983422 -0.0464926 -0.0171 -0.101154 -0.067206 0.00772504 0.0688111 0.0223658 0.111338 0.0802701 -0.0751744 0.0601056 0.120245 0.175274 -0.0649917 -0.0756519 0.0488667 0.0944511 0.0493689 0.173069 0.110953
internal_weight=15879 10556.9 5322.11 1198.83 10202.6 9470.3 838.212 443.353 732.342 339.332 612.418 498.88 9026.94 633.038 211.886 186.32 273.5 354.25 231.874 400.532 121.057 292.874 4123.29 225.381 600.719 216.367 119.924 78.2612 360.614 129.045
internal_count=196260 170829 25431 8738 168732 160012 7213 5113 8720 1899 7887 5314 154899 9945 2420 1368 2568 2097 1594 5467 1202 1461 16693 2746 9666 1935 833 651 1525 827
is_linear=0
shrinkage=0.1


Tree=7
num_leaves=31
num_cat=0
split_feature=5 2 6 2 4 6 5 4 1 2 1 8 1 7 1 5 1 8 3 3 1 3 6 4 7 8 7 0 5 3
split_gain=16910.9 1262.39 852.131 445.249 331.868 240.806 212.085 181.755 160.06 112.578 99.5186 91.2385 91.174 84.5356 74.6671 71.4489 74.0258 69.4867 69.4171 68.4782 62.6572 61.3026 60.3728 70.4221 51.3367 48.2126 46.4211 41.6022 39.488 38.7948
threshold=33.403068340306838 84.764185703758301 1.0000000180025095e-35 84.409722222222243 1.0000000180025095e-35 1.0000000180025095e-35 42.264971945494104 29.314858277667451 88.047619047619051 91.545844394527279 96.720430107526894 16.500000000000004 44.610281923714766 1.0000000180025095e-35 91.545844394527279 30.198506289308174 87.29833546734956 20.500000000000004 91.024165707710026 38.16526610644258 23.013871374527117 95.024752475247539 1.0000000180025095e-35 1.0000000180025095e-35 1.0000000180025095e-35 22.500000000000004 8.5000000000000018 17.929582854955992 43.379868681073511 80.874970117140819
decision_type=2 2 2 2 2 2 2 2 2 2 2 2 2 2 2 2 2 2 2 2 2 2 2 2 2 2 2 2 2 2
left_child=1 4 3 6 8 15 11 21 12 10 18 13 20 -2 19 -6 24 -8 22 27 -1 -7 23 -3 -17 -4 -22 -15 -27 -14
right_child=2 9 25 -5 5 7 17 -9 -10 -11 -12 -13 29 14 -16 16 -18 -19 -20 -21 26 -23 -24 -25 -26 28 -28 -29 -30 -31
leaf_value=-0.059013856397250576 0.11742401413074573 0.17286673203523184 0.16323381294971709 0.1633137182715049 -0.10322498216881743 -0.065615213765219602 0.12073083222425972 0.10000871497573385 0.087240785219925537 0.12114867080305464 0.13104568786954424 -0.086701646828155662 -0.087048050749318553 -0.028704882135223032 0.10090007459971553 0.032689112096803676 0.043964492949662121 -0.084027913466241 -0.079458931079832207 -0.049991584157929085 0.083607653677981231 0.21489877263534357 0.23391374919455427 -0.037653559700689884 -0.087109966662207994 0.012986668855009998 -0.063112679976139605 0.086835230658992402 0.17164550456210095 0.015250822449869791
leaf_weight=86.246800653636456 68.276929795742035 20.846894107758999 3958.8653926849365 335.55121228843927 7582.4484878890216 305.46822100505233 228.27812768518925 94.103274993598461 107.6132807135582 242.51375035196543 66.081351507455111 109.62360584363341 328.16917191445827 52.431196793913841 60.402536667883396 38.594244904816151 54.608262188732624 17.871085368096828 83.531234245747328 244.97961632907391 98.712836585938931 7.9944676607847205 14.313050515949724 66.82554953545332 488.83615129068494 39.120170004665852 27.591861374676228 76.829146757721901 26.188105121254921 41.791645538061857
leaf_count=1218 399 106 16411 1410 143731 4350 1022 587 628 1243 374 1364 5028 525 275 509 587 197 913 2859 873 36 88 955 8739 177 329 687 105 535
internal_value=-0.0054895 -0.0832092 0.139814 0.0656362 -0.0915175 -0.0968884 0.0274668 -0.0218718 -0.0248054 0.0725304 0.0256676 -0.00403735 -0.0455048 0.0139814 -0.00226819 -0.100633 -0.0668685 0.105865 -0.0118683 -0.0189196 0.00669012 -0.0584611 0.0434918 0.0124043 -0.0783438 0.161828 0.0515559 0.0399693 0.0766076 -0.0754921
internal_weight=14974.7 9756.29 5218.42 1194.24 9262.18 8572.05 858.692 407.566 690.126 494.112 251.598 612.543 582.512 502.919 434.642 8164.49 582.039 246.149 185.517 374.24 212.551 313.463 101.985 87.6724 527.43 4024.17 126.305 129.26 65.3083 369.961
internal_count=196260 170829 25431 8738 167150 158539 7328 4973 8611 3679 2436 6109 7983 4745 4346 153566 9835 1219 2062 4071 2420 4386 1149 1061 9248 16693 1202 1212 282 5563
is_linear=0
shrinkage=0.1


Tree=8
num_leaves=31
num_cat=0
split_feature=5 2 6 0 4 5 6 3 4 1 2 8 7 1 7 3 4 6 0 3 4 5 1 7 3 4 5 1 1 2
split_gain=14499.1 1053.41 890.607 422.647 303.415 195.967 163.215 157.69 124.67 112.015 95.2881 81.4314 79.884 64.8525 64.6653 56.5022 64.3112 78.9211 54.8493 52.3417 50.7002 48.4659 62.6394 77.6987 46.162 41.8873 38.4567 35.8787 35.4217 34.2556
threshold=32.843031220708063 82.807881773399018 1.0000000180025095e-35 81.375640520299584 1.0000000180025095e-35 38.812267775048817 1.0000000180025095e-35 95.2934662236988 29.516003122560502 91.010101010101025 91.545844394527279 2.5000000000000004 5.5000000000000009 43.288288288288292 1.0000000180025095e-35 91.331186258722497 13.370577281191805 1.0000000180025095e-35 91.545844394527279 78.830559112249261 39.296036333608598 39.293512164691215 84.292763157894754 4.5000000000000009 48.050632911392412 34.927566368614414 30.198506289308174 94.957627118644083 85.895117540687181 22.335600907029484
decision_type=2 2 2 2 2 2 2 2 2 2 2 2 2 2 2 2 2 2 2 2 2 2 2 2 2 2 2 2 2 2
left_child=1 4 3 5 9 14 18 10 27 12 15 -7 13 29 -2 16 -3 -18 26 -15 -13 22 23 -4 -25 -16 -6 -8 -28 -1
right_child=2 7 21 -5 6 11 8 -9 -10 -11 -12 20 -14 19 25 -17 17 -19 -20 -21 -22 -23 -24 24 -26 -27 28 -29 -30 -31
leaf_value=0.0053770536976796256 0.068373012085899285 0.13909507862879131 0.12516088639074258 0.14368096042637071 -0.10279897675511207 0.13695610387712456 -0.067705211523314518 0.10726354707538444 0.080732325368393656 0.090681150591662263 0.10736630121490157 -0.013659770462641897 -0.082458887274032805 -0.069117546703314742 -0.058489118698718118 -0.094961010508355592 -0.058198605367328904 0.15991025353880631 0.12861613682461512 0.062782433452680655 0.077723756693009183 0.15591060100518628 0.15468627645432714 0.079720138661341922 -0.06767013763942567 0.0056742862021124264 -0.081805662454861663 0.17202458530956902 0.014147353644601447 0.11150297689836958
leaf_weight=75.661832056939602 67.901494398713112 29.850509315729141 198.66942439228296 375.99898697063327 6853.6379743590951 128.16788664460182 280.36860568076372 257.36607955396175 77.29162323474884 72.757281884551048 65.963755361735821 105.74115261435509 257.53524808213115 157.50379880517721 294.47437284514308 83.157954424619675 106.28843733668327 19.658372025936842 10.425930470228193 37.189296282827854 142.56845632195473 3295.3548288792372 335.44984059780836 45.645075500011444 39.758304417133331 155.45490141585469 421.61295993626118 6.3851686939597121 42.335851810872555 50.860046394169331
leaf_count=882 455 161 844 1655 142595 612 4264 1379 476 358 373 830 4065 2433 4015 1099 1781 138 64 397 718 14190 1430 198 177 1689 8038 35 539 370
internal_value=-0.00546112 -0.0828615 0.127478 0.054723 -0.0917897 0.0173219 -0.0973396 0.0496213 -0.0319852 -0.0262651 0.000968508 0.0722219 -0.0409669 -0.00770063 -0.022592 -0.0284027 0.00712333 -0.0241551 -0.100586 -0.0439227 0.0388086 0.151086 0.125425 0.0908712 0.0111047 -0.03632 -0.100913 -0.0623671 -0.0730498 0.0480382
internal_weight=14091 8905.85 5185.18 1270.31 8343.57 894.308 7692.06 562.285 364.045 651.508 304.919 376.477 578.75 321.215 517.831 238.955 155.797 125.947 7328.01 194.693 248.31 3914.88 619.523 284.073 85.4034 449.929 7317.59 286.754 463.949 126.522
internal_count=196260 169447 26813 9974 164516 8319 156011 4931 4775 8505 3552 2160 8147 4082 6159 3179 2080 1919 151236 2830 1548 16839 2649 1219 375 5704 151172 4299 8577 1252
is_linear=0
shrinkage=0.1


Tree=9
num_leaves=31
num_cat=0
split_feature=5 2 6 1 4 1 6 3 4 1 2 7 1 2 2 3 8 3 4 5 8 1 5 1 7 0 5 5 3 0
split_gain=12481.2 949.92 808.528 364.86 297.3 175.71 161.994 124.116 103.67 93.5035 87.8227 84.6362 77.3145 76.7171 61.8299 55.3937 54.9167 49.6683 50.6299 66.2584 48.8063 48.747 48.3497 57.1187 65.6518 48.1046 43.8112 40.5643 37.7903 37.5368
threshold=32.843031220708063 82.807881773399018 1.0000000180025095e-35 82.272360999194206 1.0000000180025095e-35 43.826219512195131 1.0000000180025095e-35 95.2934662236988 29.516003122560502 88.047619047619051 18.635658914728683 4.5000000000000009 44.610281923714766 91.545844394527279 84.409722222222243 94.791101465002725 11.500000000000002 91.331186258722497 13.370577281191805 27.125213506766524 23.500000000000004 21.114551083591333 39.293512164691215 84.292763157894754 4.5000000000000009 91.545844394527279 46.678281068524974 30.198506289308174 60.660173160173166 89.512961508248239
decision_type=2 2 2 2 2 2 2 2 2 2 2 2 2 2 2 2 2 2 2 2 2 2 2 2 2 2 2 2 2 2
left_child=1 4 3 5 9 10 25 13 -8 12 -2 15 21 17 16 26 -5 18 -3 -20 -12 -1 23 24 -4 27 -7 -6 -26 -11
right_child=2 7 22 14 6 11 8 -9 -10 29 20 -13 -14 -15 -16 -17 -18 -19 19 -21 -22 -23 -24 -25 28 -27 -28 -29 -30 -31
leaf_value=-0.069821224183337402 -0.0022898477180981493 0.12063871442975323 0.1154666579873857 0.098606561368515783 -0.10203054024551368 -0.022937012239591787 -0.059468077756188897 0.095124995820610916 0.070038281853180673 0.041724875560201671 0.1240074373922081 -0.083225261730460451 -0.071622513907918892 0.094619729089599702 0.1428673085242016 0.19727565273765679 -0.025609761746006651 -0.091884175952020655 -0.075869589162968196 0.079286639508810028 -0.086756414406178609 0.036519994955766848 0.1474411237171219 0.14516519653779883 0.057671280263928641 0.10877491209766861 0.11552106241979943 -0.070440081111779643 -0.083353462693372862 0.22678850983544896
leaf_weight=60.352327354252338 116.96186624467373 30.912993513047695 194.05322767049074 173.09357517957687 6245.7730381265283 202.76682141423225 271.58040278032422 260.97590037807822 80.025669276714325 84.433386415243149 162.35998994857073 201.07356079667807 324.12457351386547 67.288253128528595 303.86576090753078 14.044964846223591 44.804257832467556 77.636043928563595 80.204145841300488 41.903209533542395 11.784590005874632 150.85487630218267 3143.9404168277979 322.37592843174934 56.290082782506943 11.057427853345869 25.756184972822666 434.76844203099608 28.684444315731525 12.595049336552618
leaf_count=936 1095 161 844 934 142595 2114 4299 1379 476 500 1082 2703 5533 373 1329 60 393 1099 1484 435 139 1484 14190 1430 246 64 125 8577 129 52
internal_value=-0.00540924 -0.0810909 0.119184 0.0497709 -0.0902562 0.00436133 -0.0961533 0.0447742 -0.0299924 -0.0245744 0.0647311 -0.0352518 -0.0409452 0.00067088 0.113717 0.00451521 0.0730651 -0.0267364 0.00631689 -0.0226251 0.109745 0.00613306 0.142472 0.116494 0.0833682 -0.0996297 -0.00733179 -0.0999746 0.0100662 0.0657476
internal_weight=13236.3 8234.49 5001.86 1256.51 7675.57 734.748 7043.2 558.921 351.606 632.36 291.106 443.642 535.332 297.945 521.764 242.568 217.898 230.656 153.02 122.107 174.145 211.207 3745.34 601.404 279.028 6691.6 228.523 6680.54 84.9745 97.0284
internal_count=196260 169447 26813 9974 164516 7318 156011 4931 4775 8505 2316 5002 7953 3552 2656 2299 1327 3179 2080 1919 1221 2420 16839 2649 1219 151236 2239 151172 375 552
is_linear=0
shrinkage=0.1


Tree=10
num_leaves=31
num_cat=0
split_feature=5 6 2 0 4 1 6 4 5 8 4 6 1 2 7 5 8 3 1 1 4 1 7 2 5 1 2 8 5 3
split_gain=10794.2 819.118 801.154 361.976 298.273 165.823 137.117 119.927 166.065 81.1523 80.7851 79.3589 77.5184 74.0012 71.3037 63.5733 56.3267 43.7835 66.7557 42.6376 40.1615 38.3108 38.0671 37.6196 35.9644 52.9966 33.7299 32.4607 31.2084 30.874
threshold=32.444286391654821 1.0000000180025095e-35 82.807881773399018 69.614069369809485 1.0000000180025095e-35 43.826219512195131 1.0000000180025095e-35 1.0000000180025095e-35 24.897713799034751 15.500000000000002 27.506613756613763 1.0000000180025095e-35 87.585616438356183 19.399641577060937 1.5000000000000002 46.678281068524974 22.500000000000004 46.709956709956721 86.526825332795497 44.610281923714766 37.522563176895311 95.293466223698786 5.5000000000000009 87.340132750526166 28.132851758793972 87.29833546734956 26.944684528954195 23.500000000000004 43.379868681073511 60.660173160173166
decision_type=2 2 2 2 2 2 2 2 2 2 2 2 2 2 2 2 2 2 2 2 2 2 2 2 2 2 2 2 2 2
left_child=2 3 4 5 12 13 24 -4 -9 29 -8 21 14 -2 -1 23 -3 26 -19 -16 -11 -10 27 -7 -6 -26 -12 -15 -18 -5
right_child=1 16 7 9 6 15 10 8 11 20 17 -13 -14 22 19 -17 28 18 -20 -21 -22 -23 -24 -25 25 -27 -28 -29 -30 -31
leaf_value=0.030922755293068895 -0.00085896312133462585 0.13692258506196262 0.11058884306267042 0.29538696743314602 -0.10233122077698648 -0.059222441003885462 -0.066982766618967529 -0.071527868442809103 -0.017940699641463508 -0.054216720664706723 0.063863538555559485 0.15538798277955426 0.057664622915345534 0.13292484755395781 -0.017782938311330047 0.07524864049182256 -0.0058975136722917596 -0.071216471769304027 0.15691111904000293 -0.084673177305852207 0.1490165021460767 0.082904439649249581 0.0057745554174817443 0.106390419248968 -0.087246815592444904 0.0074599799650251599 0.26801338717842199 -0.084167115247344229 0.13577917005279674 0.11414465382301348
leaf_weight=114.78740321099758 137.29942631348968 3512.087497651577 158.00096469372511 9.5863231159746629 5216.2256355024874 390.07727252319455 222.00010330975056 157.62753393501043 90.651897195726633 43.789971485733986 28.099494013935328 65.287648309022188 99.99903067946434 129.99111000820994 156.59665304794908 42.44507347792387 43.444870457053185 48.262339692562819 17.470592278987169 243.43007056042552 12.498784169554709 64.457267489284277 35.908632978796959 14.215827718377112 776.27603382989764 63.954053107649088 11.367034632712601 7.2730028107762328 24.213456809520721 480.54557636380196
leaf_count=1255 1345 16626 718 54 130674 5165 3845 2340 1109 438 211 316 567 780 1992 217 211 468 108 4691 84 362 347 63 18506 1056 73 93 105 2441
internal_value=-0.00534146 0.110466 -0.0804006 0.0425988 -0.0894251 -0.00216405 -0.0958319 0.037425 0.00684503 0.10463 -0.0327778 0.0628972 -0.0229026 0.0539704 -0.0385522 -0.0411762 0.135182 0.0394043 -0.0105844 -0.058488 -0.00908927 0.0239666 0.0974418 -0.0533991 -0.0992384 -0.0800382 0.122662 0.121422 0.0448055 0.11769
internal_weight=12417.9 4883.38 7534.49 1303.63 6998.47 757.21 6383.66 536.025 378.024 546.421 327.2 220.397 614.813 310.472 514.814 446.738 3579.75 105.199 65.7329 400.027 56.2888 155.109 173.173 404.293 6056.46 840.23 39.4665 137.264 67.6583 490.132
internal_count=196260 27969 168291 11027 163446 8010 154941 4845 4127 3017 4705 1787 8505 2565 7938 5445 16942 860 576 6683 522 1471 1220 5228 150236 19562 284 873 316 2495
is_linear=0
shrinkage=0.1


Tree=11
num_leaves=31
num_cat=0
split_feature=5 2 6 4 5 2 6 8 3 5 0 6 1 6 4 7 7 1 7 1 3 5 1 8 0 3 7 3 1 1
split_gain=9374.67 957.549 449.682 255.238 259.405 211.301 130.813 115.845 110.886 73.3159 71.2836 63.0545 60.2705 58.994 56.2811 51.2504 47.5811 48.251 47.5486 53.4078 52.9823 46.4186 41.7137 38.1347 37.0877 33.5444 34.5323 33.2676 33.2148 36.3688
threshold=34.496281271129149 82.426470588235304 1.0000000180025095e-35 1.0000000180025095e-35 30.198506289308174 85.215543412264751 1.0000000180025095e-35 14.500000000000002 95.2934662236988 44.923661164070374 87.585616438356183 1.0000000180025095e-35 91.545844394527279 1.0000000180025095e-35 1.0000000180025095e-35 1.0000000180025095e-35 1.0000000180025095e-35 97.100840336134468 2.5000000000000004 92.031746031746039 43.534002229654412 30.198506289308174 40.289855072463773 25.500000000000004 88.548009367681502 42.330316742081457 1.0000000180025095e-35 95.2934662236988 43.288288288288292 21.114551083591333
decision_type=2 2 2 2 2 2 2 2 2 2 2 2 2 2 2 2 2 2 2 2 2 2 2 2 2 2 2 2 2 2
left_child=1 3 5 10 13 7 12 9 11 18 16 14 15 -5 -3 22 -1 28 -2 20 -20 -16 -6 -4 25 26 -15 -27 29 -18
right_child=2 8 23 4 6 -7 -8 -9 -10 -11 -12 -13 -14 24 21 -17 17 -19 19 -21 -22 -23 -24 -25 -26 27 -28 -29 -30 -31
leaf_value=0.054619232582707358 0.065708703704407193 0.060796380629130245 0.13202614238190941 -0.10038285600071049 0.15592211031771164 0.13034778090812957 0.0498246429134514 -0.063798013029709943 0.087347396880859712 0.10818626969219042 0.19205528852558723 0.096020120409213344 0.058544734480449306 0.19602584235167819 -0.06899356253283255 -0.07523213936829562 -0.081091617234095761 0.094817145504406841 0.033916498606465548 0.086408474676564415 -0.06083841497980972 0.046143416181570647 -0.038565612252484338 0.037786501626981293 0.25839176123941326 -0.086235183508484303 -0.0230337088735851 0.22379943009988229 -0.064175639354561484 0.019037464947672916
leaf_weight=62.665041491389275 183.81941756606102 69.658467270433903 3214.333378970623 5184.8876269720495 17.617550022900105 268.53732876479626 148.11105304211378 118.54554523155093 303.86501009017229 138.58873829245567 15.150436431169508 60.634657815098763 42.549850311130285 8.0753622725605947 157.55307997390628 470.15514179319143 51.059814158827066 26.108856528997421 104.04781427979469 58.927240341901779 136.32805389538407 45.021584078669548 29.483489457517862 43.520504876971245 3.8282624185085288 166.38098511472344 66.097086206078529 3.5345212370157233 314.47078210487962 125.27769365161657
leaf_count=494 1155 344 16163 142378 181 1266 761 1431 1595 601 64 388 343 92 2980 10313 890 105 832 254 1562 313 432 192 26 3024 1140 15 5625 1301
internal_value=-0.0052698 -0.0735459 0.112702 -0.0846268 -0.090685 0.0543609 -0.0337472 0.0267957 0.0436702 0.0440698 -0.0220753 0.0037986 -0.0558583 -0.0981042 -0.016742 -0.0652691 -0.0276727 -0.0376489 0.0256773 0.00109176 -0.0198233 -0.0434047 0.0341801 0.130767 -0.0504491 -0.055293 0.000815918 -0.079786 -0.0446955 -0.00995564
internal_weight=11638.8 7372.19 4266.65 6735.45 6140.72 1008.79 707.917 740.257 636.733 621.711 594.733 332.868 559.806 5432.8 272.233 517.256 579.582 516.917 483.123 299.303 240.376 202.575 47.101 3257.85 247.916 244.088 74.1724 169.916 490.808 176.338
internal_count=196260 172804 23456 167184 158705 7101 12030 5835 5620 4404 8479 4025 11269 146675 3637 10926 8415 7921 3803 2648 2394 3293 613 16355 4297 4271 1232 3039 7816 2191
is_linear=0
shrinkage=0.1


Tree=12
num_leaves=31
num_cat=0
split_feature=5 6 2 4 3 7 6 4 5 8 5 5 1 3 1 7 6 4 2 5 1 5 1 3 2 3 1 7 1 2
split_gain=8142.16 694.002 655.714 278.755 269.191 143.971 134.206 94.8674 139.33 80.5096 68.6569 62.4964 63.4247 65.4643 59.3613 66.1191 59.3294 56.6031 51.2366 46.9537 40.6077 38.9579 46.114 36.9811 36.6979 34.7938 52.3717 31.6449 31.0485 43.9099
threshold=32.444286391654821 1.0000000180025095e-35 82.426470588235304 1.0000000180025095e-35 92.718275008837068 4.5000000000000009 1.0000000180025095e-35 13.370577281191805 24.897713799034751 16.500000000000004 27.038103677447946 39.293512164691215 80.810147299509012 48.050632911392412 91.010101010101025 5.5000000000000009 1.0000000180025095e-35 41.565737633153368 71.892556179775298 36.856806821523087 38.956639566395673 28.132851758793972 87.29833546734956 78.629976580796267 57.735042735042732 46.709956709956721 93.419913419913428 1.0000000180025095e-35 43.288288288288292 27.475490196078436
decision_type=2 2 2 2 2 2 2 2 2 2 2 2 2 2 2 2 2 2 2 2 2 2 2 2 2 2 2 2 2 2
left_child=2 4 3 14 5 9 21 -4 -9 19 -8 12 13 -3 15 20 -10 -7 -15 -2 -1 -5 27 -22 -6 -12 -27 28 29 -23
right_child=1 11 7 6 24 17 10 8 16 -11 25 -13 -14 18 -16 -17 -18 -19 -20 -21 23 22 -24 -25 -26 26 -28 -29 -30 -31
leaf_value=0.042819403849522916 0.016615794757967071 0.097219211198935118 0.093156946701133794 -0.10110807928892591 -0.065615011437648724 -0.059607277721768229 -0.072124573445352488 -0.071870556899603297 0.0188894880778742 -0.056681677297017813 0.087607769732697391 0.13020133407671386 0.12341309626303593 -0.061537754482294142 0.064775713791316566 -0.075528343042409435 0.1324511468951278 0.044513556138221513 0.09084693010693444 0.079297864516729447 -0.055823886012121994 0.030478250610110287 0.0076231981489350191 0.056997157842912982 0.12079395995806921 -0.049042690181677187 0.17289656757396893 -0.089177983934714017 -0.059448384116288715 0.46871502471192228
leaf_weight=119.60063008219004 198.82914167642593 147.37525679171085 160.77049120515585 4316.9443288259208 10.929669082164763 294.02907317876816 166.43090512230992 153.68859313800931 158.58251601457596 75.24753438308835 52.303335145115852 2635.949982509017 307.846929512918 63.384967803955078 71.461490035057068 209.98495298624039 64.805360697209835 63.484382104128599 33.847037859261036 299.53922664374113 140.92537732422352 10.236804261803625 60.420844543725252 36.598884765058756 313.14764548093081 71.865334536880255 12.478498034179209 621.04804878681898 26.503453534096479 2.943864442408084
leaf_count=1173 2172 709 761 130429 61 4382 3435 2534 1559 986 416 14190 1580 298 341 4064 320 336 165 1566 2488 219 1038 413 1524 777 56 17569 647 52
internal_value=-0.00518796 0.0989958 -0.0768791 -0.0864841 0.0360102 0.00868946 -0.0936261 0.0288377 0.00141457 0.0397328 -0.0289977 0.123792 0.0932102 0.0551988 -0.0205516 -0.0325759 0.051834 -0.0411183 -0.00849174 0.0542902 -0.00222042 -0.097514 -0.0759991 -0.0325644 0.114507 0.0235292 -0.0162072 -0.0836459 0.00292928 0.128357
internal_weight=10901.2 4443.61 6457.59 5919.75 1255.21 931.129 5341.18 537.847 377.076 573.616 303.078 3188.4 552.454 244.607 578.571 507.11 223.388 357.513 97.232 498.368 297.125 5038.1 721.153 177.524 324.077 136.647 84.3438 660.732 39.6841 13.1807
internal_count=196260 27969 168291 163117 11027 9442 154638 5174 4413 4724 4684 16942 2752 1172 8479 8138 1879 4718 463 3738 4074 149954 19525 2901 1585 1249 833 18487 918 271
is_linear=0
shrinkage=0.1


Tree=13
num_leaves=31
num_cat=0
split_feature=5 2 6 4 5 0 3 6 8 2 5 3 6 0 1 1 0 3 3 8 5 4 7 1 1 4 6 4 5 1
split_gain=7095.41 791.569 374.306 229.441 260.991 167.096 100.619 100.305 70.0315 62.5558 59.456 58.0948 57.0273 54.6412 52.2038 62.7976 49.2238 45.1484 60.7015 38.8679 37.812 66.6702 36.953 36.1401 44.9254 32.2035 31.8307 48.7415 54.6944 31.3002
threshold=34.800211230417183 81.375640520299584 1.0000000180025095e-35 1.0000000180025095e-35 30.023474178403756 85.02873563218391 95.2934662236988 1.0000000180025095e-35 16.500000000000004 91.545844394527279 46.678281068524974 91.331186258722497 1.0000000180025095e-35 87.585616438356183 87.29833546734956 40.289855072463773 30.877573131094262 93.643953676272574 44.590643274853811 21.500000000000004 27.125213506766524 13.370577281191805 1.0000000180025095e-35 87.29833546734956 43.826219512195131 27.506613756613763 1.0000000180025095e-35 15.834461143956126 27.698967698967703 21.114551083591333
decision_type=2 2 2 2 2 2 2 2 2 2 2 2 2 2 2 2 2 2 2 2 2 2 2 2 2 2 2 2 2 2
left_child=1 3 5 13 12 8 9 14 10 11 17 20 -5 22 15 16 -6 18 -2 -4 21 -3 -1 24 29 -14 27 -8 -29 -24
right_child=2 6 19 4 7 -7 26 -9 -10 -11 -12 -13 25 -15 -16 -17 -18 -19 -20 -21 -22 -23 23 -25 -26 -27 -28 28 -30 -31
leaf_value=0.046324190208073684 0.050751008393842147 0.08253086554811187 0.1232184352949644 -0.099084416757232605 -0.01951509234636872 0.12186072610990811 0.11702989984858647 0.037874339031682268 -0.060238420528182415 0.079831671840933288 0.10538318392901001 -0.089973332336865719 -0.067531065869827975 0.17494167964194984 0.033310125290692071 -0.085277994809611013 0.25101597592103092 0.10137194351320596 -0.022982630727983757 0.041079273543212655 0.06540891533039106 -0.075962768253868052 -0.078232594905672026 0.028229467494797763 -0.07576977757757071 0.024035754076672647 0.1375814040355921 -0.037390477435682058 0.082836528656722752 0.017416959118360147
leaf_weight=63.920800171792507 207.03762701153755 38.701493643224239 2790.9144452959299 4265.3563077468425 130.56025879457593 233.61456437036395 91.026887442916632 161.56592230498791 86.13209930434823 74.097106605768204 102.95002622902393 89.577855179086328 169.37736557051539 14.007369622588156 63.878493297845125 350.8479833714664 7.0910372249782077 63.015331335365772 242.34603437408805 58.823278024792671 71.144746670499444 84.462785322219133 46.809412926435471 76.824573334306479 228.49865199998021 49.672212064266205 65.879543110728264 73.572669338434935 77.907092727720737 127.12829403951764
leaf_count=491 1334 203 15997 141083 2794 1217 426 836 1146 425 453 1394 3649 60 661 8698 104 289 2227 273 692 2090 890 472 5207 572 323 586 353 1315
internal_value=-0.00509724 -0.0691055 0.103509 -0.0810517 -0.0875884 0.0486098 0.0340749 -0.0314318 0.024215 -0.0019911 0.0360361 -0.0233476 -0.0965289 -0.0200665 -0.0517033 -0.06282 -0.00557882 0.0221031 0.0109875 0.121523 0.00736734 -0.0261599 -0.0250953 -0.0346208 -0.0466189 -0.0467672 0.0759415 0.0591963 0.0244431 -0.00832386
internal_weight=10206.7 6421.91 3784.83 5755.54 5198.35 935.096 666.37 713.944 701.481 357.984 615.349 283.887 4484.41 557.189 552.378 488.499 137.651 512.399 449.384 2849.74 194.309 123.164 543.182 479.261 402.436 219.05 308.386 242.507 151.48 173.938
internal_count=196260 173324 22936 166832 158397 6666 6492 13093 5449 4804 4303 4379 145304 8435 12257 11596 2898 3850 3561 16270 2985 2293 8375 7884 7412 4221 1688 1365 939 2205
is_linear=0
shrinkage=0.1


Tree=14
num_leaves=31
num_cat=0
split_feature=5 1 6 6 4 2 5 0 7 3 7 7 8 0 8 3 5 7 3 6 4 5 3 1 8 3 0 0 7 5
split_gain=6184.93 768.236 308.998 238.721 238.759 134.962 121.638 97.0578 94.0047 92.93 73.0506 67.3329 65.343 64.5669 59.3248 55.7046 51.2264 32.2934 33.9213 31.5823 35.9845 81.1483 31.2577 50.5203 30.7864 29.5039 28.0228 27.6245 27.4162 27.0907
threshold=35.422619047619058 91.545844394527279 1.0000000180025095e-35 1.0000000180025095e-35 1.0000000180025095e-35 85.215543412264751 30.198506289308174 60.92258748674444 1.0000000180025095e-35 94.791101465002725 5.5000000000000009 1.0000000180025095e-35 20.500000000000004 91.010101010101025 15.500000000000002 89.022757697456498 47.083130772970357 1.0000000180025095e-35 95.024752475247539 1.0000000180025095e-35 1.0000000180025095e-35 24.146260203231723 78.830559112249261 43.288288288288292 21.500000000000004 46.265328874024533 55.488621151271765 99.523809523809533 4.5000000000000009 27.506613756613763
decision_type=2 2 2 2 2 2 2 2 2 2 2 2 2 2 2 2 2 2 2 2 2 2 2 2 2 2 2 2 2 2
left_child=1 3 5 4 10 12 -6 -3 -5 13 22 -8 16 15 29 -9 17 -2 25 20 -11 -22 23 -1 -4 26 -19 -23 -13 -10
right_child=2 7 24 8 6 -7 11 9 14 19 -12 28 -14 -15 -16 -17 -18 18 -20 -21 21 27 -24 -25 -26 -27 -28 -29 -30 -31
leaf_value=0.034101019605776578 0.07997000613994773 -0.092134254836037544 0.1199872713597797 0.10808590736901075 -0.09821998208290024 0.11718843338766541 0.042714002455217406 0.037367815940326031 -0.04678642687098869 0.10675413485143773 -0.06938886955720272 -0.035050849369631307 -0.081018009640491398 0.087705242559963426 -0.072901419619570931 -0.070244914005236775 0.10297185181972364 0.025237516963840158 0.090495942270031604 0.13444758198729842 -0.081212585696055078 0.09500518773565951 0.06674266910086063 -0.055111249906653725 0.043222718478241655 -0.026191098686779934 0.3045647051268201 -0.022371892625357021 -0.083006468739127787 0.034242278612139541
leaf_weight=134.65634788945317 80.729948662221432 56.392755392938852 2571.8641850203276 62.120844729244709 3909.904579019174 216.02824700623751 71.116052389144897 79.160936985164881 58.460958264768124 112.01820287108421 190.95571279153228 215.98433494567871 52.672235123813152 63.345425866544247 150.03448094800115 122.59942803345621 93.787141129374504 159.22880518436432 47.054288439452648 76.544289469718933 45.295932332053781 109.78212396241724 71.815396778285503 120.08544598519802 53.327473685145378 193.91005604714155 3.6744582019746295 24.530928090214729 266.0778838917613 140.2454458810389
leaf_count=1252 381 1306 15834 503 140713 1185 762 1430 1296 521 4082 4617 785 375 2616 1974 425 1073 220 393 693 897 567 2434 250 1817 25 115 6858 861
internal_value=-0.00499883 -0.0657988 0.101482 -0.0785111 -0.0845547 0.0489669 -0.0920103 0.0335786 -0.00524798 0.0447732 -0.0202569 -0.0481201 0.0256128 -0.000370377 -0.025436 -0.0280229 0.0353235 0.0222311 0.0106895 0.0772794 0.0622743 0.0345332 0.00847328 -0.0079537 0.118428 0.000165163 0.031538 0.0735674 -0.0615203 0.010403
internal_weight=9553.4 6081.13 3472.28 5391.46 4980.6 847.085 4463.08 689.67 410.862 633.277 517.513 553.178 631.057 265.106 348.741 201.76 578.385 484.598 403.868 368.171 291.627 179.609 326.557 254.742 2625.19 356.813 162.903 134.313 482.062 198.706
internal_count=196260 174265 21995 166561 161285 5911 152950 7704 5276 6398 8335 12237 4726 3779 4773 3404 3941 3516 3135 2619 2226 1705 4253 3686 16084 2915 1098 1012 11475 2157
is_linear=0
shrinkage=0.1


Tree=15
num_leaves=31
num_cat=0
split_feature=5 6 2 4 0 6 1 5 1 7 4 5 0 8 8 3 6 5 0 0 5 3 1 2 2 7 8 2 1 3
split_gain=5406.13 554.17 499.195 249.765 193.512 124.153 102.866 72.9232 64.5241 64.4067 62.6192 102.611 55.1746 52.388 47.1491 45.9983 45.0731 43.1693 42.1455 39.2756 38.3326 36.2512 45.6964 41.5493 33.1548 29.4733 28.6769 28.1612 41.0787 27.8901
threshold=32.444286391654821 1.0000000180025095e-35 81.375640520299584 1.0000000180025095e-35 69.614069369809485 1.0000000180025095e-35 41.763565891472872 39.293512164691215 84.292763157894754 1.5000000000000002 1.0000000180025095e-35 23.819655521783186 17.929582854955992 18.500000000000004 14.500000000000002 44.590643274853811 1.0000000180025095e-35 27.698967698967703 87.585616438356183 88.153818115545846 37.651981294609904 42.947558770343583 93.788580246913583 27.475490196078436 71.503759398496257 1.0000000180025095e-35 16.500000000000004 68.614072494669514 44.610281923714766 94.791101465002725
decision_type=2 2 2 2 2 2 2 2 2 2 2 2 2 2 2 2 2 2 2 2 2 2 2 2 2 2 2 2 2 2
left_child=2 4 3 18 6 17 12 8 9 -3 -4 -12 -2 21 -6 -11 -13 -5 25 -19 -8 23 -23 -7 -17 -1 -14 28 -27 -16
right_child=1 7 10 5 14 13 20 -9 -10 15 11 16 26 -15 29 24 -18 19 -20 -21 -22 22 -24 -25 -26 27 -28 -29 -30 -31
leaf_value=0.040900414418632548 -0.017267300679234064 0.10559615392623529 0.073873181041400324 -0.099783428599434773 0.090186509841174461 0.027761998723728115 -0.065759749587608135 0.11946886493290064 0.11306578278694049 0.053510054682882086 -0.077029485207612422 0.0095668730587157875 0.084428873902966203 -0.078882644454051604 -0.042305431514196197 -0.097782310085322094 0.1057315104604655 -0.073907765447365117 0.1577068229580032 0.19697063809911688 -0.0034598206419093253 -0.047471976508659461 0.17054551269147925 0.22752453067787567 0.056120171673988785 -0.0074676660931737989 -0.046792926685607555 0.021667844727743177 -0.074365071034855276 0.12486456696506126
leaf_weight=65.314149484038353 108.92819221690297 91.802999302744865 155.68169970437884 3169.1404468081892 413.10252134874463 46.471917185932398 220.41387873142958 2132.0920332968235 239.49968037754297 75.937158904969692 121.65006657317281 185.52610489353538 173.54328940808773 109.13196321204305 45.672304019331932 53.825634069740772 66.10740614309907 656.12160995230079 13.40610098838806 5.3967478945851317 178.94308562576771 93.635301616042852 10.713937010616062 13.418444521725176 18.917143158614635 173.66846825182438 18.421922836452723 82.951167702674866 194.69433154538274 12.770613014698027
leaf_count=491 1129 504 788 126558 2442 572 4089 14190 1474 409 2543 2236 1116 2341 513 265 382 22677 60 37 1420 1547 52 123 100 2239 256 960 4685 62
internal_value=-0.00489221 0.0859089 -0.0714383 -0.0819438 0.0287715 -0.090287 -0.00457596 0.111541 0.0763259 0.0397362 0.0205961 -0.0016237 0.0395793 -0.0251792 0.078293 -0.000929244 0.0348306 -0.0949333 -0.017343 -0.0716979 -0.0378445 0.010505 -0.0250873 0.0725188 -0.0577592 -0.0218854 0.0718362 -0.0309717 -0.0428256 -0.0057764
internal_weight=8946.9 3783.87 5163.03 4634.06 1171.8 4104.03 700.25 2612.07 479.983 240.483 528.965 373.284 300.893 273.372 471.545 148.68 251.634 3830.66 530.034 661.518 399.357 164.24 104.349 59.8904 72.7428 516.628 191.965 451.314 368.363 58.4429
internal_count=196260 27969 168291 162342 11027 153907 8010 16942 2752 1278 5949 5161 2501 4635 3017 774 2618 149272 8435 22714 5509 2294 1599 695 365 8375 1372 7884 6924 575
is_linear=0
shrinkage=0.1


Tree=16
num_leaves=31
num_cat=0
split_feature=5 1 6 6 4 5 2 5 4 7 7 7 8 5 8 5 0 3 2 5 3 0 3 2 0 5 2 0 3 0
split_gain=4730.15 673.356 228.383 224.357 214.344 132.471 101.005 96.2225 137.561 78.6867 60.7531 58.3087 48.1701 43.17 39.571 38.0041 36.7611 35.4537 39.4193 32.1859 30.0509 33.2656 30.0099 37.5916 28.3224 27.2954 27.0163 26.027 27.1443 25.2339
threshold=36.077899667200796 90.595518867924554 1.0000000180025095e-35 1.0000000180025095e-35 1.0000000180025095e-35 30.198506289308174 75.905718027062434 27.602627257799679 1.0000000180025095e-35 1.5000000000000002 4.5000000000000009 5.5000000000000009 26.500000000000004 24.897713799034751 20.500000000000004 50.862325304787397 61.143790849673216 51.022110972048402 71.209658695147439 23.819655521783186 45.199692780337948 64.425612052730713 41.060765718299969 79.43190975020147 92.637759710930467 39.293512164691215 18.635658914728683 68.801229508196727 57.307060755336629 14.059797380775885
decision_type=2 2 2 2 2 2 2 2 2 2 2 2 2 2 2 2 2 2 2 2 2 2 2 2 2 2 2 2 2 2
left_child=1 2 4 6 11 -6 14 8 24 13 22 -1 16 -4 15 20 -9 -11 -19 -10 29 -22 26 -24 -3 27 -7 28 -5 -2
right_child=3 7 9 25 5 10 -8 12 19 17 -12 -13 -14 -15 -16 -17 -18 18 -20 -21 21 -23 23 -25 -26 -27 -28 -29 -30 -31
leaf_value=0.0067054253091919126 -0.047818748280318776 0.035498567590553108 -0.061428251700116669 0.077795854837492406 -0.096898044596024913 -0.042902905669946645 0.097963871512518702 -0.062186525448706231 -0.088075525657007797 0.0096306887938789523 -0.079997071935888286 -0.065551436637822216 -0.11308317149113328 0.090419940241496355 -0.078394149741014774 0.12764417373984036 0.086081891817120698 -0.092239158155340936 0.016299886752158505 -0.012630384352786525 -0.0450418696675709 0.037346849425784555 -0.059101706009189903 0.048143712926194911 0.12129692276494562 0.11665803683404347 0.065252475609657468 0.10918498422186598 -0.03196463492277455 0.061108237688180966
leaf_weight=316.58072804659605 24.184377685189247 128.86239269375801 22.881440114229918 72.665802419185638 3230.2285069171339 34.462898150086403 269.63052697107196 17.73808902874589 128.90335395932198 118.69619923084974 255.75355656817555 172.55052000284195 13.841656900942324 103.00485489889979 36.773136220872402 36.265615597367287 291.9611047077924 119.79457581788301 46.429485481232405 100.73599846474826 106.16214122995734 91.02831356972456 156.34340887516737 41.32231019064784 54.851403713226318 1973.2821239084005 70.020475383847952 143.88130396604538 32.657332941889763 176.32382167503238
leaf_count=4218 158 641 499 445 139770 654 1613 278 3676 1472 7198 4078 146 720 607 170 1949 2042 615 2079 1054 582 3625 355 286 14190 997 991 177 975
internal_value=-0.00477733 -0.0602743 -0.0742422 0.0968373 -0.0810824 -0.0891264 0.0491601 0.0285881 -0.00338168 -0.0030226 -0.0441293 -0.0187846 0.0694325 0.0628196 0.0212062 0.0296461 0.0775898 -0.0321136 -0.0619222 -0.05498 0.0207098 -0.00700906 -0.013769 -0.0366819 0.0611154 0.11272 0.0295784 0.081535 0.0437626 0.04797
internal_weight=8387.82 5424.96 4688.07 2962.85 4277.26 3788.13 740.368 736.894 413.353 410.807 557.903 489.131 323.541 125.886 470.737 433.964 309.699 284.92 166.224 229.639 397.699 197.19 302.149 197.666 183.714 2222.49 104.483 249.204 105.323 200.508
internal_count=196260 175298 166243 20962 160895 152599 5159 9055 6682 5348 12829 8296 2373 1219 3546 2939 2227 4129 2657 5755 2769 1636 5631 3980 927 15803 1651 1613 622 1133
is_linear=0
shrinkage=0.1


Tree=17
num_leaves=31
num_cat=0
split_feature=5 1 6 5 4 0 0 5 4 7 6 7 3 3 3 2 6 8 3 0 8 3 3 4 6 5 5 8 2 1
split_gain=4117.76 606.168 225.172 187.52 184.401 129.273 95.0638 90.9482 106.977 79.7636 72.4101 46.2074 37.7155 37.0688 36.0966 49.2978 35.8943 35.2348 31.6324 30.7976 29.6435 28.8686 28.3667 27.9652 27.1104 29.4265 36.4034 24.9086 24.8651 24.3577
threshold=36.077899667200796 86.319073083778974 1.0000000180025095e-35 31.074521123064816 1.0000000180025095e-35 90.070422535211279 85.02873563218391 27.292751301561875 1.0000000180025095e-35 4.5000000000000009 1.0000000180025095e-35 1.5000000000000002 93.643953676272574 46.709956709956721 48.331479421579537 72.48188405797103 1.0000000180025095e-35 2.5000000000000004 41.060765718299969 59.122919334186939 21.500000000000004 38.757823784304293 78.830559112249261 20.297211800191281 1.0000000180025095e-35 13.490039291376577 22.650803978064882 14.500000000000002 90.595518867924554 50.373134328358212
decision_type=2 2 2 2 2 2 2 2 2 2 2 2 2 2 2 2 2 2 2 2 2 2 2 2 2 2 2 2 2 2
left_child=1 3 6 4 11 7 12 8 -3 14 28 22 13 -2 19 -16 -9 -15 -13 23 -4 -11 29 -5 25 -7 -27 -12 -6 -1
right_child=2 5 20 9 10 24 -8 16 -10 21 27 18 -14 17 15 -17 -18 -19 -20 -21 -22 -23 -24 -25 -26 26 -28 -29 -30 -31
leaf_value=0.048490897357187535 0.043512384799062026 0.025986180969391749 0.11173033308720173 0.29104228116550507 -0.096359495112235141 0.10423595229029831 0.11080736129096191 0.011461670862331569 -0.080267420288479691 -0.019087267053372148 0.002308747735995007 -0.01011365340823351 0.095687220887749155 0.050486443821507888 -0.060392233113984888 0.049395410715690785 0.093372588846214577 -0.034400149735219029 -0.073907460409558159 0.37862563251915776 0.028829309769935935 -0.091868781093049759 0.14525121151539197 0.033082251450445521 0.12388109773522471 -0.082642557863917443 0.049191069087895584 -0.066948934242612529 0.031230687953280031 -0.048913151330469223
leaf_weight=64.250911504030228 241.37797743454576 152.33043405786157 2015.0915637463331 4.3288053609430781 2914.2560992222279 73.148279059678316 169.25335849076509 175.40257211774588 250.69840898178518 85.62124851718545 97.102560628205538 151.3576273303479 66.837209820747375 66.943528905510902 110.90848304331303 64.793783167377114 76.976902436465025 181.39999347552657 159.78093173913658 2.7453070804476729 44.076423048973083 149.92894702032208 18.000938273966312 144.09717417508364 69.653072092682123 25.250906178727746 122.84276167862117 111.62513152882457 15.354548223316668 42.758790601044893
leaf_count=493 1457 888 15572 48 137999 398 1107 2448 9668 1606 1614 2339 351 454 2109 623 472 1790 4313 29 231 3747 121 1629 434 276 687 2533 149 675
internal_value=-0.00466092 -0.0582079 0.0930743 -0.0747238 -0.083169 0.0139943 0.0451804 -0.0106292 -0.0401074 -0.0210503 -0.0916363 -0.0222424 0.0252228 0.0156058 0.0109182 -0.0199058 0.0364449 -0.0115181 -0.0428741 0.0467441 0.109956 -0.0654131 0.0291077 0.0406056 0.069473 0.0523438 0.0267126 -0.0347295 -0.0956908 0.00957032
internal_weight=7868.19 5083.21 2784.98 4136.91 3574.49 946.303 725.812 655.408 403.029 562.424 3138.34 436.149 556.559 489.721 326.874 175.702 252.379 248.344 311.139 151.171 2059.17 235.55 125.011 148.426 290.895 221.242 148.094 208.728 2929.61 107.01
internal_count=196260 175298 20962 160027 150236 15271 5159 13476 10556 9791 142295 7941 4052 3701 4438 2732 2920 2244 6652 1706 15803 5353 1289 1677 1795 1361 963 4147 138148 1168
is_linear=0
shrinkage=0.1


Tree=18
num_leaves=31
num_cat=0
split_feature=5 2 6 5 4 3 2 1 1 2 3 6 8 7 5 5 7 7 6 4 5 2 8 7 6 3 0 1 3 3
split_gain=3582.41 551.561 225.187 197.793 210.024 143.865 88.9066 66.2156 74.1767 52.4203 47.3502 46.871 40.2131 39.361 34.8514 31.0631 30.8893 29.6341 29.525 31.6614 35.8934 27.1778 26.3244 25.4219 24.9362 24.4753 24.1135 28.6971 24.1935 22.8489
threshold=36.077899667200796 75.513626834381569 1.0000000180025095e-35 29.764673311184939 1.0000000180025095e-35 94.791101465002725 85.215543412264751 44.610281923714766 87.026647966339425 86.899313501144192 19.399641577060937 1.0000000180025095e-35 20.500000000000004 1.0000000180025095e-35 50.862325304787397 39.293512164691215 5.5000000000000009 1.5000000000000002 1.0000000180025095e-35 18.142633228840126 26.695402298850578 80.217391304347842 13.500000000000002 1.0000000180025095e-35 1.0000000180025095e-35 94.360822556709792 87.585616438356183 43.288288288288292 80.874970117140819 42.330316742081457
decision_type=2 2 2 2 2 2 2 2 2 2 2 2 2 2 2 2 2 2 2 2 2 2 2 2 2 2 2 2 2 2
left_child=1 3 6 4 16 9 12 10 -9 13 -5 -6 14 -3 23 21 26 -12 19 -7 -21 22 -4 -2 -11 -25 27 -1 -29 -13
right_child=2 5 15 7 11 18 -8 8 -10 24 17 29 -14 -15 -16 -17 -18 -19 -20 20 -22 -23 -24 25 -26 -27 -28 28 -30 -31
leaf_value=0.027093908161622823 0.074494795257336419 0.04062136827975929 0.064246787405875819 -0.030142509380744566 -0.096895018874053329 0.094592838499547166 0.10588249185664467 -0.065504673198796104 0.040575923942112693 0.0072547351847981958 0.11129999460361917 0.0060874516489490115 -0.073934984239463958 -0.051558022419053495 0.11758992122399547 0.11200403678084608 -0.05159674519308767 0.01661535608531356 0.11918213134193807 -0.039998501898235707 0.056569266473684876 0.11085831946376541 -0.050435387153751558 0.002530599829744603 0.097438428761709286 0.081213483958228971 0.16345866301519993 -0.056782422851709272 0.079020973861120156 -0.070787413038203503
leaf_weight=139.3982986100018 76.864663131535053 54.247633261606097 96.031035609543324 118.79443327151239 2552.7957342751324 98.811015652492642 164.84289534389973 387.13397945091128 79.443407315760851 121.62526735849679 56.91253006272018 61.988357618451118 40.372733291238546 317.11010298132896 41.48650935292244 1684.8886102586985 181.39678725227714 78.851430052891374 78.606566995382309 58.553905196487904 112.32981435209513 99.477437064051628 25.285815127193928 344.46478126570582 40.994273290038109 44.659133717417717 8.9251674562692624 104.35567464306951 15.004462845623491 102.74915155023336
leaf_count=1252 372 1065 670 2421 133832 599 1131 10530 728 1258 480 1204 681 8947 210 14190 4143 1341 514 806 646 798 145 2531 261 234 44 2416 161 2650
internal_value=-0.00453651 -0.0561268 0.0894481 -0.0723258 -0.0830897 0.0152542 0.0414935 -0.0250603 -0.0474425 -0.0173588 0.0159639 -0.0935588 0.0221194 -0.0380925 0.0297611 0.107382 -0.0197373 0.0563074 0.0652529 0.0495344 0.02348 0.0721137 0.0403438 0.0219418 0.0299889 0.0115609 0.00185234 -0.00372183 -0.0397109 -0.0418605
internal_weight=7388.4 4770.03 2618.37 3887.75 3166.61 882.279 712.691 721.136 466.577 533.977 254.558 2717.53 547.848 371.358 507.475 1905.68 449.08 135.764 348.301 269.695 170.884 220.794 121.317 465.989 162.62 389.124 267.684 258.758 119.36 164.738
internal_count=196260 175298 20962 161202 145702 14096 5159 15500 11258 11531 4242 137686 4028 10012 3347 15803 8016 1821 2565 2051 1452 1613 815 3137 1519 2765 3873 3829 2577 3854
is_linear=0
shrinkage=0.1


Tree=19
num_leaves=31
num_cat=0
split_feature=5 6 4 6 0 2 5 1 2 3 7 8 3 3 1 1 5 8 3 5 5 4 1 5 0 4 7 7 1 8
split_gain=3126.76 485.482 357.025 178.405 141.801 100.136 81.5809 75.0922 73.7377 61.594 56.2391 54.3241 44.0947 46.0037 42.4921 39.5187 39.2333 38.0333 37.1641 34.6105 32.6078 32.5774 32.1338 29.9581 26.6062 26.4585 26.1728 25.5464 25.1642 24.4657
threshold=31.601439496176344 1.0000000180025095e-35 1.0000000180025095e-35 1.0000000180025095e-35 69.614069369809485 82.426470588235304 39.293512164691215 41.763565891472872 68.614072494669514 93.908472479901064 4.5000000000000009 15.500000000000002 94.791101465002725 60.660173160173166 51.355311355311358 21.114551083591333 27.292751301561875 47.500000000000007 95.024752475247539 40.074349442379194 23.887201162329948 27.506613756613763 91.010101010101025 37.651981294609904 15.301003344481609 37.939876215738288 1.0000000180025095e-35 1.0000000180025095e-35 76.833631484794282 17.500000000000004
decision_type=2 2 2 2 2 2 2 2 2 2 2 2 2 2 2 2 2 2 2 2 2 2 2 2 2 2 2 2 2 2
left_child=2 4 8 5 7 16 9 15 14 10 29 21 13 -6 24 -2 -4 -10 -19 27 -7 -5 26 -9 -1 -12 -18 -15 -16 -3
right_child=1 6 3 11 12 20 -8 23 17 -11 25 -13 -14 19 28 -17 22 18 -20 -21 -22 -23 -24 -25 -26 -27 -28 -29 -30 -31
leaf_value=-0.068901675255845549 -0.028986394522597186 0.081165782565242525 -0.098174194813538895 -0.008855008386265838 0.24513772276649304 -0.074576474352158292 0.1099516026967584 -0.062201597274891662 0.084963130603837117 0.11785051472845279 -0.046554191421185331 -0.053866262120851438 0.099538508587616106 0.073337281439806876 -0.0878563016772793 0.048927566127981631 0.012255988632413437 -0.024063227876390907 0.11332982569622913 0.080699884545542569 0.0041247540908972312 0.081290960558126998 0.021151739589928258 -0.0070780798359487002 0.022011975230241714 0.088238306821220192 -0.080870675606237952 -0.01990077706411586 -0.0075433166446842309 -0.019309685531803136
leaf_weight=39.266196817159653 91.07556233741343 172.82249218970537 2142.623589489609 82.849104844033718 10.077882044017313 81.255647448822856 1551.551219150424 227.16146236285567 124.35470676794648 132.88906165212393 85.839975293725729 121.49706209637225 185.53801717236638 37.997213084250689 115.09397105500102 228.2379702180624 32.439387543126941 91.580250825732946 25.079079478979111 81.410338383167982 149.51614477299154 77.673243518918753 38.090068463236094 174.19539470598102 178.63075385987759 17.53757980465889 433.07752882502973 129.66988172195852 59.018779873847961 28.187384739518166
leaf_count=776 1101 1133 123592 1594 69 2063 14190 5575 869 1076 472 2788 1235 251 3509 1921 1210 850 142 526 1788 588 735 1420 2087 113 22139 1311 990 147
internal_value=-0.00439577 0.0691682 -0.0655857 -0.0793212 0.0179162 -0.0867616 0.0991996 -0.00948506 0.00295982 0.061049 0.0362507 -0.00341852 0.0623228 0.0356788 -0.0238015 0.0267047 -0.092271 0.0464872 0.00547313 0.0272039 -0.0235863 0.0347646 -0.0671556 -0.0382771 0.00562885 -0.0236872 -0.0743812 0.00122911 -0.0606327 0.0670762
internal_weight=6946.24 3154.19 3792.05 3159.02 1165.36 2877 1988.83 720.67 633.024 437.276 304.387 282.019 444.693 259.155 392.01 319.314 2646.23 241.014 116.659 249.077 230.772 160.522 503.607 401.357 217.897 103.378 465.517 167.667 174.113 201.01
internal_count=196260 30540 165720 156497 13409 151527 17131 10017 9223 2941 1865 4970 3392 2157 7362 3022 147676 1861 992 2088 3851 2182 24084 6995 2863 585 23349 1562 4499 1280
is_linear=0
shrinkage=0.1


Tree=20
num_leaves=31
num_cat=0
split_feature=5 1 6 5 4 6 7 0 0 6 3 0 7 3 2 5 0 8 8 0 3 4 5 3 3 4 0 7 6 2
split_gain=2717.7 452.907 216.382 168.169 184.413 86.6517 85.7371 76.3097 66.8207 53.2023 42.7122 59.2746 37.5413 33.6787 40.861 32.4818 31.3396 30.4537 30.3858 25.944 25.5954 25.5928 40.4955 37.239 22.5961 22.5812 22.201 20.9634 20.1507 19.8422
threshold=36.077899667200796 86.319073083778974 1.0000000180025095e-35 29.764673311184939 1.0000000180025095e-35 1.0000000180025095e-35 4.5000000000000009 85.02873563218391 91.010101010101025 1.0000000180025095e-35 95.2934662236988 61.451048951048961 5.5000000000000009 48.331479421579537 72.48188405797103 39.293512164691215 59.122919334186939 26.500000000000004 1.5000000000000002 68.801229508196727 65.261756876663725 1.0000000180025095e-35 27.698967698967703 89.38673341677098 38.757823784304293 55.453864714202524 99.523809523809533 1.0000000180025095e-35 1.0000000180025095e-35 90.595518867924554
decision_type=2 2 2 2 2 2 2 2 2 2 2 2 2 2 2 2 2 2 2 2 2 2 2 2 2 2 2 2 2 2
left_child=1 3 7 4 12 8 13 18 10 29 21 -12 -1 16 -15 19 28 -7 -2 20 -4 23 -23 -3 -8 27 -10 -20 -5 -6
right_child=2 5 15 6 9 17 24 -9 26 -11 11 -13 -14 14 -16 -17 -18 -19 25 -21 -22 22 -24 -25 -26 -27 -28 -29 -30 -31
leaf_value=0.0036742047146562937 0.064504019427467252 0.059680610712988413 0.057657131476252094 0.010540872162428829 -0.095783267798261962 0.096529163987712482 -0.029358115036534873 0.1014019256668392 0.06932688300832332 -0.036376219880428544 -0.097668056552258783 0.048490115314791589 -0.060679426421020602 -0.054546099184764441 0.038809794026412242 0.10806907713262236 0.35214967630317667 -0.057079376943006702 0.053665134926730154 0.098001060590223898 -0.062214216205024944 -0.08972655621064704 -0.0086342911425431566 -0.066595510206067438 -0.087378073775170095 0.15057018892613933 -0.013882602689758243 -0.006995948752237878 0.08337114506247667 0.024763500731545041
leaf_weight=272.30869524367154 114.5737983584404 53.205857865512371 66.445971697568893 124.48564265668392 2105.0360432099551 135.6337478812784 108.32074183598161 140.64463111758232 140.94007018767297 166.99803885444999 34.425188070163131 143.04293827526271 135.88338904455304 130.23775482922792 73.255178326740861 1427.107524625957 3.1259537599980822 14.263854058459399 68.04147569835186 108.30855564773083 24.336931012570858 150.74101694859564 104.11432375572622 41.623554974794388 176.493053721264 10.614599615335463 41.508084855973721 350.09070987999439 54.67512197047472 13.743763886392115
leaf_count=3987 681 394 476 2263 132525 1117 2605 1107 898 3919 1068 1573 3954 3424 859 14190 42 216 361 991 146 7892 1632 229 6021 54 252 2956 286 142
internal_value=-0.00426395 -0.0519575 0.0829422 -0.0685075 -0.0796618 0.0128285 -0.0236974 0.0357512 -0.00176492 -0.0907182 -0.0198179 0.0201384 -0.0177485 0.00702571 -0.020939 0.10279 0.0382437 0.0819122 0.0187568 0.0649517 0.0255222 -0.0400961 -0.0565985 0.00425413 -0.0653118 0.00653178 0.0503962 0.00287526 0.0327667 -0.0950013
internal_weight=6534.23 4224.06 2310.16 3364.56 2693.97 859.499 670.593 683.965 709.601 2285.78 527.153 177.468 408.192 385.78 203.493 1626.2 182.287 149.898 543.321 199.091 90.7829 349.685 254.855 94.8294 284.814 428.747 182.448 418.132 179.161 2118.78
internal_count=196260 175298 20962 160027 144527 15271 15500 5159 13938 136586 12788 2641 7941 6874 4283 15803 2591 1333 4052 1613 622 10147 9524 623 8626 3371 1150 3317 2549 132667
is_linear=0
shrinkage=0.1


Tree=21
num_leaves=31
num_cat=0
split_feature=5 6 4 6 0 2 5 3 2 8 5 5 7 7 1 1 7 7 8 4 4 5 1 0 2 1 3 1 0 4
split_gain=2365.52 423.746 309.457 161.042 113.239 95.0592 81.3872 56.9064 55.8174 54.0732 47.4662 43.2151 42.8813 40.0799 39.179 32.8295 40.1133 29.8271 29.0617 29.016 27.8164 27.2566 26.8291 26.3835 25.7504 25.3327 25.1067 23.6279 20.8913 20.7681
threshold=31.601439496176344 1.0000000180025095e-35 1.0000000180025095e-35 1.0000000180025095e-35 85.867895545314909 82.426470588235304 39.293512164691215 93.908472479901064 68.108487257423448 16.500000000000004 24.897713799034751 27.292751301561875 4.5000000000000009 1.0000000180025095e-35 51.355311355311358 92.637759710930467 5.5000000000000009 1.0000000180025095e-35 62.500000000000007 18.878406708595389 20.524267399267409 23.887201162329948 84.889995848899972 56.048780487804891 37.590579710144937 86.319073083778974 96.58094681472825 23.013871374527117 88.548009367681502 37.939876215738288
decision_type=2 2 2 2 2 2 2 2 2 2 2 2 2 2 2 2 2 2 2 2 2 2 2 2 2 2 2 2 2 2
left_child=2 4 8 5 9 11 7 12 14 13 -5 -4 -3 -2 27 16 19 -13 -10 -15 24 -7 -22 -17 -12 -19 -20 -1 -16 -14
right_child=1 6 3 10 -6 21 -8 -9 18 -11 20 17 29 15 28 23 -18 25 26 -21 22 -23 -24 -25 -26 -27 -28 -29 -30 -31
leaf_value=-0.04339473042240366 0.059605039241642059 0.059532096916716654 -0.097119588189529343 -0.059170780171353771 0.085450374813522467 -0.071093316111795674 0.10632448113213873 0.1144705459460236 0.067546061194831905 -0.06043520804035496 0.53023521769122373 0.027737617010956658 -0.041247420586225221 0.42815674520720615 -0.065046944037376139 -0.12067646764592131 -0.041762747712604784 -0.079282331253644922 -0.028919671323354934 0.01033182194338236 -0.0067344978028306196 0.0032903826856914503 0.078747732824095695 0.074699929016404487 0.096189711861845037 -0.0050015931726161283 0.11346112648289981 0.028536689259220357 0.15648844442261722 0.082108399875281138
leaf_weight=65.724758800119162 136.84596493467689 187.21410559117794 1778.8954102955759 96.211338898167014 190.39492540806532 73.881240300834179 1311.4081113710999 114.8080972880125 149.94154316745698 124.82953323237598 2.007715515792369 34.043030651286244 84.601231724023819 1.6698039770126332 154.09597128257155 7.5734918043017379 222.09912274964154 355.54210153687745 73.180237388238311 358.6627692785114 114.97583464719355 147.83647080138326 53.941345646977425 79.102768689393997 4.2818681877106428 52.720299270004034 14.907654907554386 149.62367864698172 4.3776895403861991 16.273597620427608
leaf_count=1218 850 1280 123592 2721 1417 2063 14190 1076 1141 2527 32 1229 472 32 4406 51 4060 21427 701 4031 1708 1788 444 441 65 1428 89 1645 23 113
internal_value=-0.00412373 0.0629843 -0.0613315 -0.0758131 0.0151823 -0.0839321 0.0942474 0.0549371 0.00291295 0.000808724 -0.00273752 -0.0901644 0.0312121 0.0102944 -0.0211886 0.000209439 -0.00833556 -0.0621915 0.0407641 0.012268 0.0282517 -0.0214959 0.0205631 0.0576286 0.234743 -0.0696902 -0.00482369 0.00658308 -0.0589272 -0.0213471
internal_weight=6161.67 2835.48 3326.19 2714.34 1121.18 2442.92 1714.31 402.897 611.852 930.783 271.418 2221.2 288.089 805.954 373.822 669.108 582.432 442.305 238.029 360.333 175.207 221.718 168.917 86.6763 6.28958 408.262 88.0879 215.348 158.474 100.875
internal_count=196260 30540 165720 156497 13409 151527 17131 2941 9223 11992 4970 147676 1865 9465 7292 8615 8123 24084 1931 4063 2249 3851 2152 492 97 22855 790 2863 4429 585
is_linear=0
shrinkage=0.1


Tree=22
num_leaves=31
num_cat=0
split_feature=5 0 6 5 4 3 3 3 0 6 7 0 7 3 2 7 8 6 1 2 1 3 8 5 0 3 2 1 5 5
split_gain=2069.47 386.697 170.169 168.843 171.893 106.025 70.9352 68.5145 55.7719 53.0895 42.291 38.9126 34.2215 33.0241 32.893 30.3541 29.7102 28.5304 24.5463 25.5125 23.9063 23.1874 23.0068 21.0372 19.3358 18.9507 26.4251 20.2631 18.3734 17.3219
threshold=36.856806821523087 73.205084163517711 1.0000000180025095e-35 29.764673311184939 1.0000000180025095e-35 94.791101465002725 42.947558770343583 94.570024570024586 90.070422535211279 1.0000000180025095e-35 1.0000000180025095e-35 55.488621151271765 1.0000000180025095e-35 47.673160173160177 65.599385245901658 2.5000000000000004 21.500000000000004 1.0000000180025095e-35 44.610281923714766 61.62029459901801 96.362433862433889 14.870093974571583 12.500000000000002 23.819655521783186 17.433516251582951 42.330316742081457 25.844402277039851 37.590579710144937 43.379868681073511 26.070298184241214
decision_type=2 2 2 2 2 2 2 2 2 2 2 2 2 2 2 2 2 2 2 2 2 2 2 2 2 2 2 2 2 2
left_child=1 3 7 4 18 8 11 15 10 -6 29 12 -5 -12 -8 -2 -4 22 21 -20 -15 -1 23 -7 -14 26 -11 -28 -18 -3
right_child=2 5 16 6 9 17 14 -9 -10 25 13 -13 24 20 -16 -17 28 -19 19 -21 -22 -23 -24 -25 -26 -27 27 -29 -30 -31
leaf_value=-0.065438930628325079 0.046706791240296419 -0.0093287301541700486 0.10262429016850971 0.079677050975303976 -0.094176935329275166 -0.077799855236022578 -0.067974379134163543 0.10344446431473875 0.05744813130993548 -0.022439895102994482 0.42468116431334235 0.30440645367886621 -0.044473807121468686 -0.04675212667790328 -0.0034667128305921387 -0.0039703301624308407 -0.06569460251599156 0.11263342021908174 -0.069235827998500601 0.0075265913879107573 0.098842061911005641 0.023859575018009935 0.074013648793404788 0.030283675042790809 0.014463087629650607 -0.060755026063224707 0.30021811944974391 0.039073550159061145 0.085371212990076495 0.079997730777129641
leaf_weight=35.307227604091167 216.62784826755524 42.861485450528562 1305.8434122353792 58.230811642482877 1737.2165010534227 21.431213918142021 272.30710597522557 120.53730146586895 91.544158106669784 46.081504382193089 1.5179023873060931 4.5773858577013007 84.158925041556358 397.48310738243163 111.37699889671057 260.11218545213342 17.071271672844887 71.935924410820007 122.54304263927042 66.952516095712781 11.607118928804992 164.81317097693682 114.71643821336329 112.74508450273424 164.41774904448539 89.080928392708302 4.8958622328937036 7.5584846697747707 15.237330682575701 43.988147972151637
leaf_count=709 1355 1187 15206 425 130505 404 8537 994 709 987 41 55 1931 13347 1912 2140 94 627 3970 1255 137 1711 839 817 3012 2483 75 141 118 537
internal_value=-0.0039901 -0.0461279 0.0804704 -0.063604 -0.0767857 0.0109106 -0.0204697 0.0360874 -0.0142837 -0.0892847 -0.0274841 0.0149916 0.0106737 -0.0408937 -0.0492489 0.0190571 0.100281 0.0571643 -0.01632 -0.0421142 -0.0426212 0.00810465 0.0411325 0.0130201 -0.00549078 -0.0317106 0.0124898 0.141731 0.00555081 0.0359139
internal_weight=5814.78 3879.35 1935.43 2969.52 2274.45 909.831 695.069 597.277 589.002 1884.83 497.458 311.385 306.807 410.608 383.684 476.74 1338.15 320.829 389.616 189.496 409.09 200.12 248.893 134.176 248.577 147.617 58.5359 12.4543 32.3086 86.8496
internal_count=196260 176353 19907 157708 141836 18645 15872 4489 15958 134191 15249 5423 5368 13525 10449 3495 15418 2687 7645 5225 13484 2420 2060 1221 4943 3686 1203 216 212 1724
is_linear=0
shrinkage=0.1


Tree=23
num_leaves=31
num_cat=0
split_feature=5 2 5 4 6 3 3 2 1 0 6 7 6 4 5 8 8 6 8 8 6 5 0 3 1 1 1 8 1 2
split_gain=1791.28 346.849 174.398 185.94 170.376 76.9616 64.8343 62.5438 57.582 39.0902 36.7731 36.3843 33.9035 30.9595 36.8203 29.9874 28.8813 28.3542 26.1881 23.9791 23.952 21.7815 21.7477 20.1015 27.7739 20.5743 19.7054 19.6615 19.4893 32.9118
threshold=36.856806821523087 74.388789505068601 28.893113645965361 1.0000000180025095e-35 1.0000000180025095e-35 94.791101465002725 48.050632911392412 85.215543412264751 87.026647966339425 59.122919334186939 1.0000000180025095e-35 1.5000000000000002 1.0000000180025095e-35 1.0000000180025095e-35 23.887201162329948 21.500000000000004 18.500000000000004 1.0000000180025095e-35 1.5000000000000002 50.500000000000007 1.0000000180025095e-35 43.379868681073511 83.910792512943061 41.060765718299969 85.270009643201561 19.098277608915911 19.639987142397946 15.500000000000002 43.826219512195131 27.475490196078436
decision_type=2 2 2 2 2 2 2 2 2 2 2 2 2 2 2 2 2 2 2 2 2 2 2 2 2 2 2 2 2 2
left_child=1 2 3 23 7 10 9 18 -8 11 13 -4 -5 19 -15 -16 -6 -7 -2 -3 -13 -18 -10 25 -25 -1 -22 -12 29 -14
right_child=4 5 6 12 16 17 8 -9 22 -11 27 20 28 14 15 -17 21 -19 -20 -21 26 -23 -24 24 -26 -27 -28 -29 -30 -31
leaf_value=-0.071913777400921877 0.061031073747744725 0.075985244597910506 0.052529040423187415 -0.09480729136582515 0.10135521664341818 0.035108315761834062 -0.067095434888001182 0.098501036891108507 0.0015777663213696388 0.22832067944770129 0.072409739640737075 -0.035138320248533354 -0.017332016251355949 -0.092125240657082261 0.0020950225249581011 -0.090369540341772442 -0.049418787860667467 0.10708611255010539 0.0042501011668337734 -0.017813808155729419 -0.077109129780008848 0.091008678868311377 0.1324166274401338 -0.061407307669345948 0.023630299979237449 0.019200243738772476 0.059492972083407036 -0.021156290319557507 -0.070428384172320904 0.26314597759859243
leaf_weight=28.744044482707977 104.26166868582368 45.787088844925165 111.7744068345055 1532.9111892450601 1188.6785970181227 252.63196830078959 322.67111347988248 116.89268279820681 67.972734080627561 8.0160160437226278 69.554996062070131 181.75373885035515 40.975235436111689 96.66521081328392 165.24692896846682 44.524855212308466 22.657239750027657 69.864521946758032 367.64685310050845 67.334636926651001 12.992469273507593 21.552178286015987 15.624137010425327 140.28102696873248 52.887255351990461 179.84505232982337 56.408984672278166 33.168030448257923 80.880111077800393 4.6593640204519025
leaf_count=644 614 299 1408 127508 15058 2153 12151 1076 816 92 605 6192 957 6038 3912 1514 149 649 2799 506 76 211 102 4716 410 2154 331 476 2575 69
internal_value=-0.00384234 -0.0439599 -0.0607013 -0.0759224 0.0772691 0.0122903 -0.0203347 0.0330159 -0.0479329 0.00989149 -0.0114275 0.00506705 -0.0907009 -0.0245571 -0.0410616 -0.0175309 0.0984035 0.0507013 0.0167951 0.0201522 -0.0160555 0.0190399 0.0260314 -0.014881 -0.038125 0.00664453 0.03392 0.0421984 -0.0409466 0.0113052
internal_weight=5504.86 3683.18 2838.4 2061.18 1821.69 844.778 777.214 588.801 406.268 370.946 522.282 362.93 1659.43 419.559 306.437 209.772 1232.89 322.496 471.909 113.122 251.155 44.2094 83.5969 401.757 193.168 208.589 69.4015 102.723 126.515 45.6346
internal_count=196260 176353 160201 139033 19907 16152 21168 4489 13069 8099 13350 8007 131109 12269 11464 5426 15418 2802 3413 805 6599 360 918 7924 5126 2798 407 1081 3601 1026
is_linear=0
shrinkage=0.1


Tree=24
num_leaves=31
num_cat=0
split_feature=5 6 4 5 3 5 1 2 8 3 7 7 0 7 1 1 2 5 2 3 4 7 1 0 6 6 4 8 1 0
split_gain=1550.65 344.27 249.366 146.606 82.0355 80.9488 64.8594 63.0899 51.0599 50.4379 44.3702 40.19 39.3123 34.1013 33.6986 26.3979 29.3892 26.336 25.5094 25.1932 23.2424 23.0467 27.8545 21.3542 21.3392 20.7923 19.618 18.1115 15.7875 24.7721
threshold=31.601439496176344 1.0000000180025095e-35 1.0000000180025095e-35 27.292751301561875 94.791101465002725 39.293512164691215 84.680573663624514 82.807881773399018 14.500000000000002 93.908472479901064 1.5000000000000002 5.5000000000000009 90.070422535211279 4.5000000000000009 92.031746031746039 43.826219512195131 19.399641577060937 47.083130772970357 55.848153214774293 51.899951899951908 37.939876215738288 1.0000000180025095e-35 97.100840336134468 91.010101010101025 1.0000000180025095e-35 1.0000000180025095e-35 31.598297213622292 17.500000000000004 38.379705400982004 25.121359223300974
decision_type=2 2 2 2 2 2 2 2 2 2 2 2 2 2 2 2 2 2 2 2 2 2 2 2 2 2 2 2 2 2
left_child=2 4 12 7 8 9 10 24 11 13 15 17 21 27 19 16 -5 23 -6 -13 -10 -1 -23 28 -4 -12 -26 -3 29 -2
right_child=1 5 3 6 18 -7 -8 -9 20 -11 25 14 -14 -15 -16 -17 -18 -19 -20 -21 -22 22 -24 -25 26 -27 -28 -29 -30 -31
leaf_value=0.044160161827915954 0.013375335918544246 0.065730446180878158 -0.095412200200499578 -0.031472464071323709 -0.091503165280579613 0.10180948909084718 0.025941296159934041 -0.023413549733613648 -0.072821732877555209 0.11075893996161015 -0.078073570384304541 -0.0069096232709142495 0.082844560552386079 -0.023055874102527588 0.10402417955413944 -0.028680964352513379 0.1558267083230164 0.090465458609054528 0.082095209220169871 -0.079292310391520668 0.031966579781259705 -0.022024948490569157 0.064329948401362677 0.10466974075699223 -0.056198613415792298 -0.011400954123927149 0.21724946347558327 -0.022752130603022027 -0.0025180778632724432 0.10138499657628473
leaf_weight=80.320921145379543 121.73401054553688 143.02556975930929 1359.5002455180511 13.94490818493068 8.9079248458147031 1019.0527222156525 165.15121714305133 147.61246358789504 121.48530740663409 91.117825895547867 260.49222125578672 109.28787776455283 56.214098878204823 96.117532160133123 18.05951614677906 58.883304967544973 20.983718904666603 54.739875674247742 170.09971666149795 85.865333398804069 25.632928539067507 403.91088764369488 41.158908516168594 26.334811680018902 106.49005429632962 57.011431276798248 2.6899225488305083 27.596934467554092 278.92661801166832 43.37782347202301
leaf_count=573 959 1133 123829 534 70 14190 2633 3092 2669 1076 18993 1677 396 585 104 2641 512 348 1379 2153 267 8034 220 197 3523 722 18 147 3337 249
internal_value=-0.00370171 0.0544236 -0.0548503 -0.0702906 0.0117142 0.0874411 -0.0269941 -0.0857328 -0.000768072 0.0465249 -0.0482487 0.00995128 0.00336251 0.0245826 -0.0266634 0.0121745 0.0810494 0.024818 0.0734565 -0.0387572 -0.0545641 -0.00514166 -0.0140391 0.0171783 -0.0919963 -0.0661017 -0.0494615 0.051419 0.0119894 0.036497
internal_weight=5215.73 2441.36 2774.36 2192.76 1064.45 1376.91 576.467 1616.29 885.444 357.858 411.316 738.326 581.605 266.74 213.213 93.8119 34.9286 525.113 179.008 195.153 147.118 525.391 445.07 470.373 1468.68 317.504 109.18 170.623 444.038 165.112
internal_count=196260 30540 165720 156497 13409 17131 26035 130462 11960 2941 23402 9024 9223 1865 3934 3687 1046 5090 1449 3830 2936 8827 8254 4742 127370 19715 3541 1280 4545 1208
is_linear=0
shrinkage=0.1


Tree=25
num_leaves=31
num_cat=0
split_feature=5 0 6 5 4 1 3 3 7 6 3 2 5 7 1 3 0 8 8 0 0 6 7 1 4 2 6 3 0 3
split_gain=1352.36 281.207 160.155 130.517 153.826 68.7635 59.7499 55.2405 49.5511 47.3672 30.8343 33.5202 29.575 37.4505 50.3651 29.6073 28.3122 24.7388 23.6334 23.2082 22.5584 22.1967 21.5441 20.325 18.3523 18.2468 17.5546 16.6511 16.119 19.0273
threshold=36.856806821523087 71.516754850088205 1.0000000180025095e-35 29.426694535682291 1.0000000180025095e-35 94.957627118644083 42.947558770343583 94.570024570024586 1.0000000180025095e-35 1.0000000180025095e-35 57.307060755336629 85.880398671096358 42.631272364150796 6.5000000000000009 83.438818565400865 60.120481927710848 17.433516251582951 13.500000000000002 2.5000000000000004 89.512961508248239 54.261501210653762 1.0000000180025095e-35 5.5000000000000009 42.488716956802065 51.676029962546814 63.686313686313689 1.0000000180025095e-35 42.330316742081457 85.867895545314909 46.265328874024533
decision_type=2 2 2 2 2 2 2 2 2 2 2 2 2 2 2 2 2 2 2 2 2 2 2 2 2 2 2 2 2 2
left_child=1 3 7 4 22 8 16 18 -3 -6 -10 19 13 -4 15 17 -5 -15 -2 -12 23 -7 -1 -18 28 -8 -13 -11 29 -20
right_child=2 5 12 6 9 21 25 -9 10 27 11 26 -14 14 -16 -17 20 -19 24 -21 -22 -23 -24 -25 -26 -27 -28 -29 -30 -31
leaf_value=0.005195650946922389 0.048346445041738607 0.043822167434590054 0.084793746776622519 -0.03422719757524649 -0.092502254067233947 0.032154643042661933 -0.064505283814712974 0.095650024786566368 0.22024788991422475 0.013258513911713319 -0.048924118851037403 -0.0014310567067446654 0.10503641285737622 0.027877277300540973 0.087847826378343291 -0.26229005256630977 0.041125082693707272 -0.24990415942637442 0.014772098261232477 0.090941490134043942 0.2325946737611497 0.098052856507284028 -0.044919481926595992 -0.037921368065157918 0.11574053472800544 -0.014849934271846364 0.098281978649304325 -0.060210953164700466 0.073097312485966168 -0.036718636531025146
leaf_weight=225.70222230255604 141.46594291552901 124.45646001119167 230.58685516566038 93.20337825641036 1283.2487192684785 244.48347806185484 230.54701328091323 101.48172201961279 4.9830787573009721 54.790929578244686 348.36906545329839 79.399956708773971 761.77483822405338 14.236493751406675 27.242512926459312 8.2949025034904462 174.9464759780094 4.137923836708068 137.68309812061489 12.281948498450218 5.4416393628343931 64.625233493745327 138.37062650918961 39.958213110454381 13.009413771331308 108.98806142434478 22.704539518803358 70.592896843329072 24.085314698517323 149.89952115342021
leaf_count=3518 894 2150 3180 2241 126534 2191 8786 994 143 1184 15297 932 11599 171 377 60 2491 31 854 119 70 651 4003 1176 81 2351 191 2325 203 1463
internal_value=-0.00355714 -0.0399943 0.071559 -0.0577153 -0.0717944 0.00770056 -0.0194997 0.0287904 -0.0122551 -0.0867703 -0.0271762 -0.0298406 0.0947618 0.0672504 -0.00778465 -0.105473 0.0119758 -0.0346792 0.0142347 -0.044161 0.0315191 0.045932 -0.0138513 0.0264276 -0.000628161 -0.0485663 0.0207417 -0.0281059 -0.00548554 -0.0120669
internal_weight=4940.99 3327.09 1613.9 2425.79 1772.71 901.304 653.085 567.625 592.195 1408.63 467.739 462.756 1046.27 284.499 53.9118 26.6693 313.55 18.3744 466.143 360.651 220.346 309.109 364.073 214.905 324.677 339.535 102.104 125.384 311.668 287.583
internal_count=196260 176353 19907 154679 137564 21674 17115 4489 18832 130043 16682 16539 15418 3819 639 262 5978 202 3495 15416 3737 2842 7521 3667 2601 11137 1123 3509 2520 2317
is_linear=0
shrinkage=0.1


Tree=26
num_leaves=31
num_cat=0
split_feature=5 2 6 5 4 3 3 2 1 0 6 8 7 6 2 3 1 6 8 5 1 0 1 1 1 8 0 1 3 5
split_gain=1166.85 249.132 156.554 138.501 159.856 56.2721 52.4127 51.6707 41.2662 36.8917 32.3251 30.1648 29.5987 27.767 27.6764 33.7762 26.7113 26.1487 22.5735 24.2647 21.4716 34.154 20.696 23.6284 20.0413 19.4824 18.3154 18.1263 17.8417 17.3442
threshold=36.856806821523087 72.48188405797103 1.0000000180025095e-35 28.893113645965361 1.0000000180025095e-35 94.791101465002725 51.022110972048402 87.340132750526166 83.438818565400865 56.635220125786169 1.0000000180025095e-35 18.500000000000004 1.0000000180025095e-35 1.0000000180025095e-35 90.070422535211279 89.022757697456498 93.127066603684469 1.0000000180025095e-35 20.500000000000004 50.862325304787397 40.289855072463773 34.330357142857146 51.355311355311358 78.086890243902459 26.747967479674802 12.500000000000002 18.286311389759664 17.44565217391305 42.330316742081457 40.633355614973269
decision_type=2 2 2 2 2 2 2 2 2 2 2 2 2 2 2 2 2 2 2 2 2 2 2 2 2 2 2 2 2 2
left_child=1 3 7 4 22 12 9 18 -8 13 -6 29 -3 20 15 16 -14 25 19 -2 21 26 27 -24 -15 -7 -5 -1 -12 -4
right_child=2 5 11 6 10 17 8 -9 -10 -11 28 -13 14 24 -16 -17 -18 -19 -20 -21 -22 -23 23 -25 -26 -27 -28 -29 -30 -31
leaf_value=-0.09394615262415569 0.012537119891568617 0.03451714534133233 0.066541578139096835 -0.041217562653463734 -0.092773516171025361 0.0028241291477077847 -0.068861162507705381 0.098444197833667868 0.011502607062387022 0.16945608593613115 0.0084122738351267538 0.0068753331430665672 -0.021332346734405455 0.0012158740374152142 0.043681056042517312 -0.072089182093277845 0.089054260867837132 0.10149999481990386 -0.067863549409464929 0.099164358722274804 -0.065411115490642671 0.28412267827989746 -0.071505064488430414 0.006648529698108134 0.088634674526287732 0.05834037061247388 0.021796446684470491 0.015823299256519967 -0.072694130942656407 0.10290116862972748
leaf_weight=16.300620172172785 405.73881588503718 111.9591284673661 158.28547617793083 81.02353245485574 1146.7669646190479 139.27413920219988 235.74709086958319 84.576514154672623 87.653198097832501 13.609716453589497 49.656900508329272 38.980665564537048 209.64747794438154 52.212468676269054 53.95939458347857 138.5100814467296 24.480851355008781 59.785484604537487 31.748893922194839 35.134452618658543 65.379295094870031 4.1663599861785761 96.637688420712948 64.506533710286021 52.689889039844275 115.74622070603073 107.09150471631438 195.04467898607254 59.76606966368854 766.54514184966683
leaf_count=405 2739 1897 2221 2808 125108 1355 10593 953 1349 201 1138 360 9578 315 468 4078 309 662 572 225 2961 51 3868 1026 323 969 2121 2458 2312 12837
internal_value=-0.00339106 -0.0378324 0.0686526 -0.0547736 -0.0707585 0.0083886 -0.0175591 0.026458 -0.0470797 0.00782016 -0.0878183 0.0930462 -0.0112443 0.00175275 -0.0232543 -0.0329468 -0.00979014 0.0419758 0.0135759 0.0194407 -0.0159052 0.000927698 -0.0132254 -0.0402199 0.0451242 0.0280213 -0.00534449 0.00735701 -0.0358875 0.0966782
internal_weight=4702.63 3181.62 1521.01 2328.25 1628.68 853.363 699.573 557.199 323.4 376.173 1256.19 963.811 538.557 362.563 426.598 372.638 234.128 314.806 472.622 440.873 257.661 192.281 372.49 161.144 104.902 255.02 188.115 211.345 109.423 924.831
internal_count=196260 176353 19907 157037 136315 19316 20722 4489 11942 8780 128558 15418 16330 8579 14433 13965 9887 2986 3536 2964 7941 4980 7757 4894 638 2324 4929 2863 3450 15058
is_linear=0
shrinkage=0.1


Tree=27
num_leaves=31
num_cat=0
split_feature=5 6 4 5 5 0 2 6 3 1 1 2 8 7 4 3 7 5 7 6 1 4 0 4 1 2 8 3 2 4
split_gain=1010.33 271.278 200.176 138.658 75.607 59.2657 49.7141 47.7811 43.7798 37.1819 35.7333 30.1954 27.0788 26.7278 26.1414 24.4659 22.9539 21.7863 24.0896 20.7206 20.2281 20.1963 19.9713 18.9292 18.6999 18.8601 18.0051 17.8637 20.7288 17.77
threshold=31.601439496176344 1.0000000180025095e-35 1.0000000180025095e-35 26.953438174529762 39.293512164691215 69.614069369809485 82.807881773399018 1.0000000180025095e-35 93.908472479901064 46.265328874024526 85.145784081954318 68.108487257423448 13.500000000000002 1.5000000000000002 16.701534170153419 41.060765718299969 1.5000000000000002 28.077640910787611 4.5000000000000009 1.0000000180025095e-35 21.114551083591333 39.577762923351166 56.294014084507047 42.43853630646084 43.288288288288292 30.068493150684937 38.500000000000007 63.686313686313689 84.409722222222243 31.598297213622292
decision_type=2 2 2 2 2 2 2 2 2 2 2 2 2 2 2 2 2 2 2 2 2 2 2 2 2 2 2 2 2 2
left_child=2 5 11 6 8 9 19 10 13 20 14 15 27 -3 17 -1 24 -5 -19 -4 -2 -14 -11 -24 25 -16 -13 -7 -29 -21
right_child=1 4 3 7 -6 12 -8 -9 -10 22 -12 26 21 -15 16 -17 -18 18 -20 29 -22 -23 23 -25 -26 -27 -28 28 -30 -31
leaf_value=0.0075143166040833658 -0.027333608223334069 0.06722213209419646 -0.094096948150143855 -0.10091850301970716 0.097678006598841335 0.1869051919454621 -0.02566401972899256 0.03239903331904824 0.10816328042599599 -0.057305717622276688 0.0048095608566655164 0.068056960438786243 -0.042157284322036727 -0.0023149068839351085 0.025529289252801526 -0.047250452290296917 -0.074214708569674798 0.99469681599365534 0.085431627166555654 -0.052402702853839349 0.029395220187199891 0.13146865144843731 -0.022986742041239707 0.070000120518601258 -0.046879645393889162 0.27436089703760508 0.009311984916429426 0.025408647417591659 0.07955001911760308 0.21106945510593456
leaf_weight=205.37049544602633 84.430422337725759 82.173252828419209 1015.48167944327 0.78499355167150398 787.70981641113758 9.8580987425520998 134.97472821548581 121.44805372320116 73.576707761734724 163.9118169574067 133.32343649491668 88.990762384608388 51.473952771164477 168.86515457555652 20.415722158737484 135.32936923950911 237.3553245421499 0.63818761054426409 0.53616490960121155 91.359733013436198 245.98317351099104 7.7019380070269099 130.44245554693043 26.307308863848448 44.472050914540887 3.58017798885703 126.11044196225703 155.78369273338467 129.5004961900413 2.6336613893508902
leaf_count=2798 1101 697 120238 89 14190 67 3000 1352 1076 3870 2562 723 685 1168 974 4494 21754 40 52 3407 2149 62 2751 146 2895 117 1208 1253 1325 17
internal_value=-0.00324465 0.0469143 -0.0482007 -0.0643433 0.0809414 0.00926805 -0.0829679 -0.023143 0.0403285 -0.00864274 -0.0384352 0.00428143 0.0421799 0.0204469 -0.0571678 -0.0142388 -0.0595005 0.306933 0.579561 -0.0899392 0.0148993 -0.0195593 -0.0329008 -0.00738076 -0.00849119 0.0626549 0.0336157 0.0545586 0.0499853 -0.0450203
internal_weight=4480.52 2117.72 2362.8 1807 1112.32 1005.39 1244.45 562.554 324.615 651.075 441.106 555.801 354.318 251.038 307.783 340.7 305.823 1.95935 1.17435 1109.48 330.414 59.1759 320.662 156.75 68.468 23.9959 215.101 295.142 285.284 93.9934
internal_count=196260 30540 165720 156497 17131 13409 126662 29835 2941 10017 28483 9223 3392 1865 25921 7292 25740 181 92 123662 3250 747 6767 2897 3986 1091 1931 2645 2578 3424
is_linear=0
shrinkage=0.1


Tree=28
num_leaves=31
num_cat=0
split_feature=5 2 5 4 6 6 3 1 3 1 0 6 8 6 7 8 3 2 7 7 0 8 4 8 5 8 1 3 0 8
split_gain=882.464 216.841 143.956 148.531 110.191 56.2154 46.5135 51.092 36.8554 36.2364 33.4454 32.5632 31.8989 23.6706 22.5281 19.6629 19.6559 22.4661 19.5917 18.4168 17.6581 17.2551 17.0466 26.8389 18.0135 17.3518 16.3205 16.2091 15.9633 15.792
threshold=38.812267775048817 72.48188405797103 28.893113645965361 1.0000000180025095e-35 1.0000000180025095e-35 1.0000000180025095e-35 51.022110972048402 83.438818565400865 95.024752475247539 82.272360999194206 59.122919334186939 1.0000000180025095e-35 18.500000000000004 1.0000000180025095e-35 1.0000000180025095e-35 1.0000000180025095e-35 51.668520578420477 68.783602150537646 13.500000000000002 5.5000000000000009 67.826876513317202 59.500000000000007 1.0000000180025095e-35 19.500000000000004 23.887201162329948 35.500000000000007 26.747967479674802 42.330316742081457 84.660633484162915 22.500000000000004
decision_type=2 2 2 2 2 2 2 2 2 2 2 2 2 2 2 2 2 2 2 2 2 2 2 2 2 2 2 2 2 2
left_child=1 2 3 18 9 8 10 -8 14 15 13 -5 20 19 -3 -2 -17 -18 -1 -4 -7 -14 25 24 -24 -16 -15 -13 -9 -6
right_child=4 5 6 11 29 12 7 28 -10 -11 -12 27 21 26 22 16 17 -19 -20 -21 -22 -23 23 -25 -26 -27 -28 -29 -30 -31
leaf_value=-0.0031289409294544125 0.088989301146532321 0.024230047563406111 0.0055382971262237859 -0.091010961322977382 0.097073504968192059 -0.020624955571918485 -0.064366313924279286 0.0024445024018865625 0.028344874014982081 0.072400625538932631 0.16267009215659159 0.0099865124818670076 -0.042379356093922294 0.0025732827287132968 0.086128522274500241 0.02272139136621857 -0.070856283798404932 0.030831829595060846 -0.077617384029304598 -0.045973704504592601 0.092150189199511054 0.1675000038642066 -0.083873416119463237 -0.09378629756222813 -0.0072614472453028907 -0.01744588538125556 0.074351748478390101 -0.069428090272104018 0.11282304775880106 0.0017793531024158508
leaf_weight=324.28803918883204 27.470719821751118 93.913944543339312 205.56124915834516 958.77066964237019 725.01959411799908 15.48251763358712 256.2632249398157 88.356106708757579 254.81482015457004 134.07522154971957 13.527975565753875 48.765190072357655 36.043565830215812 61.700923025608063 20.959316544234753 146.77768551930785 62.503415893763304 33.302399959415197 39.624238645657897 104.78598422091454 134.48185698874295 4.3948652204126111 38.831233614124358 76.329659211449325 146.39649417810142 70.856912117451429 65.098819192498922 54.342634867876768 15.383743464946745 17.817578010261059
leaf_count=6632 151 1721 4109 125108 14293 171 11140 1373 2366 1356 164 1138 528 418 160 824 593 237 1125 4337 1720 57 3509 5103 4228 644 464 2312 125 154
internal_value=-0.00310811 -0.0306128 -0.0472429 -0.0663735 0.0719259 0.0110593 -0.0135966 -0.0403971 -0.0020102 0.0299031 0.00781193 -0.0852683 0.0592525 0.00301968 -0.0193032 0.00880419 -0.000276163 -0.0355092 -0.0112395 -0.0118543 0.0805071 -0.0195696 -0.0308727 -0.0438857 -0.0233224 0.00619753 0.0394243 -0.0318687 0.0188127 0.0947878
internal_weight=4275.94 3128.97 2236.47 1425.79 1146.97 892.505 810.678 360.003 702.102 404.129 450.675 1061.88 190.403 437.147 447.288 270.054 242.584 95.8058 363.912 310.347 149.964 40.4384 353.374 261.557 185.228 91.8162 126.8 103.108 103.74 742.837
internal_count=196260 178652 158445 136315 17608 20207 22130 12638 17731 3161 9492 128558 2476 9328 15365 1805 1654 830 7757 8446 1891 585 13644 12840 7737 804 882 3450 1498 14447
is_linear=0
shrinkage=0.1


Tree=29
num_leaves=31
num_cat=0
split_feature=5 5 4 6 7 1 8 2 6 1 3 6 4 0 2 7 3 4 1 3 7 8 7 7 0 1 5 4 8 5
split_gain=764.691 205.113 243.104 95.5041 79.4789 64.68 57.2094 56.1667 45.1462 33.2415 29.4831 26.1951 26.0593 25.4768 20.451 19.7826 19.6894 18.4601 17.9037 17.7719 17.6486 17.5544 20.2686 16.1737 14.8761 14.6459 16.6287 18.4123 49.8495 22.3685
threshold=39.513565461669259 27.698967698967703 1.0000000180025095e-35 1.0000000180025095e-35 5.5000000000000009 92.403846153846175 23.500000000000004 82.807881773399018 1.0000000180025095e-35 82.272360999194206 42.330316742081457 1.0000000180025095e-35 19.369049310785851 92.637759710930467 87.762088147197275 16.500000000000004 85.880398671096358 35.82952290570271 97.100840336134468 94.791101465002725 1.0000000180025095e-35 25.500000000000004 4.5000000000000009 1.0000000180025095e-35 52.419984387197509 94.392033542976961 25.793850806451619 26.236926044062013 1.5000000000000002 26.477303250067155
decision_type=2 2 2 2 2 2 2 2 2 2 2 2 2 2 2 2 2 2 2 2 2 2 2 2 2 2 2 2 2 2
left_child=1 2 13 9 6 10 8 11 12 23 17 25 -3 15 -10 18 -7 -6 20 -14 -1 -5 -23 -2 -18 -4 -27 -28 -29 -30
right_child=3 4 7 21 5 16 -8 -9 14 -11 -12 -13 19 -15 -16 -17 24 -19 -20 -21 -22 22 -24 -25 -26 26 27 28 29 -31
leaf_value=0.038585039220627462 0.067702871439288811 0.15010483529401461 -0.09271438684346224 0.097916093823569375 -0.037107191472719195 0.14525968676945536 -0.062752895205720374 -0.019908208524387322 0.042921512611075359 0.075139599705948995 -0.078362604468647803 -0.036436762704437228 -0.00097101904517881354 0.087481561467277577 0.10609779378855505 -0.098302757943599217 -0.1110108990928842 0.052658005755268855 0.068142152181845786 0.048360457546279698 -0.012404106495373178 0.065766877109829341 -0.20965075982398301 -0.0020085946635633898 0.032774144388658728 -0.05886333439525035 -0.0077911414308654186 1.5719800421094436 0.78657137015298362 -0.027604202415528353
leaf_weight=83.076373651623726 40.001881957054138 12.910020219162105 884.5916546555236 637.50504265725613 115.30481332913041 14.529546755366026 80.986518727149814 150.55996406450868 199.97288140282035 115.19109810143709 204.35147127695382 98.537621980533004 486.35669117607176 34.305956348776817 68.891909912228584 20.288533107377589 7.9454230321571222 28.590067067183554 38.270393937826157 85.929764383472502 371.15449168626219 8.2879736647009832 3.9433635026216498 198.09520095400512 76.237982665188611 16.398913575336341 3.1209638239815822 0.29857251141220364 0.45039189048111428 1.3455760180950163
leaf_count=587 237 373 125518 13804 4670 124 2212 3191 1747 1225 10676 3677 13263 297 1128 601 147 355 243 629 7495 81 32 1313 764 1526 202 16 34 93
internal_value=-0.00296298 -0.0276284 -0.050863 0.0728857 0.000992748 -0.0336932 0.0175729 -0.0768675 0.0251898 0.0310391 -0.0539465 -0.0854028 0.00960566 0.00405087 0.0591093 -0.0015307 0.0377576 -0.019272 0.00245582 0.00643618 -0.00307847 0.0956393 -0.0230273 0.00970339 0.0192034 -0.0907272 -0.0093983 0.146133 0.375487 0.176574
internal_weight=4087.43 3084.41 1702.4 1003.02 1382.01 446.959 935.048 1155.3 854.061 353.288 348.246 1004.74 585.196 547.096 268.865 512.79 98.713 143.895 492.501 572.286 454.231 649.736 12.2313 238.097 84.1834 906.206 21.6144 5.2155 2.09454 1.79597
internal_count=196260 179568 143480 16692 36088 16736 19352 134257 17140 2775 15701 131066 14265 9223 2875 8926 1035 5025 8325 13892 8082 13917 113 1550 911 127389 1871 345 143 127
is_linear=0
shrinkage=0.1


Tree=30
num_leaves=31
num_cat=0
split_feature=5 5 4 6 0 3 2 8 6 3 3 1 2 6 0 8 1 7 0 8 1 5 1 8 7 8 4 4 4 1
split_gain=660.506 180.2 221.916 95.325 68.2296 70.2954 55.4481 48.213 33.1272 33.2499 31.0907 27.615 27.0296 26.6397 22.1869 19.2555 18.5421 17.345 16.6105 16.512 17.8421 20.792 15.0667 15.8276 19.0928 14.7538 14.3938 14.1955 13.7826 13.7664
threshold=39.513565461669259 27.698967698967703 1.0000000180025095e-35 1.0000000180025095e-35 68.020618556701052 42.947558770343583 82.807881773399018 23.500000000000004 1.0000000180025095e-35 62.418831168831176 93.643953676272574 26.747967479674802 91.545844394527279 1.0000000180025095e-35 92.637759710930467 3.5000000000000004 40.289855072463773 16.500000000000004 55.488621151271765 25.500000000000004 72.850122850122872 47.083130772970357 97.100840336134468 51.500000000000007 6.5000000000000009 16.500000000000004 24.663568885402213 25.405595018854694 18.878406708595389 94.392033542976961
decision_type=2 2 2 2 2 2 2 2 2 2 2 2 2 2 2 2 2 2 2 2 2 2 2 2 2 2 2 2 2 2
left_child=1 2 14 10 5 11 13 8 9 -6 15 25 28 29 17 -2 -13 22 -18 -5 21 -21 23 24 -1 -3 -8 -15 -7 -4
right_child=3 4 6 19 7 12 26 -9 -10 -11 -12 16 -14 27 -16 -17 18 -19 -20 20 -22 -23 -24 -25 -26 -27 -28 -29 -30 -31
leaf_value=0.029181250773335617 0.045417771209747403 -0.0020286443842433889 -0.09188079480443978 0.096768001434909101 0.2169360870721474 0.092894228914221472 -0.040728351167692939 -0.076176597248353961 0.074850160051462458 0.014172324879466716 0.093983014645916074 0.057110379763521971 0.10461192934245174 -0.060332877868614125 0.084213989790452207 -0.0070556707184414513 -0.020880587043213782 -0.095465713746327507 0.14229562312564772 -0.32581374439129451 0.086133539876536047 0.0691618362620781 0.063604459285431014 -0.024835148118111022 -0.032039034791957757 -0.067613107445574444 0.02478984156405915 0.022461158422933492 -0.055547682924398746 -0.011795182472068734
leaf_weight=193.76066806167364 119.85543020069599 191.93341822549701 807.31297514168546 583.33839226514101 8.3002837779931706 6.3637659111991516 97.407380495220423 40.171792938839644 161.26931283809245 315.33377523673698 59.913418002426624 141.03199709532782 11.207826793193815 64.971480111591518 32.184232413768768 167.89067340642214 65.130636244546622 18.875829005613923 6.89916843548417 3.09336870908737 6.9625018090009689 2.34168741106987 36.970246225595474 189.35298216342926 69.113301120698452 41.764265791513026 51.133338771760464 30.397423872724175 365.44810764910653 22.050316932145506
leaf_count=2960 729 4559 125518 13804 146 379 2382 936 2167 4650 789 2367 79 2805 297 1257 2317 601 91 21 67 25 243 3007 2115 1195 809 872 17202 1871
internal_value=-0.00283168 -0.025997 -0.0485745 0.0700577 0.000891115 -0.0169602 -0.0748863 0.0291016 0.0378234 0.0193726 0.0284469 0.00998965 -0.0483948 -0.083996 0.00369655 0.0148012 0.0360278 -0.00140389 -0.00525122 0.0943409 -0.0198589 -0.155639 0.00222552 -0.0027923 0.0130856 -0.0137493 -0.0181745 -0.0339435 -0.053007 -0.0897516
internal_weight=3911.78 2968.38 1613.53 943.395 1354.85 829.779 1073.27 525.075 484.903 323.634 347.66 446.759 383.02 924.732 540.257 287.746 213.062 508.073 72.0298 595.736 12.3976 5.43506 489.197 452.227 262.874 233.698 148.541 95.3689 371.812 829.363
internal_count=196260 179568 143480 16692 36088 28189 134257 7899 6963 4796 2775 10529 17660 131066 9223 1986 4775 8926 2408 13917 113 46 8325 8082 5075 5754 3191 3677 17581 127389
is_linear=0
shrinkage=0.1


Tree=31
num_leaves=31
num_cat=0
split_feature=5 5 4 6 7 2 1 8 6 2 6 3 2 0 8 4 3 1 2 0 3 2 0 8 7 4 1 5 1 5
split_gain=569.124 157.899 202.036 94.5921 61.9534 54.1548 52.58 41.5975 35.5106 29.1393 26.7567 24.5732 20.0216 19.3646 18.1787 22.9713 16.1302 16.5454 17.8986 15.9056 16.4151 32.1275 15.6021 15.4492 15.2399 14.8982 13.8744 13.6782 13.6364 13.5863
threshold=39.513565461669259 27.698967698967703 1.0000000180025095e-35 1.0000000180025095e-35 5.5000000000000009 82.807881773399018 92.403846153846175 23.500000000000004 1.0000000180025095e-35 74.646766169154233 1.0000000180025095e-35 42.330316742081457 87.762088147197275 93.127066603684469 3.5000000000000004 18.764671361502355 94.791101465002725 48.074074074074083 22.903981264637007 91.010101010101025 89.022757697456498 76.253132832080226 52.419984387197509 23.500000000000004 16.500000000000004 35.82952290570271 72.850122850122872 28.254728567919432 94.392033542976961 50.862325304787397
decision_type=2 2 2 2 2 2 2 2 2 2 2 2 2 2 2 2 2 2 2 2 2 2 2 2 2 2 2 2 2 2
left_child=1 2 13 9 7 10 11 8 14 29 28 25 -10 24 -3 -16 17 18 -17 20 21 -19 -8 -5 -1 -6 -25 -23 -4 -2
right_child=3 4 5 23 6 -7 22 -9 12 -11 -12 -13 -14 -15 15 16 -18 19 -20 -21 -22 27 -24 26 -26 -27 -28 -29 -30 -31
leaf_value=0.0021812161014448778 -0.0002514875424618163 -0.019172830731706461 -0.090986744385623888 0.095756790766363925 -0.034770583615134097 -0.01664825032852435 -0.10607362037853821 -0.055518498189466081 0.037709682627199322 0.073267359348550873 -0.03167392039143993 -0.073477854271610923 0.10421526394373118 0.084566376353169673 0.1930164867507996 0.0037028905122637097 0.064258560094998238 -0.031418296193200461 0.078521112639095877 0.081889165148604476 -0.082324168363874295 0.31595702458637648 0.045782805911453957 -0.11530023189129011 -0.092564370128566664 0.045569457244948992 0.085447377716063741 0.056240969816796153 -0.0107424862161048 0.074129235551679454
leaf_weight=488.96444769203663 220.51372830569744 170.00386314839125 737.30852408055216 532.5410605892539 112.41254141228274 146.35249934718013 7.3220658227801314 75.564773458521813 194.49594425037503 94.56495701149106 92.346195279620588 187.53810731694102 58.998346980661154 27.831121951341629 7.5090468470007172 73.701884275767952 60.12290133535862 118.40106324991211 56.475813272409141 17.607109766453505 32.417569503188133 2.1318455310538402 89.05368357617408 6.6556778848171216 17.587834821082652 29.045834036543965 7.1320329084992409 41.562095967121422 21.803568340372294 27.634753704071045
leaf_count=8345 1432 4279 125518 13788 4670 3191 151 2212 1747 1133 3677 10676 1128 277 176 1749 455 5615 896 115 365 82 884 55 601 355 74 533 1871 210
internal_value=-0.00268471 -0.024364 -0.0462663 0.0672162 0.000785495 -0.0728405 -0.0307131 0.0155256 0.021967 0.0260323 -0.082499 -0.049742 0.0531882 0.0033536 0.00831986 0.0197215 0.0164879 0.00809717 0.0361618 -0.00912604 -0.0173647 -0.00437333 0.0342456 0.093051 -0.00110841 -0.0182743 -0.0114586 0.0689126 -0.0886819 0.00803183
internal_weight=3755.6 2866.56 1532.19 889.042 1334.36 997.811 425.372 908.992 833.427 342.713 851.458 328.996 253.494 534.383 579.933 409.929 402.42 342.297 130.178 212.12 194.513 162.095 96.3757 546.329 506.552 141.458 13.7877 43.6939 759.112 248.148
internal_count=196260 179568 143480 16692 36088 134257 16736 19352 17140 2775 131066 15701 2875 9223 14265 9986 9810 9355 2645 6710 6595 6230 1035 13917 8946 5025 129 615 127389 1642
is_linear=0
shrinkage=0.1


Tree=32
num_leaves=31
num_cat=0
split_feature=5 2 1 6 1 2 6 7 5 0 3 4 4 3 3 0 4 5 8 1 4 8 2 3 4 4 4 8 5 4
split_gain=489.539 138.806 108.204 93.0906 78.9461 67.8474 40.3688 35.9639 34.664 31.1232 27.1969 21.4224 20.0163 20.0088 19.4279 35.5166 19.1624 43.869 24.9317 17.9995 16.3157 15.8761 15.5993 26.4361 15.4142 14.8328 14.6839 14.6835 13.8142 27.9965
threshold=39.513565461669259 72.48188405797103 43.826219512195131 1.0000000180025095e-35 84.889995848899972 19.399641577060937 1.0000000180025095e-35 1.0000000180025095e-35 29.647350699982287 87.226107226107246 93.643953676272574 30.697411846447807 29.64735069998228 95.2934662236988 57.307060755336629 56.635220125786169 18.142633228840126 23.887201162329948 21.500000000000004 29.67967967967968 33.396704689480366 3.5000000000000004 87.762088147197275 88.047619047619065 13.370577281191805 1.0000000180025095e-35 1.0000000180025095e-35 23.500000000000004 25.559732664995824 20.34493012191496
decision_type=2 2 2 2 2 2 2 2 2 2 2 2 2 2 2 2 2 2 2 2 2 2 2 2 2 2 2 2 2 2
left_child=1 2 5 10 8 12 16 -7 25 -6 21 24 26 22 15 -10 -3 -18 -19 -14 -21 -2 23 -8 -9 -4 -1 -5 -26 -30
right_child=3 6 4 27 9 7 13 11 14 -11 -12 -13 19 -15 -16 -17 17 18 -20 20 -22 -23 -24 -25 28 -27 -28 -29 29 -31
leaf_value=-0.017946904130718127 0.039667330991766975 0.025348836813809301 -0.050516174670189443 0.094592093403177091 -0.013268563555913843 0.072211703218185541 0.05014382239929957 0.016526714801298043 -0.036125917345731888 0.11331981131121974 0.089412314814255101 0.041317598108712238 -0.014146120828036882 0.099459719309733366 -0.061749197528334104 0.10314034307965117 -0.079118855659972495 0.011956480373331581 -0.066471005838330488 -0.055939181272431499 0.278785231571961 -0.0082800101038950549 0.085162637935755278 -0.065896204487898083 -0.075373508874663708 -0.089565488709495933 -0.070176542424796429 -0.0099470713666291732 0.2022720793263654 -0.027024098455780094
leaf_weight=75.742267660796642 117.72847554087639 202.13229938969016 119.51946733146906 487.49882160499692 170.88213809160516 96.701658902224153 50.955467029474676 91.176105437334627 99.145756420213729 21.912679630331695 53.235917270183563 98.330169628374279 102.31988676497713 61.375168681144714 187.026760391891 22.460635281167924 79.574926501139998 336.02200942346826 46.093820889480412 2.2635222258977583 4.0830639959312975 167.04459260031581 34.860666770488024 31.9384740665555 54.57463426887989 522.63376055611297 186.04243985190988 13.816845439374445 5.7826241930015376 67.26835267804563
leaf_count=1424 729 3011 4979 13788 8056 1447 757 913 3667 305 789 1387 2493 1148 7607 407 6679 6250 1920 90 50 1257 438 451 9190 89674 23370 129 327 3528
internal_value=-0.00254214 -0.0228093 -0.0376093 0.0643647 -0.0572287 -0.00900182 0.011039 0.0188262 -0.0690602 0.00111922 0.0238064 0.00254759 -0.0400887 0.0531663 -0.0415182 -0.0104035 -0.000328884 -0.0115708 0.00249594 -0.00400999 0.159405 0.011542 0.0290375 0.00543439 -0.0148758 -0.0822975 -0.0550649 0.0917109 -0.0373098 -0.0088733
internal_weight=3610.14 2770.82 1927.87 839.325 1143.58 784.285 842.953 413.834 950.786 192.795 338.009 317.132 370.451 179.13 308.633 121.606 663.823 461.691 382.116 108.666 6.34659 284.773 117.755 82.8939 218.802 642.153 261.785 501.316 127.626 73.051
internal_count=196260 179568 158914 16692 114695 44219 20654 16792 106334 8361 2775 15345 27427 2794 11681 4074 17860 14849 8170 2633 140 1986 1646 1208 13958 94653 24794 13917 13045 3855
is_linear=0
shrinkage=0.1


Tree=33
num_leaves=31
num_cat=0
split_feature=6 5 4 5 3 3 8 0 5 7 8 7 5 5 1 2 8 3 0 2 3 1 1 2 5 7 7 8 3 3
split_gain=425.184 128.155 158.27 121.297 69.1814 59.3697 45.5711 39.4161 33.0435 30.3719 29.8266 26.5475 23.2522 22.2038 18.2989 17.6036 18.8519 26.8795 16.0343 14.0705 17.7947 27.4719 21.8401 19.3511 20.1408 13.6912 12.9328 12.6718 20.1879 13.4626
threshold=1.0000000180025095e-35 31.074521123064816 1.0000000180025095e-35 42.631272364150796 94.360822556709792 84.889995848899972 15.500000000000002 91.010101010101025 26.23692604406202 1.5000000000000002 21.500000000000004 4.5000000000000009 23.887201162329948 50.862325304787397 43.826219512195131 30.068493150684937 14.500000000000002 35.043859649122815 93.582704186684992 87.762088147197275 60.120481927710848 80.982519590114535 19.399641577060937 59.675307672165495 37.981755179973142 1.0000000180025095e-35 16.500000000000004 51.500000000000007 99.494949494949509 92.907444668008068
decision_type=2 2 2 2 2 2 2 2 2 2 2 2 2 2 2 2 2 2 2 2 2 2 2 2 2 2 2 2 2 2
left_child=1 2 18 4 6 8 9 10 -4 -2 13 14 -7 25 15 -10 -17 -18 26 20 22 23 -11 24 -22 -3 27 -1 29 -29
right_child=3 7 5 -5 -6 12 -8 -9 11 19 -12 -13 -14 -15 -16 16 17 -19 -20 -21 21 -23 -24 -25 -26 -27 -28 28 -30 -31
leaf_value=0.015210048773213081 0.071853501707870401 0.029644295825855094 -0.092990596279426491 0.098375354575232166 0.098490213262202003 -0.066520716877506991 -0.039928270921009923 0.074610068123191417 0.010839276066122531 -0.080198187070151708 -0.064788853778054753 -0.081434819759017507 -0.003545439689268696 0.086084174582791856 -0.043763073857933515 0.1258869670228786 1.0939128480788052 -0.10196880671465131 0.082629861356554909 0.1045688951237856 -0.12079774964449015 0.024802869226676016 0.045047820233939405 -0.031276094522927463 -0.42409746159924649 -0.0051781002226242538 -0.089158291491856112 -0.018151121573852361 0.11720775406982405 -0.12599253751185593
leaf_weight=291.63918062392622 110.23488667514175 136.42016783356667 518.14073659386486 378.71804190799594 106.06913624890149 86.737049561459571 135.17975062038749 74.419657565653324 36.463898054789752 16.176077412441373 68.014962562359869 121.88502491125837 180.93430848419666 31.770439349114895 79.902127913665026 5.4074857383966437 0.50119601609185327 0.30072475085034966 24.085103631019592 14.084657397121189 17.228667675517503 45.966468969359994 99.949619406834245 29.336713843047619 2.5081809759140006 655.09159234166145 16.070183081552386 171.81392226461321 10.489393863826988 12.412242205813525
leaf_count=5288 1703 1018 105235 11599 2284 7576 3164 944 3242 190 1988 17720 6101 266 9479 301 31 31 264 247 351 706 1366 463 28 11004 601 2908 75 87
internal_value=-0.00240579 -0.0239245 -0.0416771 0.0544059 0.025533 -0.0644707 0.00909133 0.00469364 -0.0786926 0.0288432 -0.0011441 -0.0483877 -0.0239521 0.00411388 -0.0155267 0.0373436 0.192987 0.645451 0.00292526 0.00779445 0.00133964 -0.0307485 0.0276013 -0.0827826 -0.159341 0.000823677 -0.000895598 0.00202079 -0.0177337 -0.0254169
internal_weight=3477.95 2522.5 1556.78 955.452 576.734 1030.27 470.665 965.717 762.601 335.485 891.297 244.46 267.671 823.282 122.575 42.6733 6.20941 0.801921 526.51 225.25 211.166 95.04 116.126 49.0736 19.7368 791.512 502.425 486.355 194.716 184.226
internal_count=196260 174159 158939 22101 10502 149716 8218 15220 136039 5054 14276 30804 13677 12288 13084 3605 363 62 9223 3351 3104 1548 1556 842 379 12022 8959 8358 3070 2995
is_linear=0
shrinkage=0.1


Tree=34
num_leaves=31
num_cat=0
split_feature=5 7 1 6 6 3 3 7 0 4 0 2 0 4 4 5 8 3 1 1 4 5 7 6 3 4 1 1 1 0
split_gain=368.906 128.034 110.556 70.7881 62.7508 40.3457 34.0726 30.3773 25.7527 25.5061 23.8849 23.8062 21.8717 20.7597 35.1489 33.6013 19.2102 18.6501 17.5055 16.4063 14.1073 23.8011 13.3444 13.2993 12.6152 12.5601 12.4575 11.5529 13.2213 11.9294
threshold=41.128123550076232 4.5000000000000009 92.637759710930467 1.0000000180025095e-35 1.0000000180025095e-35 42.330316742081457 94.791101465002725 1.0000000180025095e-35 52.419984387197509 36.151385201824262 99.523809523809533 91.545844394527279 73.205084163517711 31.94855358316897 1.0000000180025095e-35 23.887201162329948 15.500000000000002 80.874970117140819 83.910792512943061 22.086720867208673 1.0000000180025095e-35 26.953438174529762 1.0000000180025095e-35 1.0000000180025095e-35 53.427230046948367 18.764671361502355 21.380952380952387 41.763565891472872 20.550527903469089 54.923507864684346
decision_type=2 2 2 2 2 2 2 2 2 2 2 2 2 2 2 2 2 2 2 2 2 2 2 2 2 2 2 2 2 2
left_child=1 4 5 12 6 9 7 -1 -4 20 -8 16 27 14 -9 -16 22 -10 -7 -11 26 -22 -6 -19 -18 -17 -3 28 -2 -29
right_child=3 2 8 -5 11 18 10 13 17 19 -12 -13 -14 -15 15 25 24 23 -20 -21 21 -23 -24 -25 -26 -27 -28 29 -30 -31
leaf_value=0.011866168054067939 -0.035685248837486055 -0.083854269631096587 -0.10955299171973043 0.092659833056092919 0.088264224966655314 -0.086059958958315655 0.05114305097805022 -0.0014336916907997774 0.13335383903791895 -0.071093920832764348 -0.040310475569110292 0.10071489019469806 0.074321313740366227 0.0029691802571574118 -0.089424311247992883 0.074184700781781063 0.039940355941278392 0.0075361565446803074 -0.039356057506564152 0.078084530752118284 -0.08803677588411031 -0.026797775435001212 0.028253190317844519 0.076257891744265185 -0.045399103299908115 -0.03507137637904878 0.017558699733272603 -0.050576175767592824 0.057362157914527048 0.015659800717032751
leaf_weight=277.46253994805738 19.787571337074041 15.441693501546977 14.159599414560942 385.35145435668528 50.224830331280828 434.57025926513597 132.68135005328804 209.800258025527 16.05814352305606 9.7824866096489114 36.390135958790779 52.5747847892344 68.497480656951666 186.41578011959791 150.617132820189 10.954470466356723 26.699793031439185 145.02793329302222 98.431919903494418 29.921454245224595 115.91055591637269 140.27003801101819 141.30223145615309 34.946223186329007 49.316541814245284 266.57582330657169 56.186288316734135 47.397719390690327 66.901945102959871 63.781914718449116
leaf_count=9472 102 564 762 12808 728 59124 1246 3238 310 135 302 1214 961 3387 30763 1024 512 2488 6829 328 23472 6741 2044 579 1081 23798 1106 320 380 442
internal_value=-0.00227188 -0.0185619 -0.0446163 0.0652591 -0.000373079 -0.0598587 -0.0103403 -0.0167542 0.0206862 -0.034368 0.031459 0.0391975 0.0256187 -0.0263872 -0.0349655 -0.0513967 0.0271087 0.0300935 -0.0774349 0.0413291 -0.0435364 -0.0545058 0.0439901 0.0208801 -0.0154247 -0.0307589 -0.0043041 0.00875898 0.0361233 -0.0125777
internal_weight=3353.44 2701.72 1110.71 651.718 1591.02 900.515 1270.9 1101.83 210.192 367.513 169.071 320.118 266.367 824.363 637.948 428.147 267.543 196.032 533.002 39.7039 327.809 256.181 191.527 179.974 76.0163 277.53 71.628 197.869 86.6895 111.18
internal_count=196260 181247 102438 15013 78809 98299 73230 71682 4139 32346 1548 5579 2205 62210 58823 55585 4365 3377 65953 463 31883 30213 2772 3067 1593 24822 1670 1244 482 762
is_linear=0
shrinkage=0.1


Tree=35
num_leaves=31
num_cat=0
split_feature=5 7 1 6 6 3 3 5 4 2 1 0 8 2 1 0 4 5 4 6 4 5 5 8 4 8 7 1 4 4
split_gain=318.527 130.675 113.366 69.7706 49.7777 38.1785 30.5949 27.1318 86.6603 26.0034 24.3967 23.128 22.8165 21.7608 20.0509 19.6335 18.1028 16.9592 19.1997 15.9523 15.0637 16.5831 14.7429 14.1502 13.6411 13.3792 13.1767 12.3376 12.1437 11.7345
threshold=43.379868681073511 4.5000000000000009 92.637759710930467 1.0000000180025095e-35 1.0000000180025095e-35 42.330316742081457 94.791101465002725 27.292751301561875 1.0000000180025095e-35 87.762088147197275 21.380952380952387 52.419984387197509 27.500000000000004 92.031746031746039 83.910792512943061 99.523809523809533 35.493414773811807 24.897713799034751 20.675406098603592 1.0000000180025095e-35 1.0000000180025095e-35 26.953438174529762 28.405728886498121 2.5000000000000004 14.646916102668884 51.500000000000007 1.0000000180025095e-35 91.545844394527279 37.939876215738288 51.676029962546814
decision_type=2 2 2 2 2 2 2 2 2 2 2 2 2 2 2 2 2 2 2 2 2 2 2 2 2 2 2 2 2 2
left_child=1 3 5 6 23 10 7 8 25 17 -3 -4 -9 -10 -7 -8 20 24 22 -13 -12 -22 -19 -2 -5 -1 -20 -15 -16 -25
right_child=4 2 11 9 -6 14 15 12 13 -11 16 19 -14 27 28 -17 -18 18 26 -21 21 -23 -24 29 -26 -27 -28 -29 -30 -31
leaf_value=0.026921387874572562 0.067624045263011801 -0.074829756148849957 -0.10552679795175111 0.45391186539509731 0.098658465155269215 -0.084691163527437371 0.048843044270430229 0.0061978281431197858 -0.076569788983306686 0.089579031240426349 0.015558174201706127 0.016519889522582112 -0.080883205114384321 0.25362960520049443 -0.046754004303239234 -0.033016071763068276 0.040752969156315599 0.45417938080763376 0.069227970305632311 0.084643471651608571 -0.080192255132344167 -0.016798402965922894 0.11924298550269807 -0.0037270410610442369 -0.055246170049059379 -0.015925530296182728 0.015100926934518342 0.0052574708602480154 0.067410758232769541 0.099827946594345907
leaf_weight=163.24899940006435 65.246156096458435 101.57770989648998 13.229278544429688 0.53616251144558447 298.59152310714126 417.62672225944698 135.98001441452652 542.81688694050536 256.13307395484298 87.160402404144406 57.022727021947503 163.33265731856227 31.854238078463823 2.7591427341103536 90.25836607022211 37.346904050558805 44.750138998497277 1.5964278923347572 61.706061970442533 43.536326551809907 72.076248377095908 96.525606739800423 7.43335953168571 93.378792472183704 28.298854118213058 131.64685462601483 165.88147652521729 7.2688590995967388 10.389760844875125 12.395162813365458
leaf_count=2262 612 10532 764 19 10938 59303 1339 14039 52572 2203 1106 2811 1442 43 6778 324 517 39 988 866 15883 4500 73 760 1258 1574 2399 70 115 131
internal_value=-0.0021398 -0.0150421 -0.0416033 0.00270611 0.0740189 -0.0574914 -0.00792881 -0.0139011 -0.0295437 0.0421876 -0.0330462 0.0226592 0.00137089 -0.0709121 -0.0750352 0.0312048 -0.0173484 0.0266268 0.0354504 0.0308567 -0.0288721 -0.0438989 0.178458 0.0309997 -0.0457788 0.00779375 0.0297765 0.0735955 -0.0349689 0.00840809
internal_weight=3241.6 2771.99 1110.33 1661.67 469.612 890.227 1309.05 1135.73 561.057 352.613 371.952 220.098 574.671 266.161 518.275 173.327 270.375 265.452 236.617 206.869 225.625 168.602 9.02979 171.02 28.835 294.896 227.588 10.028 100.648 105.774
internal_count=196260 183819 103175 80644 12441 98734 73665 72002 56521 6979 32538 4441 15481 52685 66196 1663 22006 4776 3499 3677 21489 20383 112 1503 1277 3836 3387 113 6893 891
is_linear=0
shrinkage=0.1


Tree=36
num_leaves=31
num_cat=0
split_feature=5 7 1 6 6 4 4 5 8 3 0 4 2 1 3 1 8 1 0 8 5 7 8 0 1 3 0 6 3 7
split_gain=275.963 113.836 100.83 66.068 50.2367 31.4901 46.2178 63.0061 29.3829 26.4263 24.0424 19.7905 19.4047 16.8613 16.0602 17.8319 15.608 15.4916 15.0533 14.7317 12.3848 12.1456 12.0836 11.8555 19.9718 14.4128 13.2059 11.7875 11.3311 11.0851
threshold=43.379868681073511 5.5000000000000009 92.031746031746039 1.0000000180025095e-35 1.0000000180025095e-35 32.73531777956557 1.0000000180025095e-35 23.887201162329948 18.500000000000004 42.330316742081457 60.107526881720439 19.862852848621483 88.2734912146677 21.483516483516489 87.570224719101134 97.46794871794873 27.500000000000004 81.892697466467965 91.545844394527279 56.500000000000007 37.651981294609904 1.0000000180025095e-35 2.5000000000000004 68.020618556701052 50.373134328358212 51.316701316701327 77.459677419354861 1.0000000180025095e-35 22.335600907029484 7.5000000000000009
decision_type=2 2 2 2 2 2 2 2 2 2 2 2 2 2 2 2 2 2 2 2 2 2 2 2 2 2 2 2 2 2
left_child=1 3 9 5 22 6 19 -8 12 13 -4 -9 21 -3 -12 -16 20 -11 -7 -1 23 -5 -2 24 -13 26 -25 -15 -21 -17
right_child=4 2 10 8 -6 18 7 11 -10 17 14 16 -14 27 15 29 -18 -19 -20 28 -22 -23 -24 25 -26 -27 -28 -29 -30 -31
leaf_value=0.026547249661324174 0.063004809579358875 -0.075729528552926584 -0.064781810729458655 0.079166315684523328 0.097952302309374739 0.0098890000005595058 -0.080112924142004549 0.057945877494260806 -0.017001412237224161 -0.087835288732782762 0.10704823380497286 -0.0053894743843908612 0.09839275084004323 -0.034481211469991606 -0.035896298936152905 -0.020462590647937918 -0.080574696365901366 -0.040419402715763948 0.081055831029973893 -0.067671446736529736 0.044056943840405337 0.02522491969275184 0.0076527263882637314 0.42276451732910164 -0.065995776396192238 -0.0040577146787952349 -0.0072723556884381011 0.025544600932709612 0.00059943569893659344 0.064284442739089898
leaf_weight=228.02585488930345 63.13999131321907 85.194587324745953 26.913567184470594 54.496121230535209 272.0270640514791 318.55001709074713 201.62083431519568 35.45040453132242 78.71164339222014 314.18357193889096 27.416623787023127 111.73035895870999 68.5143340267241 172.18423494067974 36.972692236304283 19.594315734691918 38.465815690811723 88.261470878496766 32.780432339757681 31.303725257515907 33.751391911879182 178.3598254090175 105.06831461563706 1.5281968954950564 105.91632184037007 185.4909216358792 1.340474468655884 40.388767162337899 108.8297833558172 72.701286494266242
leaf_count=3122 612 9626 1281 993 10938 4168 41732 2502 1659 49658 482 8343 2127 18394 769 332 3804 7668 425 364 281 2903 891 33 13793 6082 18 631 1392 1237
internal_value=-0.00202348 -0.0139992 -0.0434303 0.00033326 0.0713888 -0.0094869 -0.0179231 -0.0327406 0.0374037 -0.0607259 0.0225319 -0.0141466 0.0516132 -0.038141 0.0375296 0.0227854 -0.0194908 -0.0774364 0.0165291 0.0108657 -0.0141477 0.037849 0.0284301 -0.0189863 -0.0348831 -0.000617703 0.221817 -0.0230763 -0.0146513 0.0462927
internal_weight=3138.91 2698.68 883.811 1814.87 440.235 1434.78 1083.45 715.295 380.082 700.213 183.598 513.674 301.37 297.768 156.685 129.268 478.223 402.445 351.33 368.159 439.758 232.856 168.208 406.006 217.647 188.36 2.86867 212.573 140.134 92.2956
internal_count=196260 183819 90078 93741 12441 86059 81466 76588 7682 85977 4101 34856 6023 28651 2820 2338 32354 57326 4593 4878 28550 3896 1503 28269 22136 6133 51 19025 1756 1569
is_linear=0
shrinkage=0.1


Tree=37
num_leaves=31
num_cat=0
split_feature=4 7 1 6 3 7 3 5 4 5 8 2 5 5 2 0 3 1 4 3 1 8 4 0 1 3 2 2 3 2
split_gain=240.486 91.3574 75.7725 70.5835 45.0756 34.0919 26.4789 26.1847 33.0946 23.3202 23.2183 22.1213 20.3344 17.4616 19.6662 15.8858 13.6145 13.2524 12.8112 12.7823 12.5644 12.546 14.8074 12.4394 15.4241 21.055 18.9367 12.2511 11.8194 15.7267
threshold=37.939876215738288 5.5000000000000009 92.403846153846175 1.0000000180025095e-35 94.791101465002725 1.0000000180025095e-35 42.330316742081457 29.85749983116094 1.0000000180025095e-35 23.381860075408465 15.500000000000002 86.526825332795497 43.768491124260358 33.403068340306838 86.526825332795497 60.107526881720439 95.69842738205368 21.380952380952387 20.297211800191281 88.047619047619065 97.46794871794873 4.5000000000000009 28.130941064638787 93.582704186684992 48.528138528138534 73.205084163517697 20.864427860696527 92.403846153846175 88.2734912146677 77.83625730994153
decision_type=2 2 2 2 2 2 2 2 2 2 2 2 2 2 2 2 2 2 2 2 2 2 2 2 2 2 2 2 2 2
left_child=1 4 6 11 5 23 17 8 -7 27 12 -2 18 14 -6 -4 -8 -3 -9 -17 -21 22 -16 24 26 -26 -1 -10 29 -27
right_child=3 2 15 -5 13 7 16 10 9 -11 -12 -13 -14 -15 21 19 -18 -19 -20 20 -22 -23 -24 -25 25 28 -28 -29 -30 -31
leaf_value=-0.0088758027739709779 0.0085424231062094704 -0.073079005392963081 -0.06182182898076221 0.085542578060427338 0.098908891347773364 -0.0029527428596851633 -0.081413801292946217 0.10184424089286839 -0.084308448743379505 -0.029628764343834126 -0.0475909367459088 0.090637237613977684 0.10900126578970065 0.083602159503123163 -0.089830862773048664 0.096336500759663476 0.01747520121042416 -0.022657964013709547 0.0014972469071953788 -0.037082462710954271 0.036131733245643831 0.024251638178449084 0.04509295008650907 0.11936844536442189 -0.050066003583144815 -0.0022227230539516576 0.070056789968527017 0.15170908570144484 -0.017468856622690699 0.092097144988260604
leaf_weight=47.830438212724403 268.16947298892774 70.852262915112078 22.165583630325273 324.86814016662538 27.391169813927263 244.43030062504113 347.30256669572555 13.219200333580373 147.64954974874854 219.61535778641701 83.24059420125559 37.400778576731682 19.968033377081156 62.561176527291536 24.080234751105309 23.635472551453859 14.503555835224686 197.25002045440488 338.80589654063806 32.527232594788074 83.897624326869845 100.92988435830921 12.283012634143232 11.88871158659458 63.65862606652081 33.799146445468068 83.377117024036124 2.2325687408447257 47.232645963784307 37.062891313340515
leaf_count=1570 2156 9140 1137 12499 338 3865 56625 236 34607 30094 2117 715 496 1628 186 392 620 19306 6443 658 1424 925 100 173 4411 1400 1539 32 731 697
internal_value=-0.00190419 -0.0162704 -0.044105 0.0530913 -0.00267063 -0.00940286 -0.0598005 -0.018023 -0.0314989 -0.0503828 0.000150733 0.0185906 0.0108338 0.0386275 0.0215423 0.0168396 -0.0774497 -0.0359829 0.00526546 0.0292883 0.0156769 0.00610696 -0.0442554 0.0189681 0.0151541 -0.00370817 0.0412827 -0.0807929 0.0212809 0.0471093
internal_weight=3043.83 2413.39 792.134 630.438 1621.26 1394.01 629.908 1069.16 613.928 369.497 455.234 305.57 371.993 227.245 164.684 162.226 361.806 268.102 352.025 140.06 116.425 137.293 36.3632 324.85 312.961 181.753 131.208 149.882 118.095 70.862
internal_count=196260 180890 89302 15370 91588 88411 85691 77890 68598 64733 9292 2871 7175 3177 1549 3611 57245 28446 6679 2474 2082 1211 286 10521 10348 7239 3109 34639 2828 2097
is_linear=0
shrinkage=0.1


Tree=38
num_leaves=31
num_cat=0
split_feature=6 5 7 1 3 3 8 4 4 5 7 5 4 4 4 5 0 4 4 0 3 1 8 8 0 3 1 0 0 3
split_gain=216.882 88.9672 72.1645 57.7791 50.2562 42.561 32.0982 28.6772 29.2791 50.0611 22.2387 41.7986 22.028 19.9045 22.6093 18.6737 17.2674 16.6159 16.4719 16.256 11.9466 12.9002 11.9301 11.4953 11.353 17.0379 12.7242 11.6394 13.964 11.309
threshold=1.0000000180025095e-35 43.379868681073511 4.5000000000000009 86.319073083778974 94.360822556709792 37.590579710144929 2.5000000000000004 31.598297213622292 1.0000000180025095e-35 23.887201162329948 5.5000000000000009 41.469034506013266 41.98212945910921 31.084581991317748 1.0000000180025095e-35 37.221672439386445 91.010101010101025 18.764671361502355 36.852425180598566 53.889369057908389 63.582887700534762 96.076923076923094 27.500000000000004 44.500000000000007 69.006568144499198 41.060765718299969 69.006568144499198 99.523809523809533 97.46794871794873 78.830559112249261
decision_type=2 2 2 2 2 2 2 2 2 2 2 2 2 2 2 2 2 2 2 2 2 2 2 2 2 2 2 2 2 2
left_child=2 4 7 5 6 13 -2 8 23 -10 -8 20 18 14 -4 17 -9 -11 -13 -5 -12 -22 24 29 25 26 -19 28 -26 -1
right_child=1 -3 3 19 -6 -7 10 16 9 15 11 12 -14 -15 -16 -17 -18 22 -20 -21 21 -23 -24 -25 27 -27 -28 -29 -30 -31
leaf_value=0.010660989554122124 0.064327652070904018 0.096631688606760385 0.0026212703000909523 -0.096927746298681131 0.092108519528015187 -0.080053225261703179 0.012086434885364768 0.010807376451017831 -0.075920302662792913 0.074374456341648063 -0.0017514258693367196 -0.27594242495921278 0.014334307151222088 0.011378384764962802 -0.070990596271572184 0.054286371786120946 0.074394236885909251 -0.0048689127414186101 -0.75565342594315288 0.0080824711652625041 -0.083358956005927243 0.12993689945974185 -0.083745077914152796 -0.0086393127739749272 0.0070347263425795843 -0.06387639428920934 0.51388794441943852 -0.076745862818997923 0.17017502360632555 0.065983606962922978
leaf_weight=113.23587877862155 82.101862162351608 229.32937281392515 63.271355273202062 15.7704709849786 85.054116806946695 341.1912988726981 239.31826781947166 398.09174014744349 153.27505181543529 19.243750755209476 62.440602889284492 1.4871063642203806 1.1308293901383875 89.982387517811731 122.5216228987556 41.755791960284114 47.83840043656528 89.209453493356705 1.3800396453589199 226.01402631821111 42.471432135440409 3.0383647363632909 27.949416247894987 161.60366814024746 132.84278082754463 89.008805894991383 0.47534746746532519 15.947026923298834 5.4624396935105315 54.847898360341787
leaf_count=1771 1542 10938 1509 1161 2581 63387 4464 5357 35560 1197 1203 31 44 1856 25049 391 747 6627 36 6524 1226 36 3240 1952 4737 12471 17 87 35 484
internal_value=-0.00178209 0.0447698 -0.0175362 -0.040202 0.0218282 -0.0564401 0.00803475 -0.0031266 -0.0133553 -0.0269742 -0.00512264 -0.0419114 -0.359426 -0.0272257 -0.0459223 -0.00919195 0.0176288 -0.0161646 -0.506841 0.00123315 -0.0301522 -0.0691187 -0.0209924 0.0104042 -0.0157246 -0.0328811 -0.0021194 0.00415044 0.013478 0.0287135
internal_weight=2957.29 747.752 2209.54 858.751 518.423 616.967 433.369 1350.79 904.857 575.17 351.267 111.948 3.99798 275.775 185.793 421.895 445.93 380.139 2.86715 241.784 107.95 45.5098 360.895 329.687 332.946 178.694 89.6848 154.252 138.305 168.084
internal_count=196260 22101 174159 99486 11163 91801 8582 74673 68569 64362 7040 2576 111 28414 26558 28802 6104 28411 67 7685 2465 1262 27214 4207 23974 19115 6644 4859 4772 2255
is_linear=0
shrinkage=0.1


Tree=39
num_leaves=31
num_cat=0
split_feature=5 5 4 6 8 1 3 2 6 6 3 3 1 7 4 3 7 0 4 2 1 7 8 8 0 4 4 4 3 4
split_gain=187.255 78.3468 113.128 46.6744 39.74 39.4335 43.9944 37.9068 24.9741 22.2624 19.5469 17.7649 17.5247 15.1278 14.0481 13.1752 12.9386 13.982 12.6664 12.6058 12.1393 11.7613 11.4677 10.7859 10.3465 10.3123 10.2882 10.2751 10.3067 9.80067
threshold=43.379868681073511 27.292751301561875 1.0000000180025095e-35 1.0000000180025095e-35 22.500000000000004 76.50689905591868 49.018097805159805 82.807881773399018 1.0000000180025095e-35 1.0000000180025095e-35 58.898944193061844 93.908472479901064 77.032967032967051 6.5000000000000009 20.416847590099874 73.37552742616036 1.0000000180025095e-35 55.488621151271765 25.405595018854694 23.294573643410853 17.44565217391305 13.500000000000002 1.0000000180025095e-35 3.5000000000000004 85.02873563218391 18.926915080761237 30.697411846447807 25.567343015071931 75.905718027062434 25.979138971264955
decision_type=2 2 2 2 2 2 2 2 2 2 2 2 2 2 2 2 2 2 2 2 2 2 2 2 2 2 2 2 2 2
left_child=1 2 20 24 5 6 14 9 10 29 12 21 -7 15 -3 -8 19 26 -11 -16 -1 -10 -17 -21 -2 -12 -18 28 -20 -4
right_child=3 4 7 -5 -6 8 13 -9 11 18 25 -13 -14 -15 16 22 17 -19 27 23 -22 -23 -24 -25 -26 -27 -28 -29 -30 -31
leaf_value=-0.090976599519668133 0.014517079060363501 0.10304977356362433 -0.088740584163854941 0.09587192669892558 -0.05036377408896852 0.63249301072695152 -0.047399330618841121 -0.0098367374252634997 0.044939816408160409 -0.050092201412883487 0.1245921320283387 0.10280351324841959 0.11342386105421452 -0.086630185264054471 0.0001611582111443954 0.16449953663447439 -0.026447620166898774 0.11102415861424167 0.66060134021166428 0.0052482143459464982 0.0064418036529787131 -0.090556665348906731 -0.0023282085058477968 0.10448112826017877 0.089427011395651845 0.0090002164918129741 0.0085264732466822802 0.02655468490349186 0.020363308687222581 -0.048324496248884123
leaf_weight=13.138227177783845 140.60350090637803 16.052462795050815 343.08718431647867 209.06818545795977 121.99858575663529 0.69341229228302736 115.37640335201286 118.51081689959392 98.78543699812144 46.862171699292958 7.8845756223890922 64.351854545995593 10.493021027883513 56.446051195729524 41.202003340236843 4.4288356499746433 127.63192981155589 10.992754533421246 0.5238957274705196 15.742315393872557 484.2756891688332 6.850425722077488 59.165156290400773 36.005004933103919 21.220755711197853 365.12165549374186 246.65693734725937 21.499346302822232 0.48349164146929979 72.71612185286358
leaf_count=405 999 574 103676 10938 5159 31 6244 3092 1731 2751 176 2475 320 5874 489 92 6893 204 26 225 8818 74 1532 420 504 7371 4250 747 17 20153
internal_value=-0.00165612 -0.0114675 -0.031443 0.064662 0.00417747 0.00936016 -0.00591282 -0.0605385 0.0294704 -0.0729232 0.0153498 0.0613847 0.145599 -0.041492 0.0110328 -0.0272557 0.00794411 -0.000134929 -0.0204788 0.0414323 0.00386868 0.0361529 0.00929007 0.074293 0.0243404 0.0114436 -0.00339964 0.0411806 0.353322 -0.0816726
internal_weight=2877.87 2506.98 1101.1 370.892 1405.88 1283.88 729.7 603.683 554.18 485.172 384.193 169.988 11.1864 235.416 494.283 178.97 478.231 385.282 69.3689 92.9493 497.414 105.636 63.594 51.7473 161.824 373.006 374.289 22.5067 1.00739 415.803
internal_count=196260 183819 139685 12441 44134 38975 26797 130462 12178 127370 7898 4280 351 13742 13055 7868 12481 11347 3541 1134 9223 1805 1624 645 1503 7547 11143 790 43 123829
is_linear=0
shrinkage=0.1


Tree=40
num_leaves=31
num_cat=0
split_feature=6 5 7 1 3 3 8 4 4 5 3 7 5 8 0 5 4 5 5 5 5 3 2 1 2 1 0 8 4 3
split_gain=161.051 78.7615 58.3158 51.7182 40.6361 26.2857 25.7161 24.7764 24.1803 48.4038 19.5525 16.4826 24.4251 16.2535 14.8965 14.5285 12.9276 12.7377 17.1415 11.8954 11.4679 10.7208 15.712 14.0563 10.5837 20.3992 18.2151 10.0816 9.98082 9.6577
threshold=1.0000000180025095e-35 43.379868681073511 5.5000000000000009 86.72955974842769 94.360822556709792 41.897974493623416 2.5000000000000004 32.73531777956557 1.0000000180025095e-35 23.819655521783186 94.791101465002725 5.5000000000000009 42.264971945494104 26.500000000000004 56.048780487804891 37.651981294609904 19.862852848621483 31.074521123064816 14.884825039563923 42.631272364150796 52.788888888888899 56.562756357670231 21.244358478401036 76.253132832080226 90.070422535211279 87.841832963784199 72.821969696969717 56.500000000000007 19.724625781595403 63.582887700534762
decision_type=2 2 2 2 2 2 2 2 2 2 2 2 2 2 2 2 2 2 2 2 2 2 2 2 2 2 2 2 2 2
left_child=2 4 7 5 6 17 -2 8 27 24 20 21 29 15 -5 16 28 18 -4 -14 -9 22 -8 -23 -10 26 -26 -1 -11 -13
right_child=1 -3 3 14 -6 -7 11 10 9 13 -12 12 19 -15 -16 -17 -18 -19 -20 -21 -22 23 -24 -25 25 -27 -28 -29 -30 -31
leaf_value=0.02085661319987929 0.059039627482898163 0.095081984245660764 -0.0080966208205866114 -0.0829710138253726 0.088004202126266404 -0.080887583602266735 -0.013707728479475165 0.0052104818946872786 -0.084927984304687329 0.039364417264598439 0.074789695878471965 -0.0038379734995905817 -0.63072169906597564 -0.071469016262307283 0.013007279170816819 0.049783016144236851 -0.015056734638222925 -0.0065254461161069772 -0.082137244711654331 -0.18303633624110238 0.10466553387023565 -0.051955592951815469 0.065857911244816492 0.016243235160180596 0.061500657408413373 -0.050975822739096378 0.56324456929945332 -0.013416359098568238 0.3378179494069502 -0.06478799243066824
leaf_weight=228.30045032687485 79.171815002337098 190.66602984629571 50.532852132339031 17.836087811971083 73.823967719450593 239.25136861088686 40.755810659378767 375.969946854515 128.25819431035779 32.373063926585019 49.880430346354842 63.749387198127806 0.90530432015657369 38.687580950791016 173.22160038212314 45.311685146763921 382.90145931649022 99.164938882924616 82.02262382931076 1.7233511116355655 11.962782984599469 47.10562552139163 63.469573081471026 84.317215046845376 2.3657316472381384 18.775963570922613 1.0423442339524625 137.53187769744545 1.1606762511655677 43.899477664381266
leaf_count=3122 1542 10938 1988 1306 2581 53263 678 4602 40591 2114 831 1237 14 4541 4875 399 28636 1895 23662 48 136 943 1154 1689 54 286 23 1756 79 1277
internal_value=-0.00155786 0.0404129 -0.0152322 -0.0398359 0.0195208 -0.0576379 0.00762767 -0.00403379 -0.0125984 -0.0241601 0.0158552 -0.00413895 -0.0360478 -0.00920802 0.00404728 -0.00399147 -0.00984259 -0.0336326 -0.0539114 -0.337218 0.0082774 0.0107936 0.0347449 -0.00820113 -0.0738971 -0.0101213 0.214957 0.00797195 0.0496945 -0.0286935
internal_weight=2806.14 689.588 2116.55 662.029 498.922 470.972 425.098 1454.52 1016.71 650.877 437.813 345.926 110.278 500.434 191.058 461.747 416.435 231.72 132.555 2.62866 387.933 235.648 104.225 131.423 150.442 22.184 3.40808 365.832 33.5337 107.649
internal_count=196260 22101 174159 86989 11163 80808 8582 87170 81601 76723 5569 7040 2576 35769 6181 31228 30829 27545 25650 62 4738 4464 1832 2632 40954 363 77 4878 2193 2514
is_linear=0
shrinkage=0.1


Tree=41
num_leaves=31
num_cat=0
split_feature=4 7 1 6 2 3 0 1 1 2 3 1 5 0 2 0 7 0 2 6 6 3 3 2 0 1 8 5 0 5
split_gain=143.202 58.2897 50.4252 44.1914 31.264 29.5117 23.8171 22.2366 42.5051 33.7758 31.2574 18.3036 17.4602 17.3988 16.5951 14.4827 13.7772 13.7121 13.6638 13.3363 11.8035 11.5046 27.4629 13.9534 17.4499 30.0374 14.851 13.6774 27.3502 12.0633
threshold=41.138804457953405 4.5000000000000009 92.637759710930467 1.0000000180025095e-35 91.545844394527279 42.330316742081457 93.582704186684992 43.826219512195131 76.833631484794282 19.399641577060937 62.418831168831176 21.380952380952387 35.734237829209903 57.93287566742945 66.300366300366321 99.523809523809533 14.500000000000002 38.507877664504178 36.032786885245905 1.0000000180025095e-35 1.0000000180025095e-35 73.37552742616036 89.022757697456498 58.578637510513055 59.122919334186939 72.04651162790698 15.500000000000002 35.422619047619058 57.735042735042732 33.942174033917162
decision_type=2 2 2 2 2 2 2 2 2 2 2 2 2 2 2 2 2 2 2 2 2 2 2 2 2 2 2 2 2 2
left_child=1 4 5 13 6 11 7 9 21 -1 -10 -3 15 18 -7 -6 -13 20 -2 -4 -11 -9 23 24 25 26 27 28 29 -23
right_child=3 2 19 -5 12 14 -8 8 10 17 -12 16 -14 -15 -16 -17 -18 -19 -20 -21 -22 22 -24 -25 -26 -27 -28 -29 -30 -31
leaf_value=-0.023619925593588231 0.023432501459742312 -0.063022979733368623 0.001713450715105154 0.092763463096153645 0.038937058911290623 -0.07656671879446951 0.10745205045203475 -0.051828956755480562 0.1523995968302726 0.019316652200623233 0.00023951148117118263 0.0037895632153411769 0.092837169595116578 0.058916062424126052 -0.030820256235401466 -0.036787998379219963 -0.060593751940007615 0.176744639969873 -0.052235124224664975 0.070133738013211835 0.070735736056453932 -0.10066357079191475 -0.099807318951488908 0.0069975664322917677 -0.042822217107338321 0.81041290139144984 -0.10383062305837219 0.090595941811463937 1.8474496385970534 0.79310029902136336
leaf_weight=170.16027919948101 64.805821453686804 77.726450176443905 168.01883746800013 178.77441441267729 115.91776888165623 258.25751198781654 18.953754654154181 264.88527158461511 13.929122280795125 235.66992992092855 438.78607561578974 196.65715978085063 46.215555876493454 75.097004437586293 114.43610172090121 32.292307177558541 39.995928266784176 6.4255311810411504 37.774811873212457 34.304691711440682 55.077613459900022 0.29653340228833236 25.583224842790514 62.848227506503463 2.5509551926515996 0.87298938748426724 1.3425942768808452 0.96872059069573879 0.15397463436238468 0.30773246474564075
leaf_count=10587 378 10522 3547 10522 1173 55042 319 32372 568 8200 18394 17061 1862 976 11151 297 4958 161 261 943 1065 69 1083 4276 270 57 99 10 34 3
internal_value=-0.00145378 -0.0102977 -0.0305644 0.0576615 0.00177354 -0.0434855 -0.00382483 -0.00547276 -0.0154693 0.0119076 0.00492117 -0.02092 0.039172 0.0223428 -0.0625202 0.0224379 -0.00709164 0.0322505 -0.00443173 0.0133144 0.0290572 -0.0411246 -0.0112545 0.0214166 0.160973 0.292835 0.145634 0.339576 0.657671 0.354501
internal_weight=2739.09 2382.63 889.397 356.452 1493.24 687.073 1298.81 1279.86 812.525 467.333 452.715 314.38 194.426 177.678 372.694 148.21 236.653 297.173 102.581 202.324 290.748 359.81 94.925 69.3417 6.4935 3.94254 3.06956 1.72696 0.758241 0.604266
internal_count=196260 184123 103224 12137 80899 98734 77567 77248 57235 20013 18962 32541 3332 1615 66193 1470 22019 9426 639 4490 9265 38273 5901 4818 542 272 215 116 106 72
is_linear=0
shrinkage=0.1


Tree=42
num_leaves=31
num_cat=0
split_feature=5 5 4 6 2 8 2 3 0 1 4 6 3 7 3 0 3 2 1 1 1 7 0 8 4 0 4 0 6 3
split_gain=124.941 54.8422 90.1388 41.9196 32.2209 30.2514 25.8366 24.062 31.5549 22.1285 20.9219 19.3793 13.0562 12.1423 11.7774 11.7626 11.4364 11.6249 18.5397 11.2193 14.0705 12.9029 19.7545 12.8231 12.1167 11.1362 13.6413 10.8459 10.7311 10.706
threshold=43.379868681073511 27.292751301561875 1.0000000180025095e-35 1.0000000180025095e-35 82.807881773399018 22.500000000000004 71.892556179775298 55.217785843920147 59.122919334186939 80.982519590114535 25.979138971264955 1.0000000180025095e-35 88.047619047619065 6.5000000000000009 93.908472479901064 85.02873563218391 94.791101465002725 88.2734912146677 96.490147783251246 50.373134328358212 26.747967479674802 12.500000000000002 46.225071225071225 4.5000000000000009 22.382841039557459 88.153818115545846 19.862852848621483 19.399641577060937 1.0000000180025095e-35 77.003205128205138
decision_type=2 2 2 2 2 2 2 2 2 2 2 2 2 2 2 2 2 2 2 2 2 2 2 2 2 2 2 2 2 2
left_child=1 2 -1 -2 10 6 7 8 19 13 25 12 -8 29 -13 -11 17 18 -14 20 -3 -21 -23 28 -25 -4 -27 -26 -22 -9
right_child=3 5 4 -5 -6 -7 11 9 -10 15 -12 14 16 -15 -16 -17 -18 -19 -20 21 23 22 -24 24 27 26 -28 -29 -30 -31
leaf_value=0.0041770979765009637 0.020611891520726042 -0.0048958639070120326 -0.081305570369949565 0.09351714572198723 -0.0086412268876305681 -0.045230267110736022 0.0464110942561482 -0.043131015674139322 0.12703606218697952 -0.0038707832873777076 -0.023385595739590568 0.037825859398286144 -0.07521805042760786 -0.09193290569724144 0.10260554758870076 0.088479108473003401 0.021553662696616033 0.01528223065298503 0.17922418494856396 -0.054298349337508392 -0.017175679401164514 -0.035196496557712918 0.18329967743201159 0.18011157725426155 0.15476427518603639 0.52287427237211126 0.0011702534173679087 0.035474601682612093 0.074212680298926234 0.042021701676501579
leaf_weight=490.08267406420782 154.90210207365453 231.03284757165238 328.73821894382127 160.67441469570622 115.64780865702778 114.18348926003091 92.333168904762715 110.33551006903872 22.446439143270254 101.58585964422673 82.855674820020795 71.181438704952598 45.225045623257756 45.469223413383588 46.334174941293895 15.958786400035022 115.02568685496226 37.187589254230261 3.0572602152824393 55.218414592323825 65.955903774127364 11.52817287668586 6.4547376295085988 6.943487648619338 8.2125224384944868 0.63797127036377732 2.3377661923877895 105.97408705810085 15.957419028505681 17.045868231216446
leaf_count=9223 1503 6045 106456 10938 3092 5159 1796 6127 433 2858 20768 1345 806 5556 2379 250 1144 291 20 3590 1573 760 287 267 211 49 97 2274 341 622
internal_value=-0.00137063 -0.00925714 -0.026739 0.0577313 -0.0553149 0.00400785 0.008577 -0.00167289 0.0110094 -0.0248072 -0.0683349 0.0290626 0.0152957 -0.0475712 0.0633673 0.00866736 0.000966253 -0.0267404 -0.0591066 0.00587534 0.0119824 -0.0303392 0.0432299 0.0311874 0.0518533 -0.0795623 0.113019 0.0440541 0.000627558 -0.0317361
internal_weight=2680.52 2364.95 1020.3 315.577 530.217 1344.65 1230.46 820.119 529.724 290.395 414.57 410.344 292.829 172.851 117.516 117.545 200.496 85.4699 48.2823 507.278 434.076 73.2013 17.9829 203.043 121.13 331.714 2.97574 114.187 81.9133 127.381
internal_count=196260 183819 139685 12441 130462 44134 38975 31194 15781 15413 127370 7781 4057 12305 3724 3108 2261 1117 826 15348 10711 4637 1047 4666 2752 106602 146 2485 1914 6749
is_linear=0
shrinkage=0.1


Tree=43
num_leaves=31
num_cat=0
split_feature=6 5 7 1 3 3 8 7 3 1 7 0 1 2 2 7 3 7 0 5 4 5 2 4 7 5 4 8 5 4
split_gain=109.135 62.6838 41.5636 36.7694 34.8599 30.0554 20.7941 17.1432 17.7132 15.0959 14.4294 12.6053 22.6032 14.7084 14.0292 32.7075 13.4671 12.2188 11.9754 10.8384 18.046 15.9155 10.2582 9.9927 15.8017 9.77671 13.076 9.67011 9.49879 9.41666
threshold=1.0000000180025095e-35 43.379868681073511 4.5000000000000009 86.319073083778974 37.590579710144929 95.2934662236988 2.5000000000000004 1.0000000180025095e-35 95.2934662236988 21.114551083591333 14.500000000000002 20.112359550561802 28.759398496240603 12.945119396732304 21.244358478401036 5.5000000000000009 20.73443797581729 1.0000000180025095e-35 53.889369057908389 29.85749983116094 1.0000000180025095e-35 23.381860075408465 43.288288288288292 1.0000000180025095e-35 11.500000000000002 39.513565461669259 39.577762923351166 9.5000000000000018 33.942174033917162 31.434809731752964
decision_type=2 2 2 2 2 2 2 2 2 2 2 2 2 2 2 2 2 2 2 2 2 2 2 2 2 2 2 2 2 2
left_child=2 5 7 4 9 6 -2 25 19 -4 11 12 13 -11 15 -14 23 -8 -5 20 -9 -22 -20 -17 -25 26 -1 -21 -6 -15
right_child=1 -3 3 18 28 -7 17 8 -10 10 -12 -13 14 29 -16 16 -18 -19 22 27 21 -23 -24 24 -26 -27 -28 -29 -30 -31
leaf_value=0.012958611804202878 0.055721338159435412 0.092606404982306739 -0.063110038067366536 -0.090844886318176568 -0.08321455075309081 0.087011779811396295 0.041964768166898037 -0.004677991723110249 0.032760317237678853 -0.11570527436568301 -0.071374661337237882 -0.015480269631950769 1.3503077330110904 0.0073723851105026829 -0.11672551359990116 0.50514247019180292 0.87373312448207752 -0.010430844346358272 0.20651614013595732 0.0084266622477967464 -0.083174672246445092 -0.024934342788609704 0.004753222167822365 -0.046963099575841043 0.36008282465090918 0.058024678021045689 -0.14687848757133237 -0.025296530060987761 -0.038962960121843956 0.10202201408689471
leaf_weight=305.02121450961567 75.8871262492612 146.74283705418929 60.58855994627811 13.237062831874935 194.39769821381196 55.18092308845371 52.776743350550532 214.20342446304858 91.726302413735539 6.821821817662566 28.379643227905035 100.40755071560852 0.27398768113925953 28.924832985270768 1.0315412464551625 0.81844899430870999 0.30403192667290557 284.08586086146533 2.5496060012374064 278.83954105433077 74.212452734587714 127.59370653168298 216.57613385724835 2.3099301226902758 1.6243676191661505 49.76092909835279 5.2055750924628219 122.33592667290941 64.636205119546503 16.511807368602604
leaf_count=9901 1600 10938 10128 1161 61343 2393 1024 3253 1142 775 4145 8509 24 4058 110 17 24 6146 73 4515 28188 24226 6451 239 137 594 39 2815 2044 248
internal_value=-0.00128928 0.0355811 -0.0125741 -0.0314201 -0.0465164 0.017698 0.00843136 -0.00159247 -0.00890748 -0.0197185 -0.0056901 0.00603174 0.0428782 0.0212117 0.220842 0.286163 0.228505 -0.00222195 0.00152111 -0.0135846 -0.0248939 -0.0463517 0.00710081 0.18723 0.121095 0.0168768 0.0102766 -0.00185701 -0.0721725 0.0417683
internal_weight=2622.97 614.673 2008.29 739.393 507.03 467.931 412.75 1268.9 908.911 247.997 187.408 159.028 58.6208 52.2585 6.36231 5.33077 5.05678 336.863 232.363 817.185 416.01 201.806 219.126 4.75275 3.9343 359.988 310.227 401.175 259.034 45.4366
internal_count=196260 22101 174159 99486 91801 11163 8770 74673 64139 28414 18286 14141 5632 5081 551 441 417 7170 7685 62997 55667 52414 6524 393 376 10534 9940 7330 63387 4306
is_linear=0
shrinkage=0.1


Tree=44
num_leaves=31
num_cat=0
split_feature=4 7 6 1 3 2 0 1 1 2 3 5 2 1 1 1 2 1 0 7 2 1 0 0 6 5 8 0 3 3
split_gain=95.9305 39.4308 38.6117 34.5553 23.6357 21.2409 18.7061 17.4063 31.6072 25.5506 23.4015 15.8607 14.7835 14.2643 14.2167 14.1995 12.1461 13.2403 11.2195 10.173 10.325 9.98508 14.6266 12.1179 9.8852 9.83217 10.2474 9.7819 10.4757 9.55663
threshold=41.138804457953405 4.5000000000000009 1.0000000180025095e-35 92.637759710930467 41.897974493623416 91.545844394527279 93.582704186684992 43.826219512195131 76.833631484794282 19.399641577060937 62.418831168831176 36.856806821523087 66.300366300366321 21.380952380952387 97.894503546099301 77.84992784992788 30.068493150684937 30.860805860805865 25.844402277039851 14.500000000000002 41.533937760352863 38.379705400982004 30.053763440860219 38.507877664504178 1.0000000180025095e-35 31.752844199196137 15.500000000000002 52.419984387197509 81.120250685468093 78.629976580796267
decision_type=2 2 2 2 2 2 2 2 2 2 2 2 2 2 2 2 2 2 2 2 2 2 2 2 2 2 2 2 2 2
left_child=1 5 15 4 13 6 7 9 25 -1 -10 14 -6 -3 -7 -2 17 18 -11 -15 -21 22 -18 -23 -19 -9 -27 -5 -29 -12
right_child=2 3 -4 27 12 11 -8 8 10 16 29 -13 -14 19 -16 -17 21 24 -20 20 -22 23 -24 -25 -26 26 -28 28 -30 -31
leaf_value=-0.020586185191517517 -0.00081143926483274022 -0.056655837616795761 0.089794662201521255 -0.092463759437231174 -0.070576422283471996 0.041437309134978492 0.10094946136169534 -0.050968434005819942 0.13118264414944311 0.020506865468771063 -0.026216491699389968 0.095790794618153943 -0.025224522413940804 0.0041831097169976305 -0.023699313410212371 0.060645930832647056 0.014130949258619305 -0.044392134568232738 0.094854992056624787 -0.060690914043091349 0.42811734078614372 -0.0032496640034518549 0.14621008885070633 0.15185843725412895 0.077408075037663268 -0.0039976318858990561 -0.076162030171850734 0.089130180599747921 0.0079586011873448784 0.0083751546386266924
leaf_weight=164.37694025761448 116.40561855677515 69.255023641511798 139.85087998490781 8.7759692950639856 221.76715440209955 99.560535143129528 17.055742180906236 197.97994589910377 14.004961075261233 146.39663766068406 106.08488696441054 33.313350013457239 106.34314819425344 192.4558725762181 50.506123908795416 55.528189361095428 12.812345326645298 45.186347955372185 23.564033791190013 34.391031168401241 0.43762936349958081 27.389087723800912 24.261046414729208 6.1718291637953362 7.8158500073477617 115.53424006514251 23.716894386801869 17.540797797497362 169.88133325567469 323.1492349090986
leaf_count=10587 756 10522 10522 764 55365 1083 319 35511 568 4912 8712 1702 11151 16806 547 859 401 1762 549 4837 53 1032 473 135 162 2137 625 334 3392 9682
internal_value=-0.00122246 -0.00839682 0.0507753 -0.0258861 -0.0373849 0.00158038 -0.00306308 -0.00449553 -0.013577 0.010981 0.00397632 0.0333715 -0.0558775 -0.0169236 0.0195151 0.019037 0.0286545 0.0172064 0.0308148 -0.00481688 -0.0545489 0.0647915 0.100564 0.0252746 -0.0264311 -0.0366482 -0.0162885 0.0107237 0.0155554 -0.000174144
internal_weight=2571.51 2259.73 311.785 820.848 624.65 1438.88 1255.5 1238.44 780.47 457.974 443.239 183.38 328.11 296.54 150.067 171.934 293.597 222.963 169.961 227.285 34.8287 70.6343 37.0734 33.5609 53.0022 337.231 139.251 196.198 187.422 429.234
internal_count=196260 184123 12137 103224 98734 80899 77567 77248 57235 20013 18962 3332 66516 32218 1630 1615 9426 7385 5461 21696 4890 2041 874 1167 1924 38273 2762 4490 3726 18394
is_linear=0
shrinkage=0.1


Tree=45
num_leaves=31
num_cat=0
split_feature=6 5 7 1 3 5 4 8 5 0 7 3 7 1 5 4 0 3 0 0 3 1 2 3 3 2 2 5 5 0
split_gain=84.8543 53.8572 32.15 32.9865 25.0456 21.7259 22.9939 18.3093 15.8085 14.4085 13.7284 12.7475 12.0577 11.8136 11.086 11.4361 9.7983 9.74389 15.7022 14.2533 19.5568 16.4254 14.9739 17.6999 17.979 14.026 22.2754 19.2339 9.80352 9.41495
threshold=1.0000000180025095e-35 43.379868681073511 5.5000000000000009 86.72955974842769 95.2934662236988 31.074521123064816 1.0000000180025095e-35 18.500000000000004 47.083130772970357 21.244358478401036 1.0000000180025095e-35 95.2934662236988 1.0000000180025095e-35 29.67967967967968 35.097051138484517 33.793300342596119 53.889369057908389 37.590579710144929 17.929582854955992 65.24027459954236 62.418831168831176 69.006568144499198 48.528138528138534 80.874970117140819 89.022757697456498 68.783602150537646 75.134408602150543 28.077640910787611 32.737905369484331 90.070422535211279
decision_type=2 2 2 2 2 2 2 2 2 2 2 2 2 2 2 2 2 2 2 2 2 2 2 2 2 2 2 2 2 2
left_child=2 4 8 5 7 6 -4 12 10 13 -1 17 -2 -7 15 -15 -5 18 -12 28 -21 22 -22 -24 25 -25 27 -27 -19 -23
right_child=1 -3 3 16 -6 9 -8 -9 -10 -11 11 -13 -14 14 -16 -17 -18 19 -20 20 21 29 23 24 -26 26 -28 -29 -30 -31
leaf_value=0.012398334777603414 0.065844999427371695 0.090803132666238406 -0.018663111399455427 -0.085588670071239548 0.083505840841411424 0.0060954401665730407 -0.087058386288734357 -0.030100409563407704 0.055049819950927614 -0.041470705029863476 -0.036784005786395228 0.021582516609797733 0.011564711073940736 0.17587354974521796 0.071672090265015156 0.72049209783357437 0.0096206003796031093 -0.058416976975655732 0.012281228881067764 0.11526765401022399 1.0410810811847993 -0.025272900000163565 -0.034040958845187361 0.076026999445180238 -0.14017684490850163 1.868293065954908 0.34055142152214468 0.59503445419632806 -0.013941387292645544 0.02483007129438496
leaf_weight=343.20387201197445 48.548408536240458 124.37139817280695 69.980617980007082 11.528304666513575 49.713685467839241 48.807139294221997 165.1658740490675 95.028370148967952 45.604924814775586 96.199397179763764 89.846887993160635 108.08837734721601 260.59265553113073 1.0675918078050006 4.5816799718886614 0.60352667304687191 173.27784372051246 141.43725840642583 238.00626930594444 12.027702543768099 0.17474250600207408 268.69985834159888 4.2593253439990804 0.98184204404242414 0.84981595026329149 0.20281304453965265 1.4176696506328879 0.28586647566407919 76.295457581523806 43.58939796499908
leaf_count=10320 1201 10938 3964 1116 2393 1061 71012 2781 625 4678 8328 1287 4788 43 38 12 5065 33863 11607 740 29 17367 638 91 38 36 70 16 1640 475
internal_value=-0.00113227 0.0325024 -0.0111259 -0.0310669 0.016527 -0.0476859 -0.0667037 0.00828849 -0.00284169 -0.0181211 -0.0048277 -0.0108227 0.020089 0.0226749 0.152088 0.372563 0.0036814 -0.0148117 -0.00116491 -0.0229432 -0.00991863 -0.0146172 0.125336 0.105327 0.264132 0.383095 0.541246 1.12347 -0.0428323 -0.0182795
internal_weight=2524.44 578.255 1946.18 571.212 453.883 386.406 235.146 404.169 1374.97 151.259 1329.37 986.163 309.141 55.0599 6.2528 1.67112 184.806 878.075 327.853 550.222 332.489 320.461 8.17208 7.99733 3.73801 2.88819 1.90635 0.48868 217.733 312.289
internal_count=196260 22101 174159 86989 11163 80808 74976 8770 87170 5832 86545 76225 5989 1154 93 55 6181 74938 19935 55003 19500 18760 918 889 251 213 122 52 35503 17842
is_linear=0
shrinkage=0.1


Tree=46
num_leaves=31
num_cat=0
split_feature=5 4 4 5 3 4 6 6 5 4 7 0 2 5 6 1 4 1 1 1 8 2 3 3 1 4 3 4 1 3
split_gain=73.3712 38.0388 33.447 70.9065 24.4704 23.6871 23.4199 20.2924 16.518 26.1406 16.1953 12.7027 12.5275 11.9204 11.5247 12.1138 10.6547 10.1811 9.76866 9.50693 8.60285 9.60165 11.8986 13.766 19.9296 15.6269 19.6229 44.2088 17.0602 11.6499
threshold=44.923661164070374 30.697411846447807 1.0000000180025095e-35 23.819655521783186 94.791101465002725 20.524267399267409 1.0000000180025095e-35 1.0000000180025095e-35 33.942174033917162 34.623709623709637 1.0000000180025095e-35 98.332870241733829 88.2734912146677 37.221672439386445 1.0000000180025095e-35 99.397590361445793 23.339818417639428 87.841832963784199 17.44565217391305 86.526825332795497 18.500000000000004 71.209658695147439 89.022757697456498 84.889995848899972 86.526825332795497 26.328626444159188 86.526825332795497 28.175416133162617 80.810147299509012 51.022110972048402
decision_type=2 2 2 2 2 2 2 2 2 2 2 2 2 2 2 2 2 2 2 2 2 2 2 2 2 2 2 2 2 2
left_child=1 2 18 12 8 7 -2 -5 -3 -10 -7 13 -4 20 15 -6 -15 19 -1 -14 21 29 23 -23 25 -25 27 28 -27 -12
right_child=6 4 3 5 14 10 -8 -9 9 -11 11 -13 17 16 -16 -17 -18 -19 -20 -21 -22 22 -24 24 -26 26 -28 -29 -30 -31
leaf_value=-0.087574698301091033 0.023778001434909338 0.028935233010275133 -0.08167373316854766 0.017085061894841918 0.085659128017571987 0.016455400342930679 0.091036676495175009 0.14980366303273793 -0.046335955836674443 0.0067836688862513532 -0.016433130854983883 0.231626531779212 0.044537288126880299 0.10557351948819527 0.1010536544443917 0.0033135336461748628 -0.0048591363020780943 -0.046609462752469612 0.007703065595563597 0.38282763563305944 -0.059630968406932633 -0.0069350985194175921 -0.02468202909229723 0.074197807892718723 0.013678808337600594 1.9913856921173272 0.1976538271466913 0.22557548286377599 0.86616942785029227 -0.059826103858751846
leaf_weight=11.015739763155578 108.66803616844118 192.78649875184055 215.66951554827392 61.114745619473979 27.595986996544525 116.81168596539646 98.878345894627273 14.196573043707756 119.80978729436174 408.54429711261764 137.71055279788561 1.9255563784390677 6.7238408843986717 11.574508388526736 35.489391022361815 50.661565438611433 35.63440198590979 23.124312600120902 465.30376159073785 0.94783740304410447 83.386522762826644 29.065242593176663 89.78734695725143 4.0064071465749311 11.135544025339184 0.23886126931756713 2.9556471717078239 0.93553138989955187 0.30912660318426788 112.34508784092031
leaf_count=405 1154 9363 84938 7213 410 3919 9515 287 2025 6040 17344 25 169 224 2434 637 718 414 8818 8 12747 1960 1711 272 374 22 113 38 21 22942
internal_value=-0.00109222 -0.00629397 -0.016163 -0.0269157 0.0106796 -0.0109352 0.0558211 0.0421032 0.00388031 -0.00526176 -0.0171977 -0.0247428 -0.0731544 -0.0256938 0.0537865 0.0323511 0.0222163 -0.0134917 0.0054996 0.0863331 -0.030487 -0.0242314 -0.00310234 0.0367276 0.101538 0.217382 0.346608 0.643371 1.35664 -0.0359287
internal_weight=2478.35 2270.81 1435.92 959.599 834.888 713.133 207.546 75.3113 721.141 528.354 637.822 521.01 246.466 519.085 113.747 78.2576 47.2089 30.796 476.32 7.67168 471.876 388.489 138.434 48.6464 19.5811 8.44557 4.43917 1.48352 0.547988 250.056
internal_count=196260 185591 164682 155459 20909 69930 10669 7500 17428 8065 62430 58511 85529 58486 3481 1047 942 591 9223 177 57544 44797 4511 2800 840 466 194 81 43 40286
is_linear=0
shrinkage=0.1


Tree=47
num_leaves=31
num_cat=0
split_feature=6 5 7 1 3 3 8 5 2 5 5 3 2 3 1 5 1 8 7 0 0 5 7 3 4 0 8 0 0 5
split_gain=64.8006 45.7005 25.0967 28.6004 20.7997 19.7791 15.624 14.1439 15.1679 14.7134 12.1818 10.3121 16.4351 14.6727 14.0917 13.5148 11.0845 10.6119 10.001 10.8526 9.9197 9.46572 9.13926 8.57718 8.73234 8.5765 8.5023 9.21304 9.35308 9.20757
threshold=1.0000000180025095e-35 43.379868681073511 5.5000000000000009 86.319073083778974 51.899951899951908 95.2934662236988 2.5000000000000004 31.074521123064816 50.878274268104782 14.884825039563923 46.181616217717313 60.120481927710848 67.769272826681259 13.423423423423424 92.637759710930467 42.264971945494104 68.133462282398469 59.500000000000007 1.0000000180025095e-35 97.46794871794873 44.033898305084755 26.577852527219623 17.500000000000004 79.337712096332794 31.084581991317748 67.006802721088448 15.500000000000002 67.826876513317202 75.905718027062434 33.270440251572332
decision_type=2 2 2 2 2 2 2 2 2 2 2 2 2 2 2 2 2 2 2 2 2 2 2 2 2 2 2 2 2 2
left_child=2 5 10 4 7 6 -2 9 -9 -4 18 13 14 -8 15 -13 -15 26 -1 -20 -18 -7 23 24 -5 -19 27 -14 -29 -30
right_child=1 -3 3 22 -6 21 11 8 -10 -11 -12 12 17 16 -16 -17 20 25 19 -21 -22 -23 -24 -25 -26 -27 -28 28 29 -31
leaf_value=0.010292053089142203 0.050329300679006234 0.088657031848878021 -0.0081112931505129948 0.018499883537470511 -0.075544292852857117 -0.035493074653774381 -0.072029459000471807 -0.0036541587010617237 0.30651365702700617 -0.07886865657904861 0.04457114806251164 -0.068005560735519582 -0.064779806768742898 0.017208592485105128 0.12347518347988912 -0.44446205557878476 -0.11513733245790519 0.43552669224224289 -0.010787264788093547 0.089898131541565007 0.13163606996775409 0.097862890478404865 -0.070278537525217968 0.0023439101999974577 0.15206783779695351 0.084590462936531552 -0.04001544127405976 0.10180897041043313 -0.037098566423482658 0.05901672822870288
leaf_weight=341.08122492511757 71.890062464401126 104.84341194946319 50.674130255472846 12.365385703742506 134.14879204158206 6.2008867487311354 16.604990903288126 103.06703791371547 1.6011293898336578 69.961962889414281 52.836779264733195 53.124391510616988 10.778700837399809 126.31958258524537 3.8403786951676002 0.97106262017041345 1.8319454817101384 0.90938877873122637 946.8589043666143 10.82776362262666 14.698782720603047 37.581573731265962 15.198952027014455 149.4174374314025 8.1016432160977256 2.9732433622702956 37.002159499097615 15.633026642259209 20.106244889087975 19.764293206855655
leaf_count=10294 1600 10938 2564 962 44779 32 287 2417 42 30503 710 1673 173 2521 61 17 35 22 76007 159 283 2361 993 4636 93 56 827 299 237 679
internal_value=-0.00106419 0.0293232 -0.00979951 -0.0279248 -0.0443698 0.0151926 0.00814855 -0.0258082 0.00109054 -0.0491465 -0.00249718 -0.00119455 -0.018712 0.0169433 -0.0616227 -0.0747633 0.0272855 0.00448612 -0.00441202 -0.0096489 0.104288 0.0789758 0.00401343 0.0106601 0.0713713 0.166787 -0.00161502 0.0198221 0.0362516 0.0105469
internal_weight=2441.22 545.074 1896.14 544.536 359.453 440.231 396.448 225.304 104.668 120.636 1351.6 324.558 165.103 159.455 57.9358 54.0955 142.85 107.167 1298.77 957.687 16.5307 43.7825 185.083 169.884 20.467 3.88263 103.284 66.2823 55.5036 39.8705
internal_count=196260 22101 174159 86989 80305 11163 8770 35526 2459 33067 87170 7170 4044 3126 1751 1690 2839 2293 86460 76166 318 2393 6684 5691 1055 78 2215 1388 1215 916
is_linear=0
shrinkage=0.1


Tree=48
num_leaves=31
num_cat=0
split_feature=4 6 5 4 8 5 5 4 5 5 4 0 7 3 4 5 4 5 5 4 8 2 3 3 0 7 1 1 5 4
split_gain=55.6472 31.2282 24.8159 63.7506 27.2086 24.0348 19.8892 18.1292 13.1117 13.6896 12.8348 12.1298 10.5605 10.3764 10.1591 16.9184 18.9489 20.2934 17.5072 14.18 10.1108 9.91724 9.82823 14.6013 46.0507 13.825 27.8519 16.0305 18.9587 23.6114
threshold=41.138804457953405 1.0000000180025095e-35 26.953438174529762 13.370577281191805 26.500000000000004 23.381860075408465 44.487847222222229 20.297211800191281 28.405728886498121 31.752844199196137 24.331474331474332 57.93287566742945 1.0000000180025095e-35 48.683298683298688 30.697411846447807 37.981755179973142 37.939876215738288 41.128123550076232 42.631272364150796 34.217562623135386 3.5000000000000004 86.899313501144192 79.337712096332794 41.060765718299969 61.62029459901801 1.5000000000000002 24.588394062078276 25.677655677655679 26.210244392366928 28.511655708308428
decision_type=2 2 2 2 2 2 2 2 2 2 2 2 2 2 2 2 2 2 2 2 2 2 2 2 2 2 2 2 2 2
left_child=2 11 3 -1 6 21 7 8 -4 -10 -7 13 -9 -2 -14 20 18 -18 19 -17 -16 -5 23 24 25 26 -12 -28 -29 -30
right_child=1 -3 4 5 -6 10 -8 12 9 -11 22 -13 14 -15 15 16 17 -19 -20 -21 -22 -23 -24 -25 -26 -27 27 28 29 -31
leaf_value=0.0055484067281354015 0.012072156792343948 0.08516152142683131 0.18600452887154778 -0.08180962878626348 -0.05224692540825724 -0.050235455489137895 0.076754124593749307 0.021789309967284565 -0.023137952139390572 0.099823804100214908 -0.052870859576161972 0.047798586807939206 -0.01639804846683271 -0.061663009542916015 -0.0097310862578050446 -0.016990506100650754 0.033723872978164746 -0.090089368095650643 0.058616045239630356 -0.12313253091345899 0.026837267399010531 -0.020422225122060818 0.032994072778616969 -0.0731248798504225 2.449540977441615 -0.023233044485790097 1.1514767003282074 0.12593346485120624 1.1654139358331075 0.12418976214214308
leaf_weight=477.45963013544679 72.632884041639045 102.98076125234365 7.6623047895263872 173.54713813692797 84.134436430525966 95.915345884743147 39.096061287913471 210.07800372340716 17.075057890033349 19.274795289849862 3.311530549079186 67.203130484092981 349.3081779005006 25.887350713601336 104.32193709444255 19.477669045329094 65.589905523695052 16.585377708077431 9.94044031947851 35.574638937599957 274.71444143145345 31.020766543690115 49.121537443599664 31.581565252970904 0.078417044947854175 17.704532634350471 0.23904821090400252 1.960595904150978 0.47241635690443207 0.40406583552248776
leaf_count=10596 444 10522 738 77879 4444 24498 1832 3754 809 351 529 976 23618 195 3166 337 1131 267 244 503 7046 744 3678 12161 12 5358 42 298 55 33
internal_value=-0.00097433 0.0419151 -0.00637061 -0.019212 0.00267814 -0.0483766 0.00663219 0.00420523 0.0671229 0.0420635 -0.0237984 0.0150417 0.00165442 -0.00730263 -0.00317692 0.00559961 -0.0231768 0.00873474 -0.063525 -0.0855792 0.0167726 -0.0725008 0.000380439 -0.0283544 0.0301431 0.0222682 0.148383 0.365038 0.298774 0.685401
internal_weight=2404.35 268.704 2135.65 882.817 1252.83 405.357 1168.7 1129.6 44.0122 36.3499 200.789 165.723 1085.59 98.5202 875.513 526.204 147.168 82.1753 64.9927 55.0523 379.036 204.568 104.874 55.7522 24.1706 24.0922 6.38766 3.07613 2.83708 0.876482
internal_count=196260 12137 184123 135883 48240 125287 43796 41964 1898 1160 46664 1615 40066 639 36312 12694 2482 1398 1084 840 10212 78623 22166 18488 6327 6315 957 428 386 88
is_linear=0
shrinkage=0.1


Tree=49
num_leaves=31
num_cat=0
split_feature=6 5 7 1 3 3 8 4 2 5 5 0 1 3 0 5 0 5 2 7 8 8 7 5 4 2 3 5 1 7
split_gain=50.2479 38.2972 19.7726 24.2387 23.4259 17.1876 12.6489 11.6031 10.7058 10.3871 9.41063 9.38786 9.85458 24.6668 22.883 15.2762 12.3439 10.6844 11.0334 26.6513 13.1932 25.0322 9.04992 17.4555 15.7603 8.67246 11.6884 8.62473 8.37643 14.5492
threshold=1.0000000180025095e-35 43.379868681073511 5.5000000000000009 83.096903096903105 51.899951899951908 95.2934662236988 2.5000000000000004 31.084581991317748 50.878274268104782 50.862325304787397 14.884825039563923 13.260073260073259 38.379705400982004 73.746867167919817 30.053763440860219 28.077640910787611 72.148047997295933 28.254728567919432 37.590579710144937 2.5000000000000004 13.500000000000002 17.500000000000004 8.5000000000000018 39.293512164691215 40.074349442379187 30.860805860805865 24.440019910403191 26.577852527219623 30.860805860805865 3.5000000000000004
decision_type=2 2 2 2 2 2 2 2 2 2 2 2 2 2 2 2 2 2 2 2 2 2 2 2 2 2 2 2 2 2
left_child=2 5 9 4 7 6 -2 10 -9 11 -4 -1 14 15 28 -14 17 18 19 -17 -20 -22 -8 -24 -25 26 -16 -7 -13 -30
right_child=1 -3 3 -5 -6 27 22 8 -10 -11 -12 12 13 -15 25 16 -18 -19 20 -21 21 -23 23 24 -26 -27 -28 -29 29 -31
leaf_value=-0.054799580123993136 0.046219150290511601 0.086308612663046846 -0.0076257711820713423 0.0025971987408540324 -0.079640636656790442 -0.031492755089886533 0.007199520692053988 0.00069381315044499332 0.24626316690419717 0.075394392358482096 -0.062721393597983052 0.010535191279498118 -0.053275797293848695 0.0050210359232209685 0.23569889904663122 -0.10133318845791342 0.058323477225855319 -0.022860478117043875 -0.037859625744629803 1.5691080567272269 1.4159511978750721 -0.10045117883816326 -0.016931611248428079 -0.28998429400867543 0.05232643391898037 0.13541789249997477 -0.013392618101785759 0.09638728085348898 -0.0715173265041366 0.059233928662661306
leaf_weight=34.324615291436203 69.978048700839281 89.010834905318916 50.421557735069655 196.37056401080918 109.21330259693787 6.2459115460515013 259.42122995248064 83.308861486148089 1.813957838458008 17.038292536512017 80.492027811589651 285.47931097110268 145.97946041682735 588.57509458763525 2.2800364452414206 0.20395503519102876 23.093582121189684 162.10068257432431 1.591178529430181 0.17963292030617595 0.19766838802024711 0.24230188806541264 50.971157635562122 4.6329670967534176 1.8952051000669596 19.164035050664097 10.840365128009578 33.89292169502005 31.855345578514971 11.612727475352584
leaf_count=3212 1600 10938 2558 9894 41770 32 5597 2306 46 308 30415 14237 36414 22824 69 26 375 6843 340 29 30 60 1441 71 61 337 324 2361 1207 535
internal_value=-0.000963196 0.0266394 -0.00863636 -0.0251454 -0.0418951 0.0142021 0.00774025 -0.0228136 0.00592687 -0.00218465 -0.0415012 -0.00318776 -0.00180739 -0.00729178 0.0121933 -0.0290162 -0.0101397 -0.0197501 0.189049 0.680929 0.0961564 0.580833 -0.000756132 -0.0366499 -0.190607 0.092533 0.029894 0.0764882 0.0043084 -0.0365864
internal_weight=2372.43 516.048 1856.38 521.62 325.25 427.037 386.899 216.036 85.1228 1334.76 130.914 1317.72 1283.4 922.164 361.232 333.588 187.609 164.515 2.41474 0.383588 2.03115 0.43997 316.921 57.4993 6.52817 32.2844 13.1204 40.1388 328.947 43.4681
internal_count=196260 22101 174159 86989 77095 11163 8770 35325 2352 87170 32973 86862 83650 66941 16709 44117 7703 7328 485 55 430 90 7170 1573 132 730 393 2393 15979 1742
is_linear=0
shrinkage=0.1


Tree=50
num_leaves=31
num_cat=0
split_feature=5 2 1 0 0 3 1 5 1 1 6 3 3 2 2 7 6 1 5 0 2 7 0 3 1 1 5 7 1 8
split_gain=42.4178 24.0574 35.2777 35.3513 22.7064 23.6204 25.1271 20.7769 18.5672 18.4717 14.8382 14.4484 21.5124 33.5889 18.1691 14.412 14.0742 13.2634 11.6583 10.2029 18.5091 26.57 12.5481 10.1497 10.0103 9.85663 9.47116 21.6937 20.9662 9.28094
threshold=46.678281068524974 72.48188405797103 50.373134328358212 83.910792512943061 52.419984387197509 55.217785843920147 69.631093544137045 40.074349442379194 92.637759710930467 26.747967479674802 1.0000000180025095e-35 89.022757697456498 95.2934662236988 90.070422535211279 86.899313501144192 2.5000000000000004 1.0000000180025095e-35 27.33499377334994 25.403330731199585 45.035211267605639 45.035211267605639 1.5000000000000002 45.512082853855013 93.643953676272574 69.006568144499198 98.332870241733829 30.023474178403756 12.500000000000002 74.322344322344335 10.500000000000002
decision_type=2 2 2 2 2 2 2 2 2 2 2 2 2 2 2 2 2 2 2 2 2 2 2 2 2 2 2 2 2 2
left_child=1 2 9 4 -4 6 -6 11 23 -1 -2 14 13 25 -3 -15 17 -11 -8 -19 -21 22 -22 -7 -14 -13 27 -20 -29 -26
right_child=10 7 3 -5 5 8 18 -9 -10 16 -12 12 24 15 -16 -17 -18 19 26 20 21 -23 -24 -25 29 -27 -28 28 -30 -31
leaf_value=-0.011561887311223595 0.024209607138030397 0.014389093281913396 -0.062467094087946512 0.078586446640439414 -0.02189143153902582 -0.04101228615299797 -0.050540213821482598 0.062066723655751804 0.019464383569288313 0.092840542998286688 0.092205625354578172 -0.064140725797686191 0.20084401519976713 -0.006024093082654839 0.098676921974185552 0.089378639536329518 0.062850706157715236 0.0025295754076079466 0.2087015342105433 -0.053027736835916411 1.1609882760095802 0.069640072198819222 0.45148793251639535 0.098499346362419984 -0.0055956253473704856 0.19303473919100006 0.11131659826548648 1.9516015745156652 0.38343841418913732 0.034985415806612276
leaf_weight=414.60403153812513 71.702743779867887 221.54761828156188 187.96660202555358 29.600120638497174 29.978573036845773 337.62050682562403 3.7039682879112688 70.393014485016465 64.920393092790619 18.344309629173949 58.096653558779508 125.82106181967538 2.8547295248135915 50.867114594206214 28.911692795343697 22.991420397534966 61.658192671835423 278.89669987699017 3.3661421887809442 2.4714503017021334 0.39366807637270562 1.6130698556080458 0.67959074908867478 5.2965328512946135 126.95798236934934 1.5081478022038926 17.910386228468269 0.14582053548656393 0.20528404822107404 101.34280756511725
leaf_count=32029 883 11236 45004 886 3872 55058 978 3929 1592 857 7885 4639 56 674 415 293 1586 18993 284 293 20 283 37 328 2336 19 359 22 45 1369
internal_value=-0.000915703 -0.00417507 -0.0116662 -0.0282949 -0.0331538 -0.0212571 0.0400662 0.0103395 -0.0295737 0.00287081 0.0546438 0.00500677 -0.00606497 -0.0299751 0.0241188 0.0236738 0.0193074 0.0104291 0.11339 0.00510691 0.144471 0.326172 0.711731 -0.0388575 0.0147453 -0.0610946 0.141464 0.286722 1.03473 0.0124183
internal_weight=2342.37 2212.57 1459.38 680.714 651.114 463.148 55.3102 753.196 407.837 778.661 129.799 682.803 432.343 201.188 250.459 73.8585 364.057 302.399 25.3316 284.054 5.15778 2.68633 1.07326 342.917 231.156 127.329 21.6276 3.71725 0.351105 228.301
internal_count=196260 187492 162526 108428 107542 62538 5560 24966 56978 54098 8768 21037 9386 5625 11651 967 22069 20483 1688 19626 633 340 57 55386 3761 4658 710 351 67 3705
is_linear=0
shrinkage=0.1


Tree=51
num_leaves=31
num_cat=0
split_feature=6 4 4 4 5 2 8 5 4 8 8 2 1 4 5 0 0 3 3 8 5 7 1 2 3 2 5 0 2 0
split_gain=38.0066 32.728 16.26 33.8938 44.1781 16.1237 15.1535 13.8349 14.6263 11.8251 11.5171 10.479 9.74324 9.4201 9.15652 8.74741 8.55518 8.55367 15.3918 8.52233 14.4662 8.61565 8.29793 8.21412 8.22389 14.7561 11.3891 32.2029 10.5554 9.2991
threshold=1.0000000180025095e-35 41.138804457953405 31.084581991317748 1.0000000180025095e-35 23.887201162329948 91.545844394527279 14.500000000000002 37.221672439386445 18.764671361502355 27.500000000000004 27.500000000000004 90.070422535211279 87.841832963784199 20.040160642570285 55.193568859741909 91.010101010101025 96.58094681472825 94.360822556709792 91.73497267759565 4.5000000000000009 23.960733486943166 5.5000000000000009 17.44565217391305 80.735492577597867 60.120481927710848 52.419984387197509 30.023474178403756 54.261501210653762 59.299959299959305 55.612829324169539
decision_type=2 2 2 2 2 2 2 2 2 2 2 2 2 2 2 2 2 2 2 2 2 2 2 2 2 2 2 2 2 2
left_child=2 5 3 22 11 6 13 8 -6 14 19 16 -13 -2 15 -4 -5 18 23 20 -10 -21 -1 24 25 29 27 -27 -26 -15
right_child=1 -3 9 4 7 -7 -8 -9 10 -11 -12 12 -14 17 -16 -17 -18 -19 -20 21 -22 -23 -24 -25 28 26 -28 -29 -30 -31
leaf_value=-0.084646555864484899 0.11901717868596005 0.080987906997784631 0.0031897124229231717 -0.082903159265566406 0.051541487167650703 0.085592723265826634 -0.022858097893531826 0.034760050220082932 0.50566912934950869 -0.065401999365237926 -0.08364302817629593 0.11757531340997709 -0.043033346672772609 0.010844049839742187 0.09789842538785376 0.054079622675557971 0.79607241417657015 0.083212027045343126 -0.11019513009083631 0.0012579382946417154 -0.040838068871107053 -0.038161663605583887 0.0083689718134571066 0.073064055525551702 -0.075249695067109684 1.1990169609777446 0.10509384886129647 0.10804050872744686 0.0074276505815165528 0.13698332532684104
leaf_weight=9.797156270593403 9.2903453577309829 82.942272583488375 571.51144735375419 148.36510135489516 27.362769599654712 27.869755382649601 118.85254118777812 52.048625653609633 0.48595782020129163 22.857660257373936 29.97755160368979 4.7710904041305211 18.131213362328708 113.77416652487591 11.087592916563151 35.898223807103932 0.11081536114215751 17.886736325919628 9.9570979150012118 206.06983368669171 146.71869256324135 75.854600875871256 455.53069679439068 23.313665780704468 21.282617538468912 0.38322033174335846 6.5472634197212756 0.92032812954857945 56.267380560282618 6.1608814718201748
leaf_count=405 261 10522 12102 84603 2975 1888 3490 647 48 902 7299 85 291 2133 188 722 2 1072 179 18011 18757 18304 8818 621 475 20 96 37 1148 159
internal_value=-0.000880213 0.0236703 -0.00757606 -0.0145652 -0.0283145 0.0121455 0.00682374 -0.0142416 -0.0194844 0.00523086 -0.0237176 -0.0725355 -0.00957477 0.0200968 0.00784123 0.00619733 -0.0822471 0.0165138 0.0115139 -0.0195314 -0.0390339 -0.0093483 0.00641059 0.016814 0.0104275 0.0260178 0.158837 0.428768 -0.0152621 0.0173236
internal_weight=2312.03 495.448 1816.58 1175.22 709.896 412.506 384.636 538.518 486.469 641.355 459.107 171.378 22.9023 265.784 618.497 607.41 148.476 256.493 238.607 429.129 147.205 281.924 465.328 228.65 205.336 127.786 7.85081 1.30355 77.55 119.935
internal_count=196260 22101 174159 160245 151022 11579 9691 66041 65394 13914 62419 84981 376 6201 13012 12824 84605 5940 4868 55120 18805 36315 9223 4689 4068 2445 153 57 1623 2292
is_linear=0
shrinkage=0.1


Tree=52
num_leaves=31
num_cat=0
split_feature=4 2 7 5 1 1 2 2 4 7 2 1 0 0 5 2 3 8 1 7 8 4 1 8 8 6 5 5 8 4
split_gain=31.9886 32.7206 16.3373 13.8765 12.7624 36.1734 20.1881 15.6367 12.0599 10.1507 12.6468 10.0063 9.48753 9.16594 9.01095 8.61821 8.54001 13.5858 23.1826 16.5157 8.48368 8.08601 10.2115 13.7969 8.0675 9.26998 9.31077 9.46048 15.4073 12.0352
threshold=34.927566368614414 87.340132750526166 16.500000000000004 54.250427013533049 79.205974842767304 43.826219512195131 14.962686567164182 68.614072494669514 16.87529338131748 1.5000000000000002 69.282051282051299 62.910052910052919 14.059797380775885 91.545844394527279 26.834547566254887 77.459677419354861 63.224516988674225 1.5000000000000002 82.272360999194206 8.5000000000000018 32.500000000000007 1.0000000180025095e-35 78.086890243902459 38.500000000000007 14.500000000000002 1.0000000180025095e-35 32.843031220708063 43.768491124260358 3.5000000000000004 43.830158816787652
decision_type=2 2 2 2 2 2 2 2 2 2 2 2 2 2 2 2 2 2 2 2 2 2 2 2 2 2 2 2 2 2
left_child=2 3 4 13 5 6 -1 14 9 20 -11 15 -8 24 21 -12 17 18 19 -6 -9 22 -7 -24 25 26 -2 29 -29 -28
right_child=1 -3 -4 -5 16 7 12 8 -10 10 11 -13 -14 -15 -16 -17 -18 -19 -20 -21 -22 -23 23 -25 -26 -27 27 28 -30 -31
leaf_value=-0.041011633898266064 -0.080155047505278201 0.079679821369699644 -0.064950101059233128 0.088298168401709579 0.46960363632158275 -0.042434136017385896 -0.060397303270963737 -0.072432056756876403 -0.019616357199380867 0.33536249490045256 0.056772595880178627 -0.041573473113953673 0.015730034895478959 0.114576180402137 -0.029786572474304343 0.65970209153979498 0.0024965701170496556 0.048890314895171261 0.13264531353330292 1.870334883103437 0.19136098882522179 -0.082190601036078656 -0.10544455923701185 0.4922751809581703 -0.028809116399988795 0.034837093272766177 0.020156226893956589 0.017967041111821524 -0.070870694912473983 -0.074073859228082878
leaf_weight=83.237106273067184 13.434087248635477 76.94010073132813 48.925151997129433 21.687648978549987 0.18867287773173547 63.507193316705525 17.038837231346406 1.4667248125188068 88.966090131783858 1.1037711151875544 0.62208726769313105 12.337309426278805 417.60204631008673 7.7490230356343082 163.25402733264491 0.38305364025291055 650.85616866941564 15.317119113518855 0.94738772558048368 0.15198186377529055 7.2227373665664345 93.050900351954624 0.71587663609534391 0.83850765088573098 61.984470525872894 110.31126682390459 228.32739162747748 39.950119540095329 38.179539984092116 14.409643830731509
leaf_count=12453 887 6275 12489 1906 39 3852 2232 76 9188 57 69 592 25942 456 18951 24 29635 1290 83 30 124 59569 30 48 1157 5986 2195 309 232 84
internal_value=-0.000837876 0.0186968 -0.00801781 0.0099435 -0.00629715 -0.0137344 0.00410542 -0.0350482 -0.00289024 0.0614285 0.0100564 -0.0168549 0.0127457 0.00663963 -0.0462658 0.286546 0.00430331 0.0751202 0.387041 1.09453 0.146834 -0.0632808 -0.0362362 0.216993 0.00498861 0.00970043 0.00140594 0.00482074 -0.0254452 0.0145624
internal_weight=2280.71 612.973 1667.73 536.033 1618.81 951.346 517.878 433.468 112.102 23.1357 14.4462 13.3425 434.641 514.346 321.367 1.00514 667.461 16.6052 1.28804 0.340655 8.68946 158.112 65.0616 1.55438 506.597 444.612 334.301 320.867 78.1297 242.737
internal_count=196260 19487 176773 13212 164284 133207 40627 92580 10130 942 742 685 28174 11306 82450 93 31077 1442 152 69 200 63499 3930 78 10850 9693 3707 2820 541 2279
is_linear=0
shrinkage=0.1


Tree=53
num_leaves=31
num_cat=0
split_feature=5 3 5 7 5 4 6 8 6 0 1 2 3 0 1 2 0 4 0 1 5 8 0 3 1 1 0 2 0 2
split_gain=29.507 17.0906 21.7288 19.5237 13.9765 25.936 21.1671 14.1809 13.3985 13.1893 28.752 12.0296 20.6936 15.4304 15.1069 14.6697 14.0683 10.9572 10.8395 10.6628 10.3924 10.0833 10.0578 14.3031 11.0198 9.05467 12.3985 11.736 9.20862 9.0262
threshold=46.678281068524974 95.2934662236988 36.856806821523087 1.5000000000000002 29.85749983116094 1.0000000180025095e-35 1.0000000180025095e-35 14.500000000000002 1.0000000180025095e-35 93.582704186684992 92.637759710930467 75.905718027062434 88.2734912146677 67.826876513317202 54.669987546699879 22.335600907029484 21.84659090909091 40.633355614973269 87.585616438356183 89.039039039039054 23.874454886063514 21.500000000000004 90.070422535211279 90.070422535211279 92.637759710930467 28.416149068322984 23.294573643410853 30.860805860805865 51.191151446398194 86.899313501144192
decision_type=2 2 2 2 2 2 2 2 2 2 2 2 2 2 2 2 2 2 2 2 2 2 2 2 2 2 2 2 2 2
left_child=1 3 17 9 5 -5 20 22 -2 10 11 14 19 -14 15 16 -1 -3 -16 29 -7 -15 23 24 -6 26 -17 -27 -29 -13
right_child=8 2 -4 4 7 6 -8 -9 -10 -11 -12 12 13 21 18 25 -18 -19 -20 -21 -22 -23 -24 -25 -26 27 -28 28 -30 -31
leaf_value=0.0066259684415571176 0.020465513104208886 0.0076434809832929317 0.076772761757215618 -0.002029227906684682 0.00094934922844993545 -0.084144406157850404 0.0018405674126346463 -0.036751181040462676 0.089914091142973759 0.094136401615053156 -0.081820765839687448 0.071979072966097388 -0.11069015204202888 0.05853197542238732 -0.02584043368385873 0.035179767962092462 -0.083426153835576666 -0.30411616333074676 0.13344035127862994 -0.017416388489677866 -0.04211327765525192 -0.04013461353631189 0.087828752019259659 -0.06514034645637358 0.06848447850089294 -0.016798891761506413 0.15044332248206291 0.04608244194041921 0.4212203743228532 0.18690879154513351
leaf_weight=99.120018451474607 69.001648838631809 253.67087923805229 52.745262591168284 254.63734389306046 458.52544599119574 98.493637406674679 74.504919949453324 111.48230673698708 46.501106418436393 17.018725015223026 35.975335326744244 58.452428933465853 11.992238546954466 25.021188532118686 159.94494198844768 24.704943159944378 21.028702637529932 1.132386092096566 4.389775958377867 11.895942235365508 146.06584265228594 17.673765066894703 13.460187896154819 31.398244073614478 25.504858298692852 44.2419758340111 14.997482370934447 64.835571922711097 0.66102493205107649 7.7380865388549855
leaf_count=4603 883 4789 3563 7133 13062 69577 3579 4096 7885 424 740 1869 493 652 14913 551 711 24 95 408 49707 263 470 434 375 1322 296 3155 61 127
internal_value=-0.00080788 -0.00346353 0.0183514 -0.0071222 -0.014494 -0.0258298 -0.0448244 -0.00433845 0.0484253 0.00732034 0.00486877 0.010372 0.0367111 -0.0104634 0.0023127 0.0168805 -0.00913516 0.00625797 -0.0215857 0.0697494 -0.0590409 0.0176885 0.00249369 0.000265207 0.00450796 0.0377968 0.0787203 0.022991 0.0498685 0.0854151
internal_weight=2256.82 2141.31 307.549 1833.76 1214.07 573.702 319.064 640.371 115.503 619.692 602.673 566.698 132.774 54.6872 433.924 269.59 120.149 254.803 164.335 78.0865 244.559 42.695 528.889 515.429 484.03 149.441 39.7024 109.739 65.4966 66.1905
internal_count=196260 187492 8376 179116 148433 129996 122863 18437 8768 30683 30259 29519 3812 1408 25707 10699 5314 4813 15008 2404 119284 915 14341 13871 13437 5385 847 4538 3216 1996
is_linear=0
shrinkage=0.1


Tree=54
num_leaves=31
num_cat=0
split_feature=6 4 2 7 1 3 8 1 0 2 2 5 8 5 0 3 0 3 4 3 3 0 3 5 3 1 5 1 1 7
split_gain=26.2212 25.5968 13.7564 12.2621 12.853 23.3341 10.7431 9.35317 11.4617 13.5163 10.2332 8.96972 7.90753 10.132 9.9967 9.99004 7.94847 9.87962 7.682 7.63855 11.5911 7.14886 12.4897 7.07853 6.99946 10.6148 6.96867 6.89704 14.2834 8.63746
threshold=1.0000000180025095e-35 41.98212945910921 91.545844394527279 4.5000000000000009 86.319073083778974 41.897974493623416 14.500000000000002 23.606811145510839 20.112359550561802 13.42342342342342 19.695220503347958 37.651981294609904 57.500000000000007 43.046765119549939 69.006568144499198 48.683298683298688 14.359351988217973 83.096903096903119 20.040160642570285 94.360822556709792 91.73497267759565 8.5410334346504602 8.3920187793427221 32.843031220708063 77.459677419354861 94.957627118644083 24.331474331474336 35.767590618336889 28.759398496240603 12.500000000000002
decision_type=2 2 2 2 2 2 2 2 2 2 2 2 2 2 2 2 2 2 2 2 2 2 2 2 2 2 2 2 2 2
left_child=3 2 6 21 5 7 18 -5 9 -9 27 -12 13 -8 15 -15 -14 -18 26 20 -20 -1 -23 -7 25 -6 -2 28 29 -11
right_child=1 -3 -4 4 24 23 12 8 -10 10 11 -13 16 14 -16 -17 17 -19 19 -21 -22 22 -24 -25 -26 -27 -28 -29 -30 -31
leaf_value=-0.12967612680988627 -0.012161511173421423 0.080655058663585688 0.082234569912490299 -0.037209801110651718 0.091964655124365219 -0.074154302120836568 -0.022155372940062763 -0.098365184740587544 -0.010845812051078119 0.11494462875123766 -0.07853098896035024 0.13222440902101437 0.42742914930519627 -0.15277385068524943 0.10191148488327331 -0.69887124065544759 -0.046531619060340507 0.1713574086835804 0.014433727166890613 0.080050567856866067 -0.095488092568033658 0.21315363708385113 -0.00038642403807508932 -0.029037853775462114 -0.0044223038987162904 -0.084557694578036094 0.16933650692899008 -0.12713111216619738 0.25720230246728798 -0.042214361352667179
leaf_weight=4.2590253510279572 3.2318944772705418 61.070750078186393 25.572150459978729 75.710872103343718 16.81970638292842 102.67689410125604 106.23190091084689 5.2462115968810386 110.1528696770547 14.151823775493549 6.6610261743189749 2.8979568853974342 0.58486927766352792 0.73491274565458187 0.55661977734416712 0.61557771451771259 4.8831896842457336 3.6263801483437419 228.52344858506694 16.561643251217902 10.013419730123131 2.7455166806466869 1156.1017283737892 52.585623875027522 195.49834643630311 4.2716839333297676 6.1239627762697637 1.2035786396590982 5.6689277149271211 4.6449115481227627
leaf_count=429 158 9934 2049 13987 1084 57940 3040 836 13155 1204 839 16 22 31 40 16 278 91 4984 1169 186 326 73918 2629 6469 132 103 143 391 661
internal_value=-0.000747535 0.020283 0.0112299 -0.00633957 -0.0179743 -0.0290175 0.00647274 -0.00853679 0.00587533 0.0513826 0.0736832 -0.0146372 -0.018725 -0.0262566 -0.254709 -0.401695 0.0708317 0.0463225 0.017643 0.014379 0.00981937 -0.000355791 0.000119491 -0.0588739 0.00148235 0.0562132 0.10664 0.106573 0.11807 0.0761087
internal_weight=2229.63 468.331 407.26 1761.3 598.19 381.601 381.688 226.338 150.627 40.4744 35.2282 9.55898 117.233 108.139 1.90711 1.35049 9.09444 8.50957 264.454 255.099 238.537 1163.11 1158.85 155.263 216.59 21.0914 9.35586 25.6692 24.4657 18.7967
internal_count=196260 22101 12167 174159 99486 91801 10118 31232 17245 4090 3254 855 3518 3127 87 47 391 369 6600 6339 5170 74673 74244 60569 7685 1216 261 2399 2256 1865
is_linear=0
shrinkage=0.1


Tree=55
num_leaves=31
num_cat=0
split_feature=5 7 3 5 7 6 3 1 3 1 7 0 0 0 8 5 0 2 3 1 2 3 0 1 3 2 3 1 6 0
split_gain=23.1439 14.1837 15.7283 20.0258 14.196 11.7048 11.5654 27.2896 29.9877 18.8994 14.8116 10.176 9.13024 9.02745 9.90855 12.9112 8.77482 12.9047 21.3323 24.3032 14.0421 12.8687 10.9049 10.1055 11.3346 11.4105 14.7038 10.1114 10.0504 9.96836
threshold=47.083130772970357 16.500000000000004 95.2934662236988 36.856806821523087 1.0000000180025095e-35 1.0000000180025095e-35 37.590579710144929 72.438780609695172 62.575301204819283 21.114551083591333 2.5000000000000004 93.582704186684992 99.523809523809533 54.085850556438807 4.5000000000000009 35.097051138484517 90.070422535211279 92.031746031746039 90.070422535211279 93.127066603684469 64.747307373653697 91.331186258722497 65.24027459954236 93.419913419913428 92.403846153846175 82.426470588235304 92.907444668008068 97.014260249554383 1.0000000180025095e-35 73.205084163517711
decision_type=2 2 2 2 2 2 2 2 2 2 2 2 2 2 2 2 2 2 2 2 2 2 2 2 2 2 2 2 2 2
left_child=1 2 4 12 11 -2 9 10 13 -6 -8 -1 -4 14 15 -9 17 18 19 20 22 -18 -10 24 -20 26 28 -25 -26 -22
right_child=5 -3 3 -5 6 -7 7 8 16 -11 -12 -13 -14 -15 -16 -17 21 -19 23 -21 29 -23 -24 27 25 -27 -28 -29 -30 -31
leaf_value=0.010175524690935647 0.019577312658097108 -0.051220853918887643 0.015922626629800082 0.079544063952573074 -0.031348510010859192 0.090070792302476874 -0.012314139002947372 -0.10070924929856442 -0.017847431081765567 0.011625355627055359 -0.058417619234040957 0.10608550450086018 -0.041981184580005222 0.10252799422851655 -0.1568511115515587 0.53986874035290455 0.11593284721672659 0.12344638976454705 -0.060104978531699028 0.064756473579086468 0.02634690815198909 0.00083299090343752708 -0.085887946913073665 -0.11187481018021084 0.65812914842295123 -0.040968424725083996 0.065543112311396354 0.10299792079626527 0.10656912359069488 -0.016721823075591901
leaf_weight=323.47041557682678 62.132850272580981 59.088960871682502 210.81989829125814 47.363476634491235 133.50783115811646 37.934834470273927 111.16690265864599 0.72470269771292695 53.93372906249715 438.34915846935473 186.74329218035564 11.454157027881591 31.270421432796866 31.90435062762117 2.882973201747518 0.55608316417783499 12.838851065142078 6.71683624992147 31.918977819907013 42.893705465248786 80.780834589735605 39.906604592455551 41.819832468929235 36.77728471707087 0.83488868130370775 6.0812484878115356 4.3634712774073705 2.3287000097334376 0.54669998306781054 160.54305463453056
leaf_count=11396 821 12799 3656 3690 15844 7520 14286 328 15235 27526 48899 331 324 3054 729 16 243 88 1623 864 9980 842 5602 958 42 276 240 37 15 8996
internal_value=-0.000690485 -0.00291739 -0.00152679 0.0200775 -0.00507376 0.0463008 -0.00941928 -0.0167735 -0.00373336 0.00159252 -0.0412138 0.0134556 0.00844328 0.0844546 -0.0540305 0.177413 -0.00982348 -0.0141678 -0.016165 -0.00613994 -0.0151616 0.0288496 -0.0475637 -0.0621416 -0.029121 0.0545041 0.155563 -0.0990795 0.439875 -0.00230498
internal_weight=2211.66 2111.59 2052.5 289.454 1763.04 100.068 1428.12 856.263 558.353 571.857 297.91 334.925 242.09 36.0681 4.16376 1.28079 522.285 469.539 462.822 379.971 337.077 52.7455 95.7536 82.8513 43.7453 11.8263 5.74506 39.106 1.38159 241.324
internal_count=196260 187919 175120 7670 167450 8341 155723 112353 49168 43370 63185 11727 3980 4127 1073 344 45041 43956 43868 40677 39813 1085 20837 3191 2196 573 297 995 57 18976
is_linear=0
shrinkage=0.1


Tree=56
num_leaves=31
num_cat=0
split_feature=6 4 2 7 1 3 8 5 5 2 1 3 3 0 8 5 1 3 2 1 0 7 3 2 5 2 4 7 8 3
split_gain=21.0388 21.6081 12.3793 10.1112 13.5322 19.7176 9.8327 8.26021 10.5165 8.97058 17.01 8.05966 9.54531 8.23129 7.49262 7.74813 7.9169 7.12824 13.4776 9.51858 9.63136 8.33155 8.62688 17.5225 14.472 14.2749 11.8953 8.48839 14.7645 7.96224
threshold=1.0000000180025095e-35 43.830158816787652 91.545844394527279 5.5000000000000009 81.892697466467965 52.689415847310592 18.500000000000004 31.074521123064816 14.884825039563923 50.878274268104782 68.237250554323737 94.360822556709792 91.73497267759565 88.153818115545846 57.500000000000007 41.128123550076232 70.678733031674213 60.120481927710848 59.491634491634493 68.237250554323737 43.792808219178092 1.0000000180025095e-35 41.060765718299969 26.944684528954195 35.734237829209903 51.31670131670132 20.231407169609422 3.5000000000000004 7.5000000000000009 60.92258748674444
decision_type=2 2 2 2 2 2 2 2 2 2 2 2 2 2 2 2 2 2 2 2 2 2 2 2 2 2 2 2 2 2
left_child=3 2 6 -1 5 7 11 8 -5 -9 -11 12 13 17 15 -8 -17 19 29 21 -21 -2 23 -23 -24 27 -25 28 -26 -19
right_child=1 -3 -4 4 -6 -7 14 9 -10 10 -12 -13 -14 -15 -16 16 -18 18 -20 20 -22 22 24 26 25 -27 -28 -29 -30 -31
leaf_value=-0.0010373094328538547 0.07369971584950756 0.086921831362346241 0.079551277324493491 -0.003411938922290548 0.0022245865559698524 -0.075087799205006675 -0.024912380507682755 -0.00015112055738598351 -0.069352853699039457 -0.13934748518241633 0.41457453301797004 0.079787682964886406 -0.080327774094541921 0.10339220187417618 0.062712413023239794 -0.24958377379659502 0.045544491121942941 -0.33591396012520641 0.011061885399621994 -0.17280569512695487 0.12599452452143256 -0.0017859211657544997 0.0040976200581957856 0.52336451065448464 -0.84048231675696838 0.049184343787526723 0.09201834991733697 -0.18697204430449516 -0.17381319516701066 -0.061039339889149502
leaf_weight=1271.5509678022354 22.147660513874143 41.940963108558208 25.146892384625971 48.216339239035733 190.44316715700552 77.793235911114607 73.209835205459967 98.093770579434931 48.527688513102476 0.90922559984028284 1.42048076656647 18.436329228337854 10.873671265318988 10.191222715657203 9.2236994346603733 3.0677617057226589 1.2916278806515036 1.1043087770231093 84.828980860300362 1.171997298952191 13.560369916493071 75.851493693888187 13.562936883885415 0.66377141885459678 0.63465856574475654 1.8706080308184025 17.360390922054648 2.9255984406918287 0.69706223951652646 23.049292016774416
leaf_count=87170 704 8616 2450 2627 10923 39851 2398 2444 31075 46 23 1503 224 441 391 43 41 24 1999 19 325 1460 302 13 29 41 397 54 17 610
internal_value=-0.000648514 0.0185491 0.0115697 -0.00565319 -0.0182644 -0.0324555 0.00713772 -0.0156348 -0.0364885 0.00445486 0.198393 0.0157408 0.0115312 0.0152358 -0.0224929 -0.0326246 -0.162141 0.0117727 -0.00770305 0.0258808 0.102224 0.0175934 0.00665162 0.0192745 -0.0535275 -0.181069 0.107903 -0.282239 -0.491528 -0.0736067
internal_weight=2189.77 452.811 410.87 1736.95 465.404 274.961 385.723 197.168 96.744 100.423 2.32971 298.93 280.494 269.62 86.7929 77.5692 4.35939 259.429 108.983 150.447 14.7324 135.714 113.567 93.8757 19.6909 6.12793 18.0242 4.25732 1.33172 24.1536
internal_count=196260 22101 13485 174159 86989 76066 11035 36215 33702 2513 69 8162 6659 6435 2873 2482 84 5994 2633 3361 344 3017 2313 1870 443 141 410 100 46 634
is_linear=0
shrinkage=0.1


Tree=57
num_leaves=31
num_cat=0
split_feature=5 6 3 8 5 4 5 8 2 4 8 4 4 1 0 0 5 5 1 4 2 0 1 8 1 1 0 2 8 8
split_gain=18.7395 13.3487 14.8011 11.1591 10.3853 9.60955 50.2562 21.4083 9.06539 8.73225 14.869 14.019 8.50783 7.65693 6.87095 13.0403 10.9943 7.55606 7.63132 10.6668 6.84117 6.79217 6.5778 6.86103 8.71337 7.97021 15.1081 9.99454 8.88842 6.55557
threshold=52.008968609865477 1.0000000180025095e-35 95.2934662236988 2.5000000000000004 26.577852527219623 1.0000000180025095e-35 23.887201162329948 27.500000000000004 90.070422535211279 18.004739336492893 21.500000000000004 17.411248504188276 53.374741200828161 87.841832963784199 99.523809523809533 92.031746031746039 25.994350282485879 24.568837347606308 95.488466757123476 32.151830581478826 87.340132750526166 65.419580419580441 17.44565217391305 47.500000000000007 97.014260249554383 34.851621808143555 61.861471861471863 30.068493150684937 36.500000000000007 29.500000000000004
decision_type=2 2 2 2 2 2 2 2 2 2 2 2 2 2 2 2 2 2 2 2 2 2 2 2 2 2 2 2 2 2
left_child=1 5 3 -3 -4 22 8 9 -7 10 -8 -12 14 -10 15 16 -11 -17 19 -19 -9 -22 -1 25 -25 27 -27 28 29 -24
right_child=-2 2 4 -5 -6 6 7 20 13 12 11 -13 -14 -15 -16 17 -18 18 -20 -21 21 -23 23 24 -26 26 -28 -29 -30 -31
leaf_value=-0.080836415199216638 0.070985708615552867 0.042759046648965647 -0.052017630598917633 -0.00021855183833592863 0.093210335301193964 -0.077624678165940375 0.053666014057263373 -0.085712651844129961 0.098699065541940093 -0.044227119244851787 0.15810994654514821 1.165487957157227 -0.52846164880556368 -0.040111830874981186 -0.056211281278834117 0.19220138182387367 0.00013181871667423031 -0.045423757806473286 0.07751265920702792 0.085508113974361227 0.15503414309074126 -0.037039035245548031 0.073596457559046341 -0.010753746036609122 0.092095782055255371 -0.028699569444465618 0.030575067313617262 0.21198858898475384 0.087038370507172835 -0.0082392003465494665
leaf_weight=8.4320346922613663 35.9868595500011 74.838010526727885 5.7589839845895758 313.48053782852367 33.961270708357915 118.2724761205609 16.355607933131981 39.926036342687439 5.1460107173770693 59.54846513964003 0.3353241736185727 0.23492863564752042 0.30598870478570361 17.445249900221825 22.130560365505517 3.3742556273937216 905.34737371042138 17.523455509915951 25.141693780198693 9.6479537542909366 2.3199126259423783 8.9201634251512569 13.366396756842731 181.78251230227761 8.6282088719308359 70.653378820512444 109.86591834574938 3.4512759111821643 24.664563159458339 36.571094061248004
leaf_count=405 4399 3550 32 9372 5072 84855 1527 8534 85 22597 34 29 3 292 230 20 45530 133 419 196 27 101 177 3365 86 3020 1395 21 303 451
internal_value=-0.000576193 -0.00178105 0.0140115 0.00806423 0.0721539 -0.00573557 -0.0102675 -0.0031338 -0.0665375 -8.40681e-05 0.0711671 0.573122 -0.00124031 -0.00849242 -0.0010856 0.000109759 -0.00260579 0.0471621 0.0378069 0.00106719 -0.0663114 0.0026042 0.00666877 0.00831214 -0.00609326 0.0189202 0.00737559 0.0456201 0.0379234 0.0136651
internal_weight=2173.42 2137.43 428.039 388.319 39.7203 1709.39 1251.98 1111.11 140.864 1059.95 16.9259 0.570253 1043.02 22.5913 1042.71 1020.58 964.896 55.6874 52.3131 27.1714 51.1661 11.2401 457.415 448.983 190.411 258.573 180.519 78.0533 74.6021 49.9375
internal_count=196260 191861 18026 12922 5104 173835 164612 79380 85232 70718 1590 63 69128 377 69125 68895 68127 768 748 329 8662 128 9223 8818 3451 5367 4415 952 931 628
is_linear=0
shrinkage=0.1


Tree=58
num_leaves=31
num_cat=0
split_feature=5 7 4 0 4 5 5 4 5 8 5 0 5 5 8 5 5 5 2 8 8 4 5 4 5 0 4 5 0 7
split_gain=16.4777 12.4466 11.6943 14.0119 11.5294 27.1119 10.3162 11.3104 9.94563 12.4885 9.54357 9.67714 9.46181 8.99117 19.0848 8.45241 17.9497 8.48341 15.006 8.23013 8.08325 8.04747 12.5624 8.21343 12.1569 8.24065 7.92069 8.90489 9.33198 7.90363
threshold=54.250427013533049 1.0000000180025095e-35 30.515281464842424 85.867895545314909 18.142633228840126 23.381860075408465 33.942174033917162 34.623709623709637 37.651981294609904 3.5000000000000004 37.221672439386445 98.332870241733829 39.513565461669259 42.264971945494104 12.500000000000002 24.622963243652901 24.66356888540221 14.884825039563923 88.2734912146677 5.5000000000000009 28.500000000000004 38.364128703408731 42.264971945494104 41.98212945910921 42.631272364150796 67.826876513317202 20.524267399267409 23.460238637147388 89.512961508248239 1.5000000000000002
decision_type=2 2 2 2 2 2 2 2 2 2 2 2 2 2 2 2 2 2 2 2 2 2 2 2 2 2 2 2 2 2
left_child=1 12 4 6 15 -6 -4 13 -9 -10 11 20 -1 -8 -15 17 -17 -3 -19 -12 26 -11 -23 24 -24 -25 -7 28 29 -28
right_child=-2 2 3 -5 5 10 7 8 9 21 19 -13 -14 14 -16 16 -18 18 -20 -21 -22 22 23 25 -26 -27 27 -29 -30 -31
leaf_value=0.0081687521138451534 0.083354054813689515 0.001751994508538377 0.022461655618372049 0.047516869779093029 -0.069182199573399564 0.033573361090888217 -0.046965131977470348 0.024363290396412236 0.017326810847661935 -0.06326581020580728 0.071407004567406826 0.19555455615282213 0.052383138479653514 0.12056378778136022 -0.20424588144163278 1.1118333920714183 0.061926739608614535 -0.09117291969542779 0.12915757131781477 -0.0081980750964045623 -0.064419171248702875 0.019382073468571182 -0.36089822022134599 -0.049138241653095105 -0.077751507167740111 0.049229446238611911 1.1508147919385308 -0.018323767172210334 1.4389938724447706 0.11171260058892872
leaf_weight=349.96434508950915 23.153511732816696 369.04205562168499 155.70620196696837 68.778097343165427 97.586235440801829 32.95926806674106 90.9735528442543 121.77794445655309 102.20203423500061 44.927964217728004 24.326099410187453 2.146315459161996 56.168253324460238 8.3428579524625075 2.30978861125186 0.16457363730296393 15.439425697550176 21.048282768693756 3.6232191184535614 27.863611727487296 33.653166249103379 58.703205655794591 1.7589173913002003 37.077033996582031 10.995459120254962 11.055894158082081 0.079911693697794162 378.92086005449528 0.064826458692550659 0.87152159580728039
leaf_count=11169 3268 11092 9322 3934 57624 4744 1745 1673 2966 704 780 16 3751 221 64 29 1360 15916 59 567 8097 875 22 852 217 624 39 54258 2 270
internal_value=-0.000551421 -0.00146412 -0.00517735 0.00460789 -0.0121159 -0.0209615 3.82764e-05 -0.00708534 0.000684183 -0.0101271 -0.0115668 -0.0162745 0.0142836 -0.0367868 0.0501361 0.00081742 0.073 -0.00204338 -0.0588155 0.0289066 -0.0172926 -0.027182 -0.013626 -0.04545 -0.116799 -0.0265437 -0.0134515 -0.0175309 0.278087 0.198988
internal_weight=2151.68 2128.53 1722.4 714.609 1007.79 598.472 645.831 490.125 388.498 266.721 500.886 448.696 406.133 101.626 10.6526 409.318 15.604 393.714 24.6715 52.1897 446.55 164.518 119.591 60.8873 12.7544 48.1329 412.896 379.937 1.01626 0.951433
internal_count=196260 192992 178072 23219 154853 126397 19285 9963 7933 6260 68773 67426 14920 2030 285 28456 1389 27067 15975 1347 67410 3294 2590 1715 239 1476 59313 54569 311 309
is_linear=0
shrinkage=0.1


Tree=59
num_leaves=31
num_cat=0
split_feature=4 6 3 5 8 7 4 5 8 2 2 3 0 1 1 0 3 2 3 1 0 1 1 3 2 5 4 4 1 2
split_gain=14.7416 11.814 13.2155 9.21374 9.04872 8.70639 7.92109 38.1433 17.6952 8.03682 7.48286 9.21402 10.8614 10.8952 10.474 10.931 7.73342 12.6256 11.7322 9.42962 7.6208 7.41397 13.5766 10.411 9.78965 9.07674 7.77306 11.5769 6.69377 11.7983
threshold=51.676029962546814 1.0000000180025095e-35 95.2934662236988 26.577852527219623 1.0000000180025095e-35 16.500000000000004 1.0000000180025095e-35 23.887201162329948 27.500000000000004 90.070422535211279 87.762088147197275 88.047619047619065 67.826876513317202 90.366769774635443 92.403846153846175 88.548009367681502 60.120481927710848 67.769272826681259 81.872946330777665 26.747967479674802 75.134408602150543 42.488716956802065 62.910052910052919 42.947558770343583 27.475490196078436 37.981755179973142 40.074349442379187 32.444286391654821 26.586345381526108 25.844402277039851
decision_type=2 2 2 2 2 2 2 2 2 2 2 2 2 2 2 2 2 2 2 2 2 2 2 2 2 2 2 2 2 2
left_child=1 5 4 -4 -3 6 -1 9 -9 -8 11 14 -13 -14 15 16 19 -18 -19 28 -20 24 23 -23 -21 -25 27 -27 29 -6
right_child=-2 2 3 -5 10 -7 7 8 -10 -11 -12 12 13 -15 -16 -17 17 18 20 21 -22 22 -24 25 -26 26 -28 -29 -30 -31
leaf_value=0.0073178384371562618 0.074324652129743693 0.071322779491654553 -0.044908557720566185 0.091933271931712246 -0.013176383508216011 -0.049859311018883995 -0.073949134470551875 0.00042728493695565222 -0.06234039581122211 -0.0074393594313555862 0.057503523810693673 -0.15379248591171335 0.073741103778745876 -0.062517812616687471 0.10855697833855578 0.29314277329163546 -0.053585694790189403 -0.029636621877671382 0.10984464168513591 0.027785990617071279 0.0012151689821907157 0.04859438322764538 0.06487918151194054 -0.043514028259676894 0.12211736928760525 -0.069778461491667734 -0.028370656877832964 -0.50649667997551362 -0.17871908345238538 0.21206201461121213
leaf_weight=446.69343160884455 25.988480355823413 21.322020626394078 5.8370861709117881 31.330130507936701 77.482720691710711 42.554435282654595 98.197652792674489 1028.9610938149272 46.964172162755858 22.292798448354006 24.645406298339367 7.6349386558867982 8.6556611345149594 18.222087636822835 9.6393352567683888 1.2895333373453457 54.863766223657876 29.098441492533311 14.832378353225069 29.022493255790323 11.438507835846393 9.9945623562671262 24.462830485776067 16.603099779691551 17.71791156521067 1.0594367980957029 1.447151322616264 1.4213873548433182 2.3201678453478953 2.3975602812133721
leaf_count=8622 3684 1570 32 5330 1942 12422 78379 65966 8122 377 1364 217 266 497 390 53 1988 888 425 862 433 320 755 470 623 24 94 30 55 60
internal_value=-0.000530498 -0.00145317 0.0134944 0.0704424 0.00800491 -0.0052018 -0.00404523 -0.00828774 -0.00231253 -0.0616437 0.00429848 0.000437333 -0.0485364 -0.0186372 0.00597737 0.00263064 0.0013571 -0.019587 0.0141013 0.0139094 0.0625467 0.0342628 0.00937342 -0.0351081 0.0635442 -0.0758547 -0.212555 -0.319996 -0.0112794 -0.00641598
internal_weight=2134.39 2108.4 422.739 37.1672 385.571 1685.66 1643.11 1196.42 1075.93 120.49 364.249 339.604 34.5127 26.8777 305.091 295.452 294.162 110.233 55.3693 183.929 26.2709 101.729 54.9885 30.5256 46.7404 20.5311 3.92798 2.48082 82.2004 79.8803
internal_count=196260 192576 18688 5362 13326 173888 161466 152844 74088 78756 11756 10392 980 763 9412 9022 8969 3734 1746 5235 858 3178 1693 938 1485 618 148 54 2057 2002
is_linear=0
shrinkage=0.1


Tree=60
num_leaves=31
num_cat=0
split_feature=5 2 3 0 1 3 4 0 7 1 3 2 8 2 3 0 0 3 1 7 0 3 7 0 3 7 3 2 2 3
split_gain=13.059 10.0268 19.5584 20.4729 19.9313 15.8936 15.7713 14.9571 12.8442 11.8724 11.7649 15.1585 16.1778 11.4925 13.6507 17.7129 45.0087 11.4073 9.70862 14.1728 12.5832 12.4254 12.3708 11.0442 8.87471 8.60903 8.62402 15.4898 11.2765 19.7437
threshold=54.250427013533049 71.209658695147439 51.668520578420477 59.122919334186939 76.833631484794282 62.418831168831176 41.98212945910921 83.910792512943061 2.5000000000000004 77.032967032967051 73.37552742616036 58.578637510513055 70.500000000000014 53.694939934473986 76.253132832080212 58.102025506376592 64.826798629615553 62.115563839701778 50.373134328358212 12.500000000000002 46.225071225071225 14.870093974571583 14.500000000000002 14.059797380775885 15.047169811320758 11.500000000000002 89.022757697456498 86.899313501144192 91.545844394527279 95.024752475247539
decision_type=2 2 2 2 2 2 2 2 2 2 2 2 2 2 2 2 2 2 2 2 2 2 2 2 2 2 2 2 2 2
left_child=1 2 3 18 8 9 25 -7 10 -6 -4 13 -13 -12 15 -15 -17 -11 21 -20 -21 -1 23 -23 -25 26 27 -3 29 -28
right_child=-2 6 4 -5 5 7 -8 -9 -10 17 11 12 -14 14 -16 16 -18 -19 19 20 -22 22 -24 24 -26 -27 28 -29 -30 -31
leaf_value=-0.026023726039513181 0.078971940839123914 0.0080716098129288098 -0.030957572439816689 0.095423299134394027 0.384302612851186 -0.017905177098106281 0.067660396092087641 0.069266736885001151 -0.06350608171819494 0.055650149310337571 -0.026318294135825385 -0.020815535806903328 0.61333094570207436 0.36953391609346486 0.13136391262963293 2.3578075766784639 -0.10126072256701393 0.69941149998002783 -0.053004628680515822 -0.01474111553371568 0.14880106792460163 -0.059607927674587682 -0.07768991656180825 0.12932592061500603 0.012627870483548546 0.070570380462959548 -0.044515773778365408 0.084210613526251324 0.014493784535274496 0.011585893981338025
leaf_weight=118.7333283192711 20.487232247134671 239.28282243711874 93.918086576333735 23.103976942948066 1.2698532913927945 197.95340961264446 41.920867995126173 21.856393147609197 133.55345484451391 15.922531248652376 1.3440592563711131 11.335372147092126 0.41709239577176127 1.1276252085808667 1.6926800818764602 0.16289316402981047 0.13705744099570438 0.28009444376221004 68.823243172140792 13.821616669010838 7.1325113407219751 21.154737393546384 15.979594481352249 6.5885339062660924 597.5817026279401 19.191144761978649 140.67296167113818 30.078523637959734 158.52933763340116 113.21662789629772
leaf_count=14814 3268 13370 14220 1023 155 23776 4883 883 47349 1436 68 1057 31 61 79 33 43 32 13436 3532 1027 2225 2715 457 33862 793 5173 507 3537 2415
internal_value=-0.000479514 -0.00125582 -0.00637825 0.00254343 -0.0225703 -0.0019406 0.00807961 -0.00923739 -0.0426578 0.0898556 -0.0173763 0.0612782 0.00169018 0.218146 0.323449 0.551206 1.23418 0.0667788 1.83032e-05 -0.031081 0.0409265 0.00369182 0.00919346 0.0114137 0.0139005 0.00451644 0.00265712 0.0165738 -0.0064322 -0.0194984
internal_weight=2117.27 2096.78 1353.89 872.919 480.971 237.282 742.892 219.81 243.688 17.4725 110.135 16.2168 11.7525 4.46432 3.12026 1.42758 0.299951 16.2026 849.815 89.7774 20.9541 760.038 641.305 625.325 604.17 700.971 681.78 269.361 412.419 253.89
internal_count=196260 192992 162314 73091 89223 26282 30678 24659 62941 1623 15592 1372 1088 284 216 137 76 1468 72068 17995 4559 54073 39259 36544 34319 25795 25002 13877 11125 7588
is_linear=0
shrinkage=0.1


Tree=61
num_leaves=31
num_cat=0
split_feature=6 4 2 1 1 7 8 0 8 3 5 1 5 4 5 8 2 3 5 7 5 4 1 2 2 5 0 4 0 3
split_gain=12.3507 15.515 8.60054 6.77074 6.69078 6.67487 6.38324 6.13383 6.17017 7.07033 7.00627 7.12077 7.2563 6.04601 33.4176 16.6304 6.9959 6.58498 5.92388 5.84425 8.20135 12.0383 9.29896 8.86674 10.4485 10.7064 9.92044 9.14746 8.17741 13.6628
threshold=1.0000000180025095e-35 43.830158816787652 91.545844394527279 96.076923076923094 95.861872146118742 16.500000000000004 14.500000000000002 89.512961508248239 57.500000000000007 67.083333333333343 41.128123550076232 70.064935064935085 29.647350699982287 1.0000000180025095e-35 23.381860075408465 27.500000000000004 87.340132750526166 91.331186258722497 59.413115224565942 11.500000000000002 30.805176132278941 21.69243009774949 15.047169811320755 12.945119396732304 20.112359550561802 37.221672439386445 19.098277608915911 32.151830581478826 46.225071225071225 38.757823784304293
decision_type=2 2 2 2 2 2 2 2 2 2 2 2 2 2 2 2 2 2 2 2 2 2 2 2 2 2 2 2 2 2
left_child=5 2 3 4 6 13 -2 8 9 10 11 -8 -13 -1 17 18 -17 -15 19 -16 -21 -22 -23 -24 25 26 27 -25 -26 -30
right_child=1 -3 -4 -5 -6 -7 7 -9 -10 -11 -12 12 -14 14 15 16 -18 -19 -20 20 21 22 23 24 28 -27 -28 -29 29 -31
leaf_value=0.0065793626988156903 0.012720379994920756 0.08225849880573223 0.072323094974621846 0.065549108469888706 -0.19415473048042545 -0.044442865308797229 -0.0071980608046322645 0.14324174122104258 0.058991473859086686 -0.057357656640279767 -0.13540701452494053 -0.10286689290306468 0.16515794521381369 -0.078112315146752431 -0.0019148441006488276 -0.082687316214937176 0.0080642340856108743 -0.021616616607186792 0.11269562036839725 -0.027730618268506105 0.26745529456614808 0.35507031036022069 -0.14461664563939394 -0.029268526308639783 -0.055453274963975535 0.046261240503324044 0.51267252801397856 0.32626398463066725 0.74617638777719475 0.04075887751750739
leaf_weight=445.89265751838684 243.82141615555156 31.521702787897084 20.541752456687391 18.074541735928506 1.7164642424322654 40.516235266812146 43.234545946121216 2.3514437214471391 9.0290482298005355 43.456433614250273 3.7133176364004603 1.2806598024908442 4.7812064909376204 72.426582883519586 969.12586084340001 35.008926935726777 11.215818796539677 28.848994621599559 4.695373927243053 19.416986506024841 2.3939839630620545 0.90726437838747997 2.6870576227083793 1.3455855867359772 10.780099330702795 5.722069725394249 1.1154417623765764 1.565754424780607 0.2775899069383766 25.2080243419623
leaf_count=8622 6101 8616 2450 1457 40 12426 1287 39 388 1465 78 139 41 69885 62286 9126 136 2129 134 7801 80 18 75 75 498 38 25 36 8 761
internal_value=-0.000497614 0.0147628 0.00933534 0.0058521 0.00279878 -0.00434667 0.0037601 -0.0164975 -0.020058 -0.0274568 -0.00294469 0.00703321 0.108534 -0.00335526 -0.00706921 -0.00197048 -0.0606677 -0.0620192 0.000625342 0.000119635 0.0277263 0.048433 0.0378636 0.0319544 0.0422654 0.134173 0.259096 0.161941 0.017559 0.0484423
internal_weight=2102.67 423.523 392.001 371.459 353.385 1679.15 351.668 107.847 105.495 96.4662 53.0097 49.2964 6.06187 1638.63 1192.74 1091.47 46.2247 101.276 1045.24 1040.55 71.4199 52.0029 49.6089 48.7016 46.0146 9.74885 4.02678 2.91134 36.2657 25.4856
internal_count=196260 22101 13485 11035 9578 174159 9538 3437 3398 3010 1545 1467 180 161733 153111 81097 9262 72014 71835 71701 9415 1614 1534 1516 1441 174 136 111 1267 769
is_linear=0
shrinkage=0.1


Tree=62
num_leaves=31
num_cat=0
split_feature=8 5 1 3 2 5 2 2 0 1 1 2 7 1 0 3 3 4 1 3 5 5 2 3 7 5 0 1 1 3
split_gain=10.9019 10.9065 8.64055 23.8119 13.1202 12.2324 12.0547 11.2056 12.4495 18.5645 10.4407 9.42185 8.62742 9.98102 13.3566 12.3393 27.4062 28.1548 9.52612 9.01231 8.39012 17.581 8.58932 14.4338 7.68909 7.57505 7.47358 8.22498 8.045 7.99345
threshold=1.0000000180025095e-35 38.364128703408731 78.086890243902459 44.590643274853811 46.247654784240154 39.513565461669259 87.340132750526166 19.399641577060937 19.695220503347958 23.606811145510839 19.399641577060937 13.42342342342342 2.5000000000000004 58.397435897435898 46.543485186365096 65.599385245901658 67.083333333333343 34.927566368614414 50.373134328358212 46.709956709956721 27.038103677447946 24.401694721172564 69.860393956779504 76.817702845100129 1.5000000000000002 33.403068340306838 19.399641577060937 21.380952380952387 16.784037558685448 16.767068273092374
decision_type=2 2 2 2 2 2 2 2 2 2 2 2 2 2 2 2 2 2 2 2 2 2 2 2 2 2 2 2 2 2
left_child=1 -1 3 7 -5 -4 -7 8 9 -2 -10 -11 13 14 -6 18 17 -17 25 -20 21 22 -18 -24 -13 -16 28 -28 -9 -29
right_child=2 -3 5 4 12 6 -8 26 10 11 -12 24 -14 -15 15 16 20 -19 19 -21 -22 -23 23 -25 -26 -27 27 29 -30 -31
leaf_value=0.00090580392113069781 -0.017635364299777623 0.069568723004684668 0.0013302328324655195 -0.068983991390455565 -0.017269063497114837 0.017382178924968582 0.095838646771883404 0.20989486743834662 0.48801562267980814 -0.053870422023333725 -0.060950911811366838 -0.040460397575447699 -0.035585664352449406 -0.013152221696340411 0.74820778133498 0.42874578115853457 -0.10377665181355014 2.3843373826415202 0.50981500541296343 0.0067920739480453428 0.075008948821157995 0.99620841552739481 1.3063292758650413 -0.10228157625168054 0.089261959273570529 0.10217623450165435 0.20690819666043728 0.51837516995577015 -0.032478351350236086 0.014804574402874993
leaf_weight=49.482059324800503 178.81464857101673 43.444389538839459 724.04116007429548 62.99867210155935 11.75595960672945 71.344680061563849 26.993459743680432 1.4108613476273593 0.34878706507151847 6.9898203490301958 51.62347147485707 5.2687263067346057 168.46373187823338 154.71260471333517 0.34930546872783264 0.18829021585406769 0.48962191410828404 0.12088554631918669 0.37563494715141121 6.8743350158329122 1.8798142672749234 0.36062412319006398 0.14147958735702559 0.14973210240714252 34.417613548866939 0.37781452876515687 2.2487995805568053 0.31544831121573125 46.695438235008623 435.27055710947025
leaf_count=5134 20597 3637 36585 18491 1433 3687 4570 137 24 942 3345 183 46520 16239 37 47 95 4 31 1030 79 35 13 36 2638 16 156 24 2876 27619
internal_value=-0.000474154 0.0330067 -0.00203366 -0.00754491 -0.0270076 0.00582491 0.0389182 0.00288847 -0.0131451 -0.00297572 -0.0572668 0.0531848 -0.01937 -0.00400371 0.0573656 0.13496 0.296631 1.19337 0.0674622 0.0328547 0.204865 0.418719 0.152008 0.582065 0.0720401 0.412527 0.0120433 0.0161541 -0.02537 0.0151693
internal_weight=2087.95 92.9264 1995.02 1172.64 409.239 822.379 98.3381 763.404 277.463 225.491 51.9723 46.6762 346.24 177.776 23.0635 11.3075 3.33045 0.309176 7.97709 7.24997 3.02127 1.14146 0.780834 0.291212 39.6863 0.72712 485.941 437.835 48.1063 435.586
internal_count=196260 8771 187489 142647 84106 44842 8257 58541 27729 24360 3369 3763 65615 19095 2856 1423 309 51 1114 1061 258 179 144 49 2821 53 30812 27799 3013 27643
is_linear=0
shrinkage=0.1


Tree=63
num_leaves=31
num_cat=0
split_feature=6 4 2 0 1 5 3 0 7 7 4 5 3 0 5 3 7 3 0 8 4 1 5 4 4 3 7 2 2 0
split_gain=10.3925 13.109 7.06609 6.02279 20.8421 16.2774 12.1742 8.70584 8.46962 7.71874 7.36135 9.89823 7.5506 16.7781 12.3451 9.11556 7.17378 9.92263 9.65514 7.02406 8.82156 8.51537 8.21099 18.668 6.45544 6.32846 23.211 37.1626 6.17796 11.0736
threshold=1.0000000180025095e-35 43.830158816787652 91.545844394527279 61.861471861471863 50.373134328358212 35.097051138484517 56.992481203007529 56.048780487804891 13.500000000000002 11.500000000000002 18.764671361502355 22.650803978064882 74.023338406900066 69.282051282051299 28.077640910787611 80.874970117140819 11.500000000000002 18.286311389759671 28.03508771929825 21.500000000000004 37.522563176895311 79.008567931456568 22.791368793861086 24.861810963505885 25.821886093532957 58.745098039215691 3.5000000000000004 57.735042735042732 75.905718027062434 84.660633484162915
decision_type=2 2 2 2 2 2 2 2 2 2 2 2 2 2 2 2 2 2 2 2 2 2 2 2 2 2 2 2 2 2
left_child=3 2 -2 4 8 7 24 -6 16 10 12 25 -8 14 15 -14 17 18 -1 22 -21 -22 23 -13 -5 26 -12 -28 29 -24
right_child=1 -3 -4 6 5 -7 9 -9 -10 -11 11 19 13 -15 -16 -17 -18 -19 -20 20 21 -23 28 -25 -26 -27 27 -29 -30 -31
leaf_value=-0.022449842963035659 0.0058291954679344331 0.079811883503906056 0.068491806693427956 -0.0060007234435063509 -0.068826608653095159 0.00098139976903311669 -0.040774795134527898 -0.021170405722470434 -0.053902297918347268 0.039506608634544409 -0.10142254640014502 -0.10483935703371219 0.0051145797033532742 0.011410611522190257 0.68583076194518666 0.17073051166936715 0.058069130196983433 0.0086788731617720074 0.3239956315659715 -0.058372652731809839 -0.076188845408498934 0.20902342620071362 -0.026962668886104463 0.97406668205227764 0.12135481754141125 -0.069197503354944401 -0.10010327279107517 6.6336221883079034 0.0067527260835336615 0.067640275180344336
leaf_weight=158.51486501295585 367.63563979591709 27.951717702817405 18.921625192975625 5.7514022739778765 108.57472014866653 88.595416805823334 22.9457578943111 59.252198332978878 27.676104486628901 47.368787760060513 0.11004304088419559 0.3789065700257187 5.3416244321560926 175.59829537785845 0.37987476191483516 8.795850571972549 22.505908679711865 413.73187122441595 0.8085338220698749 39.428863450448262 1.7747097825631488 2.5522387456148863 136.3747382251313 0.27806298946961761 12.922997158428187 28.485321665590163 0.018289770872797817 0.014850650884909555 281.1828762308578 13.607776083750649
leaf_count=18109 11035 8616 2450 690 56416 1771 2712 19021 6373 2621 48 166 837 3866 23 578 3084 23295 46 5083 28 29 12569 68 296 10592 24 20 5536 258
internal_value=-0.00048813 0.0136785 0.00889647 -0.00401929 -0.00969822 -0.0336955 0.00235816 -0.0520013 0.000175129 0.00040989 -0.00217208 -0.00875754 0.0134123 0.0199524 0.123271 0.108155 0.00268814 0.000513134 -0.0206917 -0.00531988 -0.0434983 0.0920428 -0.00145133 0.351809 0.0821314 -0.0658641 0.597289 2.91737 -0.00198959 -0.0183794
internal_weight=2077.48 414.509 386.557 1662.97 879.66 256.422 783.311 167.827 623.237 764.637 717.268 504.207 213.061 190.116 14.5173 14.1375 595.561 573.055 159.323 475.578 43.7558 4.32695 431.822 0.65697 18.6744 28.6285 0.143183 0.0331404 431.165 149.983
internal_count=196260 22101 13485 174159 128115 77208 46044 75437 50907 45058 42437 34421 8016 5304 1438 1415 44534 41450 18155 23737 5140 57 18597 234 986 10684 92 44 18363 12827
is_linear=0
shrinkage=0.1


Tree=64
num_leaves=31
num_cat=0
split_feature=5 7 4 3 5 1 2 4 5 0 4 5 4 5 5 8 5 4 5 1 0 8 8 5 1 5 4 5 8 4
split_gain=9.35546 8.82353 7.65498 9.22244 12.3081 8.46779 8.11666 7.92976 23.4161 7.61653 7.24143 8.94993 10.2218 11.9252 7.38109 14.5443 7.02309 7.9235 6.5159 6.77326 10.9718 7.48523 6.51438 6.34932 6.26219 6.24296 11.569 8.92215 7.4609 6.65133
threshold=55.193568859741909 1.0000000180025095e-35 30.515281464842424 94.791101465002725 33.942174033917162 99.397590361445793 61.143790849673216 18.142633228840126 23.381860075408465 98.332870241733829 34.623709623709637 37.651981294609904 37.939876215738288 42.631272364150796 42.264971945494104 12.500000000000002 37.221672439386445 23.690446495385384 39.513565461669259 98.275349390425234 93.582704186684992 16.500000000000004 5.5000000000000009 24.622963243652901 93.127066603684469 43.768491124260358 43.41595267237863 48.110783287332261 2.5000000000000004 43.830158816787652
decision_type=2 2 2 2 2 2 2 2 2 2 2 2 2 2 2 2 2 2 2 2 2 2 2 2 2 2 2 2 2 2
left_child=1 18 7 4 -4 -5 -7 23 -9 16 14 -12 13 -13 -6 -16 -10 -18 19 20 24 -21 -19 -3 -1 29 27 -27 -28 -14
right_child=-2 2 3 5 10 6 -8 8 9 -11 11 12 25 -15 15 -17 17 22 -20 21 -22 -23 -24 -25 -26 26 28 -29 -30 -31
leaf_value=0.010622593968100997 0.078310889810107365 -0.0021656572995134024 0.02462604872915055 0.085470278356482784 -0.042197648313298836 -0.08560972584026294 0.029063405873168632 -0.066793898558473078 -0.014461314728738709 0.17698387759096396 0.020388700508184809 -0.080424507574596696 0.018165350223827273 0.041045899300563508 0.1142747326017472 -0.17863273556031684 0.090672874492651989 0.048693967166606816 0.045718301203845797 -0.063512366686138702 0.08852342779714599 0.050335878325351607 -0.036488629341854199 0.061972820271552126 -0.053247369391352488 -0.1347178772041526 0.039004858370648959 0.032917534961192658 -0.035012328650363446 -0.053156663433497911
leaf_weight=276.72912258422002 14.83787842816673 386.62083388929022 146.63897940341849 23.878732363809831 87.037139122490771 7.1104164104908696 46.788543092785403 83.679144959227415 427.83780335675692 2.1809395651798686 118.94145162124187 37.729897933779284 115.23987670172937 10.285321033094077 7.6386983278207463 2.1787811950780451 13.481417080387471 16.015622452367097 50.263581041013822 24.457348900148645 17.530674487585202 7.5601500731427214 20.43050130433403 16.076196608773898 16.252421738579869 13.819593623280527 23.486671742750332 4.121945775113999 32.412074820924317 14.749082616763188
leaf_count=10156 2864 27067 9131 1734 1715 182 2650 57624 67410 39 1649 534 1812 316 193 69 346 547 3875 348 346 87 434 1389 232 262 1328 190 1476 255
internal_value=-0.00080826 -0.0013806 -0.00457258 0.00345566 -0.000652018 0.0358976 0.0139356 -0.0103222 -0.0179793 -0.0094684 -0.00857851 -0.00221855 -0.0128955 -0.0544044 -0.0329262 0.0492701 -0.0103195 0.0251721 0.012096 0.00716218 0.0116777 -0.0366299 0.000943398 0.000394835 0.00707957 -0.00311746 -0.0263378 -0.0962048 -0.00391293 0.0100729
internal_weight=2066.01 2051.17 1658.38 692.057 614.28 77.7777 53.899 966.322 563.625 479.946 467.641 370.786 251.844 48.0152 96.8546 9.81748 477.765 49.9275 392.793 342.53 310.512 32.0175 36.4461 402.697 292.982 203.829 73.8403 17.9415 55.8987 129.989
internal_count=196260 193396 178352 23496 18930 4566 2832 154856 126400 68776 9799 7822 6173 850 1977 262 68737 1327 15044 11169 10734 435 981 28456 10388 5323 3256 452 2804 2067
is_linear=0
shrinkage=0.1


Tree=65
num_leaves=31
num_cat=0
split_feature=6 4 8 4 5 7 0 3 1 1 5 5 0 5 1 3 2 2 7 0 9 3 1 1 5 1 2 7 2 3
split_gain=8.8416 11.3 6.14998 6.18059 13.1645 5.96175 5.85568 10.525 6.47781 12.2638 14.452 15.0105 5.80444 5.78967 5.52858 18.5748 9.65346 8.69507 15.006 7.65552 8.50127 8.82835 22.4976 7.48853 20.7335 7.47356 14.677 5.59143 37.6715 5.52368
threshold=1.0000000180025095e-35 43.830158816787652 1.0000000180025095e-35 20.594546831608188 24.331474331474336 4.5000000000000009 8.5410334346504602 8.3920187793427221 18.808962264150946 17.192118226600986 36.077899667200796 26.23692604406202 14.670014347202299 36.077899667200796 83.910792512943061 56.562756357670231 65.261756876663725 56.28033980582525 5.5000000000000009 69.006568144499198 1.0000000180025095e-35 80.874970117140819 73.606811145510861 47.722567287784685 27.79023418036871 81.530214424951296 54.950980392156872 15.500000000000002 69.006568144499198 77.459677419354861
decision_type=2 2 2 2 2 2 2 2 2 2 2 2 2 2 2 2 2 2 2 2 2 2 2 2 2 2 2 2 2 2
left_child=5 2 -2 4 -4 6 -1 8 9 13 11 -11 -6 -8 15 17 23 25 -19 20 27 -22 -23 24 -17 -7 -27 -18 -29 -16
right_child=1 -3 3 -5 12 14 7 -9 -10 10 -12 -13 -14 -15 29 16 19 18 -20 -21 21 22 -24 -25 -26 26 -28 28 -30 -31
leaf_value=-0.12793959071819036 0.064090333596966809 0.077412138231265901 -0.016871237847467996 0.0019365983345581289 0.37200217238292926 -0.0083792854733008449 -0.10193548651578668 0.00010210677132070769 -0.01224076988245907 0.47946442564241321 0.17086566137763537 1.8384012261546285 0.11285196761364265 0.33108236086676135 0.044317230311316881 -0.10078571484228289 -0.011026688248971524 2.2707656706540016 0.24759834617050053 -0.064204901903813963 -0.020561585447734537 0.056815050091193024 0.78544711502538411 -0.088339260606779463 2.747470548021067 0.072658057470368839 1.1785745651689337 -0.10031201840251956 4.4005247404740251 -0.0059838909310876241
leaf_weight=3.5553658500430165 18.710352718364447 25.123450310318731 11.891314980573954 340.98601749748923 0.94701210968196292 238.41314231342403 0.60897353087784656 1100.6196869175183 1.0146403084509072 0.17162437381921325 0.31184820830821991 0.15441477205604315 9.8939200823660922 0.62637211382389069 24.666006425861269 0.093900670181027546 10.932327733869897 0.042173128982539221 0.28047206412884407 15.413176860980455 1.2403974875342094 1.1497944528236983 0.67109031183645118 54.05440400869702 0.035114524944219738 0.53275118011515488 0.154893099272158 0.11406184599036429 0.02221878053387627 189.94055858580396
leaf_count=429 1409 8616 868 10959 13 45658 138 73918 138 35 2 9 236 4 2137 57 4386 22 126 3214 141 56 30 35211 14 140 9 104 21 8160
internal_value=-0.000739288 0.0124465 0.00817858 0.00530238 0.0557894 -0.00400644 0.000189548 0.000602364 0.191259 0.301486 0.657558 1.12307 0.13549 0.117623 -0.0126446 -0.0209075 -0.0614501 -0.00672975 0.512048 -0.0154652 0.0377011 0.185193 0.325354 -0.086523 0.674434 -0.0074298 0.321768 -0.00309116 0.633491 -0.000202484
internal_weight=2052.37 407.552 382.429 363.718 22.7322 1644.82 1107.06 1103.51 2.88787 1.87323 0.637887 0.326039 10.8409 1.23535 537.756 323.15 83.7265 239.423 0.322645 29.5431 14.1299 3.06128 1.82088 54.1834 0.129015 239.101 0.687644 11.0686 0.136281 214.607
internal_count=196260 22101 13485 12076 1117 174159 74673 74244 326 188 46 44 249 142 99486 89189 43234 45955 148 7952 4738 227 86 35282 71 45807 149 4511 125 10297
is_linear=0
shrinkage=0.1


Tree=66
num_leaves=31
num_cat=0
split_feature=4 8 5 7 1 3 1 1 2 2 1 0 0 7 3 1 0 4 5 5 2 3 8 4 4 1 1 8 5 4
split_gain=8.23594 7.1163 7.9454 6.47447 9.6572 14.446 8.9802 6.82385 7.23446 6.80653 6.64965 6.54064 6.29347 9.90133 6.663 7.97594 6.11529 9.23785 9.95621 10.4019 8.41141 8.44486 17.9683 12.5996 7.5061 7.21206 12.9943 9.09077 6.62727 6.09345
threshold=55.453864714202524 1.0000000180025095e-35 38.364128703408731 5.5000000000000009 86.72955974842769 51.316701316701327 68.614072494669514 20.126582278481013 12.435567010309279 10.063291139240507 11.852502194907817 9.3386627906976791 49.332858921900026 28.500000000000004 76.50689905591868 95.04098360655739 20.112359550561802 26.971518160438986 32.272530015912061 32.149859943977596 20.112359550561802 19.098277608915911 9.5000000000000018 29.855928689883918 28.99275362318841 68.237250554323737 79.205974842767304 8.5000000000000018 40.074349442379194 28.511655708308428
decision_type=2 2 2 2 2 2 2 2 2 2 2 2 2 2 2 2 2 2 2 2 2 2 2 2 2 2 2 2 2 2
left_child=1 2 -1 11 5 7 -7 9 -9 -5 -11 -3 -6 14 15 -14 17 -10 19 20 21 24 -23 -24 29 27 -27 28 -18 -19
right_child=-2 3 -4 4 12 6 -8 8 16 10 -12 -13 13 -15 -16 -17 25 18 -20 -21 -22 22 23 -25 -26 26 -28 -29 -30 -31
leaf_value=5.4872694833960441e-05 0.095467553415105669 -0.10554231811483393 0.061151523381102892 0.032109819654637557 -0.10503923347646026 -0.093361834768684912 -0.032202253646774655 -0.093988691691323886 -0.01510992426267726 0.38680304742521948 -0.076449278024883549 0.0014506951545322075 0.083453727483860596 0.43477212826535183 0.0012506699628313113 -0.11583883305397119 -0.031935089642052474 0.13200193554023634 0.035235986939656384 0.86322414213733745 -0.056953546601023863 0.16530402974211711 0.45785459883576957 1.6608133160571139 0.048451355934740377 0.096919211602566432 -0.12291638865827388 0.0061538514001326997 -0.1226423301850763 0.51873446683447877
leaf_weight=48.54777554285829 8.8456908486550656 5.7366684151347718 37.904056190280244 8.2659036968252604 4.9299303119187234 35.157232844416285 75.705775471607922 7.892729884479194 27.737604563473724 0.31338691757992165 27.520889127044939 1420.3762393615325 18.36884500930319 0.54576600779546325 158.92752316617407 2.2546565055381498 33.925274344539503 0.85773627483285853 29.664265526458621 0.20718916924670328 1.6098389034159479 0.69554828217951559 0.17836718069156632 0.17009835853241384 2.9462247118353844 13.132686080090936 3.3810088222962795 60.134853229275905 10.562552765011786 0.77602910151472315
leaf_count=5134 2172 672 2940 1900 755 18701 27482 1443 5476 59 5708 96242 839 19 5903 73 7133 273 470 12 154 71 28 16 332 1734 489 9757 189 84
internal_value=-0.000815651 -0.00123347 0.0268422 -0.00247692 -0.0119612 -0.0219459 -0.0515974 -0.00765182 -0.000218652 -0.0475709 -0.0712335 0.00102031 0.00643142 0.0094828 0.00819008 0.0616661 0.00376083 0.0285455 0.0611795 0.164605 0.144596 0.202288 0.458945 1.04506 0.143783 -0.00950609 0.0519101 -0.0192001 -0.0534713 0.315698
internal_weight=2047.27 2038.43 86.4518 1951.97 525.862 340.835 110.863 229.972 193.872 36.1002 27.8343 1426.11 185.027 180.097 179.551 20.6235 185.979 64.8429 37.1053 7.44103 7.23384 5.624 1.04401 0.348466 4.57999 121.136 16.5137 104.623 44.4878 1.63377
internal_count=196260 194088 8074 186014 89100 81511 46183 35328 27661 7667 5767 96914 7589 6834 6815 912 26218 6916 1440 970 958 804 115 44 689 19302 2223 17079 7322 357
is_linear=0
shrinkage=0.1


Tree=67
num_leaves=31
num_cat=0
split_feature=4 7 0 4 4 5 3 5 0 2 3 2 1 1 5 8 2 1 1 1 5 4 6 8 3 5 8 4 4 0
split_gain=7.32726 6.78329 6.3397 6.5332 7.42412 19.0764 6.87118 9.35118 7.01691 8.9555 6.75692 13.3805 9.20219 6.38281 6.26669 6.18533 5.85755 5.78579 5.73695 6.56532 5.67113 6.77182 5.48976 9.00766 5.65259 5.47123 6.75426 6.28351 6.2619 11.652
threshold=55.453864714202524 1.0000000180025095e-35 97.99919967987195 30.515281464842424 18.142633228840126 23.381860075408465 94.791101465002725 33.942174033917162 26.944684528954195 57.735042735042732 89.38673341677098 90.070422535211279 77.485187623436488 91.545844394527279 46.181616217717313 104.50000000000001 6.2996031746031749 17.192118226600986 97.014260249554383 93.788580246913583 39.513565461669259 39.577762923351166 1.0000000180025095e-35 36.500000000000007 99.494949494949509 28.99275362318841 15.500000000000002 30.992957746478883 31.084581991317748 15.301003344481609
decision_type=2 2 2 2 2 2 2 2 2 2 2 2 2 2 2 2 2 2 2 2 2 2 2 2 2 2 2 2 2 2
left_child=1 20 3 4 15 -6 7 25 -8 -10 13 12 -12 16 -7 17 -9 -3 19 -14 21 -1 24 -24 -11 -5 27 -27 29 -28
right_child=-2 2 -4 6 5 14 8 10 9 22 11 -13 18 -15 -16 -17 -18 -19 -20 -21 -22 -23 23 -25 -26 26 28 -29 -30 -31
leaf_value=0.0080886454707444124 0.09401805828445832 -0.10203773126822889 0.091267982855497892 -0.03026127601371591 -0.063268746056676622 -0.010971446480871797 0.49866337509825254 0.19902713489089807 -0.091858265302503198 0.12174260603376404 -0.18636781677196457 0.053456131218025817 -0.029204294084702168 0.055432966920376893 0.098973408562156209 -0.061923141731060054 -0.0068374292036959931 0.0045208115173717926 0.12386066853833406 -0.14101353567192973 0.042474604490505947 -0.094153882414847914 0.1052548468073264 -0.80182519505167604 0.015094374873485642 -0.038848904042186855 0.84908249601264163 0.04673478560941751 -0.037364472115039238 0.065125786771233943
leaf_weight=335.73324011592194 8.1211321427253989 5.1649468308314672 6.9587108035339034 18.026749724871479 77.558168345043669 465.99781719068415 0.32061314582824607 1.3869110075756896 5.5889658186351872 5.5280450438149265 6.1888307242188594 10.440555125125682 17.210939374403104 17.57509574375581 5.2426060747820875 15.214672615227753 402.01713874543202 378.89984196834848 1.7532937703654159 7.5579184648813671 49.045503570698202 6.605472504394128 13.104313604882915 0.11039878847077567 49.214976037153974 9.4052755222655815 0.20659976871684493 97.611137392290402 21.252200470655225 2.3027809310588054
leaf_count=11028 2172 1031 468 3566 57622 68451 2 24 163 108 91 822 369 558 274 489 8047 26906 51 149 4060 141 3350 5 748 471 10 3969 965 150
internal_value=-0.000779456 -0.0011581 -0.00397819 -0.0043836 -0.00976399 -0.017312 0.00304361 -0.000428698 0.0318561 0.0298212 -0.00742251 -0.0451091 -0.0765687 -0.00355954 -0.0097483 0.000610537 -0.00612966 0.0030878 -0.0509475 -0.0633215 0.0106721 0.00611586 0.0398283 0.0976769 0.0258639 0.0213854 0.0285045 0.0392132 -0.0197246 0.12967
internal_weight=2041.34 2033.22 1641.84 1634.88 948.078 548.799 686.803 612.935 73.8673 73.5467 464.131 43.1515 32.711 420.979 471.24 399.279 403.404 384.065 26.5222 24.7689 391.384 342.339 67.9577 13.2147 54.743 148.805 130.778 107.016 23.7616 2.50938
internal_count=196260 194088 178859 178391 154773 126347 23618 19242 4376 4374 10111 1482 660 8629 68725 28426 8071 27937 569 518 15229 11169 4211 3355 856 9131 5565 4440 1125 160
is_linear=0
shrinkage=0.1


Tree=68
num_leaves=31
num_cat=0
split_feature=6 4 2 1 5 3 1 1 4 7 8 4 1 7 4 0 2 2 1 0 1 8 5 4 7 3 4 0 0 4
split_gain=7.26128 9.03307 5.48838 4.95577 5.72444 5.34812 8.70219 7.44159 6.5733 15.9261 9.20351 7.73405 6.5472 6.04221 6.04361 5.67657 18.091 9.45053 9.54336 8.13818 5.39591 5.35056 4.79911 6.57781 4.72319 6.5716 17.0382 4.76008 4.71564 4.70289
threshold=1.0000000180025095e-35 43.830158816787652 91.545844394527279 96.076923076923094 26.873696035949283 60.120481927710848 68.133462282398469 74.833333333333343 39.296036333608598 4.5000000000000009 12.500000000000002 14.646916102668884 67.054263565891489 15.500000000000002 27.404213893331484 48.912529550827436 51.31670131670132 27.475490196078436 41.763565891472872 52.704678362573112 95.861872146118742 6.5000000000000009 26.23692604406202 23.381860075408465 20.500000000000004 6.1072261072261123 35.82952290570271 8.5410334346504602 90.070422535211279 39.577762923351166
decision_type=2 2 2 2 2 2 2 2 2 2 2 2 2 2 2 2 2 2 2 2 2 2 2 2 2 2 2 2 2 2
left_child=24 2 3 5 -5 6 15 8 11 10 -10 -7 -13 14 -8 17 29 -2 -19 21 28 -18 -20 -24 27 26 -26 -1 -9 -17
right_child=1 -3 -4 4 -6 7 13 20 9 -11 -12 12 -14 -15 -16 16 19 18 22 -21 -22 -23 23 -25 25 -27 -28 -29 -30 -31
leaf_value=-0.098031495389369672 -0.0027020302131916963 0.073881029269576112 0.063378789287006645 -0.04718444587546948 0.092382457180464644 0.44447522927804384 -0.01251269722695585 0.0018640308014683691 0.086854009586296299 -0.43796935241568891 -0.22368058372330252 0.010220783649169604 -0.06611139331572756 -0.030626378038398745 0.14868674771594764 -0.12716644771774563 0.48302847848494246 0.11156739310422431 -0.10240854954974116 -0.0093196912176072063 -0.17259924713277086 0.12548190395262174 0.20254890994826302 0.012727210540243583 -0.10039796374707058 -0.066229055469386178 2.3373789709476944 -0.0028453921228528641 0.095379074943664433 -0.35654513271743271
leaf_weight=5.2709199079836244 110.66408219817095 21.85007249363116 16.941887950291857 3.8561502322554615 12.353216166142373 0.3412103143054982 2.9848267424386021 104.75200007751118 2.2636165639851238 1.3914155280217526 1.6501634989399461 19.669728875509463 26.209372861660086 3.7329807388596228 10.533568359329363 6.018863079370929 0.66766241961158801 16.743672677781433 3.1095677558332708 3.0759780600201339 1.704776246100663 1.1216888672206549 2.0140831675380495 19.500294587574899 0.095597855048253133 14.709444125910521 0.040952581912279129 1610.7218131569971 5.6849949317984274 1.0497301116120068
leaf_count=1321 2533 8616 2450 26 1431 12 139 3073 80 17 15 659 843 73 258 127 20 522 310 107 40 40 27 342 79 4974 1 167784 318 23
internal_value=-0.000710646 0.0113652 0.00775189 0.00514197 0.05918 0.00260221 0.0144366 -0.0105011 -0.0419587 -0.147384 -0.0440764 -0.0298578 -0.0333855 0.081995 0.113094 0.00732855 -0.0590828 0.0125416 0.0533204 0.0893227 0.00395256 0.258894 0.0137138 0.0304975 -0.00367168 -0.0598187 0.630711 -0.00315586 0.00667793 -0.161231
internal_weight=2030.72 399.886 378.036 361.094 16.2094 344.884 181.217 163.667 51.5255 5.3052 3.91378 46.2203 45.8791 17.2514 13.5184 163.966 11.9339 152.032 41.3676 4.86533 112.142 1.78935 24.6239 21.5144 1630.84 14.846 0.13655 1615.99 110.437 7.06859
internal_count=196260 22101 13485 11035 1457 9578 4521 5057 1626 112 95 1514 1502 470 397 4051 317 3734 1201 167 3431 60 679 369 174159 5054 80 169105 3391 150
is_linear=0
shrinkage=0.1


Tree=69
num_leaves=31
num_cat=0
split_feature=4 2 1 0 0 2 3 2 5 1 7 3 3 5 5 3 1 4 1 2 4 2 0 1 7 1 3 0 2 3
split_gain=6.27096 6.04499 12.558 21.6436 15.2743 13.7773 9.80656 15.3491 12.5531 9.80357 9.34613 9.2751 9.17482 8.22398 18.9525 30.6234 18.7797 15.124 11.5219 15.4129 7.72133 7.26318 6.6432 9.13432 11.4991 9.82688 8.28842 13.0163 10.3927 9.62612
threshold=55.453864714202524 72.255689424364135 40.289855072463773 30.053763440860219 83.910792512943061 30.860805860805865 88.047619047619065 86.899313501144192 39.513565461669259 77.303030303030312 11.500000000000002 37.089947089947096 24.440019910403191 26.23692604406202 26.326619016677494 99.494949494949509 45.534290271132384 1.0000000180025095e-35 61.435897435897438 53.262411347517734 24.568837347606308 88.2734912146677 73.746867167919817 91.331186258722511 1.0000000180025095e-35 89.699381078691445 86.706827309236971 80.217391304347842 85.215543412264751 83.438818565400865
decision_type=2 2 2 2 2 2 2 2 2 2 2 2 2 2 2 2 2 2 2 2 2 2 2 2 2 2 2 2 2 2
left_child=1 2 3 -1 13 12 7 22 10 21 -8 -7 -5 17 15 16 -15 -4 19 -18 -13 -10 -3 24 25 26 28 -28 29 -24
right_child=-2 6 4 5 -6 11 8 -9 9 -11 -12 20 -14 14 -16 -17 18 -19 -20 -21 -22 -23 23 -25 -26 -27 27 -29 -30 -31
leaf_value=-0.00093318152972611816 0.092296607982420342 0.044620750424385416 -0.010748629302558731 0.1453743872902637 0.060513562344867003 0.12410816265382661 -0.01021022664838802 0.12159955445247006 -0.12360957460633336 0.067428501655534503 0.076018304151138305 -0.092130367506327054 -0.027319434463316791 2.3504845367283491 -0.011210706715759763 2.1849577321823155 0.19359156216403234 -0.06673720866567677 -0.10095661620638177 1.5025241769078292 0.10398222317097153 0.062514957937709156 0.07100447867218683 0.053604369616052416 -0.028297167500966086 -0.16827108543060418 -0.49476443799203818 0.025451700137100422 0.20377280451626151 -0.059086603111522085
leaf_weight=602.11467058610287 7.2344125086674458 60.959384819230763 112.8480397061212 3.6626432810444411 25.979859347164165 29.975752895697951 397.96504373021889 14.913206311990505 5.265789960511027 39.721308864769526 12.979808789532397 4.1329050988133513 19.220657048106659 0.040803066163788482 439.1717544576095 0.0874538761563598 0.32467362246825338 84.27953549133963 0.65689779305830598 0.12443984393030405 3.9040786777622998 3.4836752052651718 24.038233016734015 31.525793129811063 81.889316808606964 2.2063535730121648 0.70188144675921593 1.5281778924399985 4.4321362246992058 7.4510233969194806
leaf_count=43164 2172 4447 5384 139 1072 892 10053 348 78 6656 433 177 771 17 34142 11 107 78387 370 22 128 220 660 930 5056 83 19 48 104 170
internal_value=-0.000640121 -0.000973693 -0.00492071 0.00481274 -0.0146468 0.061626 0.00662477 0.0234982 -0.00180965 0.0463213 -0.00748667 0.0985308 0.000321503 -0.0177096 -0.010111 0.381197 0.243646 -0.0346859 0.16592 0.556269 0.0031341 -0.0495025 0.016685 0.00561063 -0.00676627 0.0369217 0.0487883 -0.138279 0.0604018 0.0402222
internal_weight=2022.82 2015.59 1326.52 663.011 663.513 60.896 689.061 229.646 459.416 48.4708 410.945 38.0127 22.8833 637.534 440.406 1.23427 1.14681 197.128 1.10601 0.449113 8.03698 8.74947 214.732 153.773 122.247 40.3578 38.1515 2.23006 35.9214 31.4893
internal_count=196260 194088 164783 45271 119512 2107 29305 11865 17440 6954 10486 1197 910 118440 34669 527 516 83771 499 129 305 298 11517 7070 6140 1084 1001 67 934 830
is_linear=0
shrinkage=0.1


Tree=70
num_leaves=31
num_cat=0
split_feature=8 5 0 7 3 5 8 4 1 0 1 2 3 0 3 8 3 2 2 2 0 3 1 4 8 0 3 1 1 3
split_gain=5.90839 7.12745 5.66003 5.17172 5.47756 11.4079 10.3092 10.3656 8.18904 16.9213 13.8078 10.3717 8.71387 9.81943 8.14835 8.6628 7.94055 12.027 7.51191 7.08354 6.90848 11.6369 24.2997 7.63961 10.6861 8.76268 12.8437 13.3541 9.82786 27.8681
threshold=1.0000000180025095e-35 41.128123550076232 9.3386627906976791 16.500000000000004 95.2934662236988 36.856806821523087 3.5000000000000004 36.39487660106218 40.289855072463773 30.053763440860219 72.438780609695172 30.860805860805865 57.307060755336629 54.65367965367966 33.568075117370896 50.500000000000007 89.022757697456498 85.215543412264751 20.550527903469089 89.512961508248239 93.582704186684992 93.643953676272574 94.201680672268921 16.701534170153419 26.500000000000004 69.282051282051299 80.874970117140819 85.270009643201561 90.070422535211279 74.023338406900066
decision_type=2 2 2 2 2 2 2 2 2 2 2 2 2 2 2 2 2 2 2 2 2 2 2 2 2 2 2 2 2 2
left_child=1 -1 -2 4 8 6 -6 -8 9 -4 16 18 13 -12 15 -13 17 -10 -11 -18 21 23 -23 25 -25 26 27 -14 29 -29
right_child=2 -3 3 -5 5 -7 7 -9 10 11 12 14 20 -15 -16 -17 19 -19 -20 -21 -22 22 -24 24 -26 -27 -28 28 -30 -31
leaf_value=0.0053483068918646903 -0.07479740653483978 0.067520699603631593 0.00090182779891423133 -0.034840470326917415 -0.043652265510163574 0.063939402723207792 0.017351084910861361 -0.15592236584835018 -0.023160992716150259 0.26097148727903186 -0.064686952864600203 0.16093285069257154 -0.0014916528988210753 0.081177799262991263 0.046334566136064917 -0.10486403556279339 -0.13478633653993535 0.14099884731080245 -0.0096130716235892835 0.0030280801247970454 0.054309109805510715 0.058140062868757475 -0.1315299228242249 -0.0025397809945559313 -0.056992995750420695 0.0084124741242551353 0.2055943910026844 0.96094181061320172 0.054405075490154477 -0.1046739201215565
leaf_weight=57.759469429642195 10.554262084362561 27.085955481859855 558.55599353619618 45.066709881153656 37.272000058204867 37.518137804116122 180.14108030407806 3.5199411425273857 327.81607297752635 1.0774955484666886 5.7114868450444218 15.712373242597097 14.473947362217592 24.04300812431029 20.231154512963258 1.3299832927295927 11.662243558967022 4.5245747348526484 21.46520780964056 5.4830790900159618 20.880957462708466 10.385640888474883 19.320216353633441 388.90667711128481 39.719618089759024 115.16008568767575 5.7548885826545293 0.56276123615680207 1.0159852997167034 0.43521180434618145
leaf_count=5465 2249 3306 37153 12007 809 5508 2884 133 68776 48 1105 492 2176 1466 617 19 1372 116 844 84 837 366 343 35744 9721 2145 380 37 12 46
internal_value=-0.000630614 0.0251961 -0.00176699 -0.00136507 -0.000559476 0.0129567 0.00429903 0.0140302 -0.00272353 0.0063152 -0.00833609 0.0568645 0.000322335 0.0531785 0.0892476 0.14019 -0.0243497 -0.0209261 0.00332032 -0.0907132 -0.00222821 -0.00420989 -0.0652183 -0.0010081 -0.00758581 0.019511 0.0769725 0.0320787 0.273342 0.496231
internal_weight=2013.15 84.8454 1928.3 1917.75 1872.68 258.451 220.933 183.661 1614.23 618.372 995.856 59.8162 646.37 29.7545 37.2735 17.0424 349.486 332.341 22.5427 17.1453 616.616 595.735 29.7059 566.029 428.626 137.403 22.2428 16.4879 2.01396 0.997973
internal_count=196260 8771 187489 185240 173233 9334 3826 3017 163899 39173 124726 2020 54378 2571 1128 511 70348 68892 892 1456 51807 50970 709 50261 45465 4796 2651 2271 95 83
is_linear=0
shrinkage=0.1


Tree=71
num_leaves=31
num_cat=0
split_feature=6 5 8 3 0 3 5 4 4 5 0 8 7 4 5 5 4 7 4 5 1 4 0 7 2 1 2 5 2 8
split_gain=6.27922 7.29956 5.39919 5.93654 7.25882 6.90753 5.74469 5.68685 18.7268 7.38577 6.19304 6.2485 9.92185 6.22103 8.14069 7.79042 10.8893 9.67353 11.8349 13.1454 12.2901 11.0585 10.5341 14.181 33.8553 6.43956 6.08909 5.74347 6.06316 5.29311
threshold=1.0000000180025095e-35 47.083130772970357 2.5000000000000004 87.226107226107246 17.684288905435597 20.431354359925795 37.651981294609904 20.524267399267409 20.416847590099874 25.994350282485879 14.059797380775885 6.5000000000000009 4.5000000000000009 26.06673407482306 31.26481042654029 36.077899667200796 26.695402298850585 4.5000000000000009 26.577852527219616 42.264971945494104 90.595518867924554 37.939876215738288 42.17939214232765 6.5000000000000009 65.599385245901658 22.756041426927506 96.44957983193278 39.513565461669259 11.189358372456967 11.500000000000002
decision_type=2 2 2 2 2 2 2 2 2 2 2 2 2 2 2 2 2 2 2 2 2 2 2 2 2 2 2 2 2 2
left_child=-1 2 3 4 -2 6 -6 8 9 -4 11 12 -9 14 26 16 -15 -17 -19 21 22 29 25 24 -24 -21 -12 -13 -29 -20
right_child=1 -3 7 -5 5 -7 -8 10 -10 -11 13 27 -14 15 -16 17 -18 18 19 20 -22 -23 23 -25 -26 -27 -28 28 -30 -31
leaf_value=-0.0033524020262377164 0.10443144813522608 0.076232684078081328 -0.017703038386528914 0.088346870442526454 -0.16018234030292422 0.015925527745043081 0.1021063566069538 -0.3102757018732043 0.5314072074782874 0.10988780142705899 -0.04575315725041007 0.012220166347853598 -0.020221064657337227 0.13374011531482374 0.030038606301404199 0.017522659788520464 0.017649511678150459 -0.38343570774717911 -0.011667712650461666 -0.29078931436407957 0.10106467882435938 0.065062011322116489 -1.3889368279645919 -0.2297722067726865 -0.11206183951162181 0.10265820372859283 -0.30711630944250429 -0.006520648445712156 -0.38844231893378067 -0.11269872812699407
leaf_weight=1612.7708273504104 8.1242549216840398 16.32948560177465 11.119730822043499 15.264202159363775 4.1215387843549243 39.317039459594525 1.0472094370052216 2.2600089050829402 0.78985658334568043 7.6636631075525647 39.370406690170057 8.7302532000467163 2.466287279734388 8.6577958946581912 17.486188194714487 45.305296772305155 121.04555718367919 1.0402673450298596 10.993197550298651 0.72994301980361231 1.1923622009344397 10.886590323527342 0.4010313990293074 1.8297501292545346 0.43061793828383088 0.96717817941680551 0.91203071270137925 0.8631248204037536 0.80182014289312065 9.8159132644068432
leaf_count=174159 226 7520 859 2070 38 1516 106 22 33 134 2196 176 41 253 411 3370 1853 8 170 18 358 362 27 71 23 97 12 22 21 88
internal_value=-0.00059902 0.0107882 0.00792793 0.0334419 0.0175119 0.00163813 -0.107042 0.00226418 0.0544123 0.0343543 -0.00130242 -0.063585 -0.158919 0.00217206 -0.0269378 0.0100561 0.0253986 -0.0137497 -0.0507546 -0.041463 -0.183422 -0.0166017 -0.261249 -0.385395 -0.727786 -0.0665662 -0.0516707 -0.0202405 -0.19045 -0.0593253
internal_weight=2002.73 389.963 373.633 67.8742 52.61 44.4858 5.16875 305.759 19.5733 18.7834 286.186 15.1215 4.7263 271.064 57.7686 213.296 129.703 83.5921 38.2869 37.2466 5.55088 31.6957 4.35852 2.6614 0.831649 1.69712 40.2824 10.3952 1.66494 20.8091
internal_count=196260 22101 14581 3956 1886 1660 144 10625 1026 993 9599 282 63 9317 2619 6698 2106 4592 1222 1214 594 620 236 121 50 115 2208 219 43 258
is_linear=0
shrinkage=0.1


Tree=72
num_leaves=31
num_cat=0
split_feature=5 2 3 0 1 0 2 7 3 0 2 2 8 0 3 7 0 4 1 3 1 3 5 2 5 2 8 8 8 7
split_gain=5.30144 4.89295 17.3374 15.3445 15.2924 9.34142 8.40562 8.28608 8.68217 33.4311 16.6855 9.35048 8.25972 11.929 10.3285 11.1094 16.8783 8.84347 8.83859 7.52222 7.45798 10.2823 15.3186 59.8665 14.2153 9.5961 16.2322 19.1248 13.6538 9.1109
threshold=59.413115224565942 66.300366300366321 55.217785843920147 59.122919334186939 85.145784081954318 86.391694725028074 65.419580419580441 6.5000000000000009 73.37552742616036 60.92258748674444 60.92258748674444 37.248718959400875 5.5000000000000009 65.599385245901658 78.830559112249261 2.5000000000000004 63.224516988674225 16.87529338131748 81.530214424951296 69.614069369809485 66.274509803921589 75.162337662337677 21.923816390290799 53.262411347517734 20.297211800191274 54.261501210653762 55.500000000000007 12.500000000000002 6.5000000000000009 4.5000000000000009
decision_type=2 2 2 2 2 2 2 2 2 2 2 2 2 2 2 2 2 2 2 2 2 2 2 2 2 2 2 2 2 2
left_child=1 2 3 -1 5 7 -6 8 19 10 20 -11 13 14 -13 -16 -17 -15 -18 -4 -10 22 23 -22 -25 -23 27 28 -27 -30
right_child=-2 -3 4 -5 6 -7 -8 -9 9 11 -12 12 -14 17 15 16 18 -19 -20 -21 21 25 -24 24 -26 26 -28 -29 29 -31
leaf_value=-0.00037215967740223901 0.091768340670690521 0.0051432552111764455 -0.030947496666053311 0.073216562666184301 0.015155484444168817 0.88156434750434409 -0.20202098455079864 -0.075638401658903232 0.10022519296123258 0.58887933570172135 -0.046160239978452734 0.024491979759750149 -0.095655937815381301 0.8222515225014484 0.12025730693628665 0.18859280257159991 1.675569422191002 -0.095122946221218196 0.61087818376461689 -0.095763721564726012 4.0155025452522866 -0.03071497976742657 0.042531456605987943 -0.10269281409325924 1.65128765253578 0.4507763040344781 1.3405000698084568 0.074958765788534776 1.5161140126235422 0.56798091945726836
leaf_weight=851.94771667386522 6.2064323035301632 817.40038896226906 97.979325590364169 29.310229453607462 81.062354666937608 0.10985453240573306 1.8222120038117271 51.572405272425385 2.9773879573331197 0.22820785176009195 3.0303520551824468 2.6692840537580214 17.220759911782807 0.10715115955099452 0.92371014517266281 0.36253813310759142 0.17092271745787002 5.4423510322230868 0.14337721979245543 21.908909552672412 0.048571883206023236 0.40651230030925978 2.093622193147894 0.24280624659149908 0.057067124318564311 1.0010374350531499 0.20735633064759884 0.96660846460144956 0.24897442030487571 0.1709299148642458
leaf_count=79882 1775 44059 21126 1669 5395 13 150 31182 311 2 410 413 3131 11 30 35 39 656 16 5102 21 72 275 76 36 126 34 152 29 32
internal_value=-0.000510158 -0.000797692 -0.00493257 0.00207537 -0.0259978 -0.0403363 0.0103809 -0.0408181 -0.0294961 0.0116734 0.155062 -0.048542 -0.0539216 0.0192704 0.144926 0.345778 0.653555 -0.0774101 1.18988 -0.0427923 0.227474 0.297074 0.144707 0.758628 0.231097 0.421045 0.491817 0.41811 0.651541 1.13016
internal_weight=1998.04 1991.83 1174.43 881.258 293.175 210.29 82.8846 210.18 158.608 38.7195 11.4512 27.2683 27.0401 9.81933 4.26983 1.60055 0.676838 5.5495 0.3143 119.888 8.42087 5.44349 2.44207 0.348445 0.299873 3.00142 2.59491 2.38755 1.42094 0.419904
internal_count=196260 194485 150426 81551 68875 63330 5545 63317 32135 5907 1574 4333 4331 1200 533 120 90 667 55 26228 1164 853 408 133 112 445 373 339 187 61
is_linear=0
shrinkage=0.1


Tree=73
num_leaves=31
num_cat=0
split_feature=6 3 5 8 3 0 2 0 4 4 5 4 5 5 7 4 5 4 0 2 4 2 1 2 1 0 3 1 5 0
split_gain=5.53506 6.40569 8.21342 4.93251 5.01852 5.97321 5.298 4.56656 4.09741 9.36597 5.59768 3.81144 6.54297 6.06645 9.25674 8.99262 11.4805 8.04303 6.20415 20.1185 6.81429 5.36879 5.56506 8.95315 4.72306 6.36671 4.39247 4.35063 4.25729 4.60228
threshold=1.0000000180025095e-35 96.824596774193566 26.577852527219623 2.5000000000000004 87.226107226107246 15.831244778613202 14.059797380775885 9.3386627906976791 20.524267399267409 20.416847590099874 25.994350282485879 26.06673407482306 31.26481042654029 36.077899667200796 4.5000000000000009 35.493414773811807 41.469034506013266 26.695402298850585 62.57530120481929 60.92258748674444 41.98212945910921 21.778656126482215 41.763565891472872 73.205084163517711 14.415584415584421 12.276295133437994 95.945205479452071 87.29833546734956 41.128123550076232 13.260073260073259
decision_type=2 2 2 2 2 2 2 2 2 2 2 2 2 2 2 2 2 2 2 2 2 2 2 2 2 2 2 2 2 2
left_child=-1 3 -3 4 5 -2 -7 -5 9 10 -9 12 26 17 28 -16 -17 21 19 20 -18 -13 -23 -24 -19 -26 -10 -25 -15 -30
right_child=1 2 -4 7 -6 6 -8 8 11 -11 -12 13 -14 14 15 16 18 24 -20 -21 -22 22 23 27 25 -27 -28 -29 29 -31
leaf_value=-0.0031833065557442444 0.11310897960496749 -0.063637814494698949 0.092682255124166793 -0.15941450533948456 0.092509871921315351 -0.20381743333972868 0.012787966862343174 -0.01525345279648632 -0.040882465626733339 0.32731544692725972 0.099356641590715652 -0.043682451624598856 0.027620556108978601 -0.0062636413940560026 -0.11225915529950453 0.030332663261131227 -0.18166840972022477 -0.20046291735727115 0.050925381249729743 -0.70967613298884957 0.049905683281470381 0.27367679867550254 -0.062350869753884798 0.32724669301388842 0.19425134741507669 0.010912446514361974 -0.24145836232750587 0.084386530047486294 -0.43891154655590348 0.062696233159460393
leaf_weight=1608.4590860663011 6.0351849118014789 4.15407741442323 17.610167887643911 1.7528946290258307 11.254702558973802 1.1564662086311717 47.905920778226573 10.844066275167284 37.596696451539174 1.1246230448596168 7.0203518890775731 1.872222101315854 17.061814242624678 32.22712656413205 14.810760833905077 17.766764683648947 3.6957627772353572 1.0376045312732447 1.7780923086102118 0.60326681029982854 1.9365118381101636 2.3377217371016741 2.2499402354005724 1.4353369632735851 1.9243087042123068 120.70871180575341 1.1244768239557732 1.5174720138311384 0.18505790748167683 15.781391529133542
leaf_count=174159 254 24 5894 51 1670 53 3142 848 2280 28 103 39 313 952 185 247 80 6 318 20 401 26 141 27 17 1592 7 22 27 3334
internal_value=-0.000601236 0.0101441 0.0628459 0.00699935 0.03166 0.0192303 0.00768229 0.00151566 0.00246662 0.0474071 0.029786 -0.000606938 -0.0239733 0.00526793 -0.0149768 -0.0501603 -0.0144847 0.018774 -0.113848 -0.160834 -0.102048 0.107884 0.145516 0.08793 0.0119917 0.0137893 -0.0467073 0.202439 0.0146565 0.0568824
internal_weight=1994.97 386.509 21.7642 364.745 66.3523 55.0976 49.0624 298.393 296.64 18.989 17.8644 277.651 55.783 221.868 88.7847 40.5912 25.7804 133.083 8.01363 6.23554 5.63227 9.41269 7.54047 5.20275 123.671 122.633 38.7212 2.95281 48.1936 15.9664
internal_count=196260 22101 5918 16183 5119 3449 3195 11064 11013 979 951 10034 2600 7434 5564 1251 1066 1870 819 501 481 255 216 190 1615 1609 2287 49 4313 3361
is_linear=0
shrinkage=0.1


Tree=74
num_leaves=31
num_cat=0
split_feature=4 7 4 5 5 0 5 4 5 8 3 4 1 0 0 1 0 3 0 3 1 1 1 0 8 3 5 4 8 5
split_gain=5.1499 7.18329 6.96515 17.9195 6.80039 6.6451 7.18599 11.6559 6.72105 13.775 5.96334 12.3955 6.82517 6.74259 11.8328 19.7207 7.05916 11.1765 9.59467 10.2599 7.90666 6.21084 10.7083 9.33286 15.1578 7.2754 5.90725 6.04092 5.78533 6.7776
threshold=30.697411846447807 16.500000000000004 18.142633228840126 23.381860075408465 24.622963243652901 91.010101010101025 33.942174033917162 34.927566368614414 42.264971945494104 12.500000000000002 78.629976580796267 13.370577281191805 84.561213434452881 63.453348819202482 64.425612052730713 71.834935897435912 74.601568429041251 80.874970117140819 66.300366300366321 85.880398671096358 83.096903096903105 88.548009367681502 57.338551859099816 49.332858921900026 33.500000000000007 53.427230046948367 36.856806821523087 23.339818417639428 27.500000000000004 29.038950609021551
decision_type=2 2 2 2 2 2 2 2 2 2 2 2 2 2 2 2 2 2 2 2 2 2 2 2 2 2 2 2 2 2
left_child=1 2 4 -4 10 6 -2 8 -8 -10 11 21 13 -12 15 -15 17 -16 -19 20 -20 22 23 -1 25 -25 28 -28 29 -5
right_child=5 -3 3 26 -6 -7 7 -9 9 -11 12 -13 -14 14 16 -17 -18 18 19 -21 -22 -23 -24 24 -26 -27 27 -29 -30 -31
leaf_value=0.0039848656794860262 0.019880356105811903 -0.058202735507133299 -0.053742225968864715 0.0076870851818522717 0.062402546167364514 0.045183797217808554 -0.036910438463250657 0.0053612654351953681 0.094740865519346407 -0.15681096097385236 -0.03627583157356639 -0.10106247912338436 0.0072518271880458417 -0.19969600449331817 -0.072517453756683323 0.7820852376826174 0.019049046681737583 -0.088466798087940932 0.24905923982375763 0.10074678539599283 0.61979381960302837 0.083166911555308046 -0.043648295844361029 0.85818737943698697 0.026995750264138647 0.21893166414468168 0.078805237494163516 0.007152393346148621 -0.04610155244224954 -0.016081037705787268
leaf_weight=202.93320281369961 199.3349685894209 24.630818196746986 83.02313572584535 230.03557847425691 20.108581890643109 40.267339769518003 112.5964964076411 449.90950823947787 9.9531658815685642 2.7862938100006422 6.6645887486811253 13.123502587404799 147.77917060989421 0.31733315516612748 2.5584007323195719 0.57588588388171047 16.173173348623095 1.3773140021075949 3.8285838756128197 5.4424838867271319 0.6769837409374303 8.3879865326452983 54.530098640883807 0.41596098057925646 1.4793235353135967 0.3112577143474482 15.565408379770814 48.206222943030298 36.317013412801316 250.75215647713048
leaf_count=3619 9655 11838 56683 47298 1368 5068 2198 13636 382 99 823 14291 2328 17 157 44 386 81 222 214 42 62 3944 28 114 30 460 1485 8622 11066
internal_value=-0.000532199 -0.0047681 -0.00362421 -0.0102858 0.00546307 0.00557703 0.00351803 -0.00215187 -0.0291212 0.039723 0.00300907 -0.00617083 0.016932 0.0549629 0.0746095 0.433289 0.0639505 0.116256 0.1589 0.193148 0.304764 -0.00152515 -0.00426092 0.006209 0.210761 0.584579 -0.0040747 0.0246415 -0.0076161 -0.00470905
internal_weight=1990.06 1175.21 1150.58 663.9 486.684 814.848 774.58 575.245 125.336 12.7395 466.575 281.181 185.394 37.6147 30.9502 0.893219 30.0569 13.8838 11.3254 9.94805 4.50557 268.058 259.67 205.14 2.20654 0.727219 580.876 63.7716 517.105 480.788
internal_count=196260 165222 153384 125614 27770 31038 25970 16315 2679 481 26402 22088 4314 1986 1163 61 1102 716 559 478 264 7797 7735 3791 172 58 68931 1945 66986 58364
is_linear=0
shrinkage=0.1


Tree=75
num_leaves=31
num_cat=0
split_feature=6 5 2 5 4 8 4 4 8 4 3 5 8 5 1 4 5 2 7 2 4 0 8 2 5 4 8 0 1 1
split_gain=4.83944 5.74392 3.99508 4.11794 6.7521 4.03994 3.87015 3.86685 3.72098 8.13369 21.1879 43.4029 3.64634 9.53221 7.25886 6.81226 15.7241 12.3905 8.93964 11.0009 12.9928 8.49367 6.4332 6.61464 7.13274 5.82097 7.96144 5.50669 7.90392 10.4694
threshold=1.0000000180025095e-35 47.083130772970357 91.545844394527279 19.557044785877739 20.594546831608188 1.5000000000000002 15.63372905027933 18.764671361502355 15.500000000000002 46.686626746506995 63.94444444444445 53.532216923588784 47.500000000000007 14.520634348531269 97.014260249554383 16.630276564774388 24.66356888540221 85.880398671096358 3.5000000000000004 87.762088147197275 22.179813401187452 92.031746031746039 27.500000000000004 87.340132750526166 36.400441663599565 18.561050937404847 1.5000000000000002 83.424908424908452 34.851621808143555 29.67967967967968
decision_type=2 2 2 2 2 2 2 2 2 2 2 2 2 2 2 2 2 2 2 2 2 2 2 2 2 2 2 2 2 2
left_child=12 2 3 -2 6 -6 -5 -8 -3 -10 11 -11 15 14 -14 27 17 21 -19 20 -20 -17 -18 -24 -25 -21 -27 28 29 -1
right_child=1 8 -4 4 5 -7 7 -9 9 10 -12 -13 13 -15 -16 16 22 18 19 25 -22 -23 23 24 -26 26 -28 -29 -30 -31
leaf_value=0.014661123748772827 -0.076514296276773197 0.092068936490391259 0.058075538332815396 0.34045051246821051 0.033971760861114912 -0.00059627754626572686 -0.015656239524307863 0.092992021004569769 0.037914615613324786 -3.744189135577169 0.10029577238256233 0.10038541966288582 -0.012482035942228145 -0.082638557707843369 0.086899848401785912 -0.066245743556162501 0.00062084587156322618 -0.017857477484052853 -0.10167132703493714 0.2819028357359476 0.69242909723439638 0.25678864474125418 -0.07713034857462607 -0.043057703102507949 0.16207313147559177 0.27043019300124621 -0.039004834219629331 0.04683349760231785 -0.0072879168052645514 0.10490868743727491
leaf_weight=71.770879443269223 6.0813751502428195 12.251790762093149 14.81192482379265 0.51066795899532991 38.231639043951873 292.2247372866841 4.6603450939292079 11.025801971554754 1.475115084554999 0.052020444651134201 0.2058261571219191 0.067423927830532193 182.68341176505783 19.071578294358915 7.6574945654137982 74.925354428545688 985.19712932169205 22.183518378296871 0.30738493800163169 1.0175328147597609 0.62493554828688502 0.8228899035602798 20.542230702470992 4.5049985782243303 2.7176784612238407 1.0310125984251497 4.29643076332286 41.078479569987394 144.09035022891476 15.658873296779346
leaf_count=2396 611 7241 2760 15 2010 8523 213 449 123 16 108 32 4820 11303 108 78268 61136 724 47 19 30 20 5547 70 14 16 114 538 8725 264
internal_value=-0.000522245 0.00959707 0.00719814 0.00506172 0.00649281 0.00340302 0.0695325 0.0607127 0.0723429 -0.0618946 -0.514533 -1.574 -0.00293542 -0.0152373 -0.00848386 -0.00108309 -0.00453871 -0.0413345 0.0136931 0.109869 0.430615 -0.0627365 -0.000716992 -0.0481882 0.0341269 0.0627395 0.0208797 0.0130915 0.00710468 0.0308247
internal_weight=1981.78 381.599 367.546 352.735 346.653 330.456 16.1968 15.6861 14.0522 1.80039 0.325271 0.119444 1600.18 209.412 190.341 1390.77 1118.17 105.209 29.4608 7.2773 0.93232 75.7482 1012.96 27.7649 7.22268 6.34498 5.32744 272.599 231.52 87.4298
internal_count=196260 22101 14581 11821 11210 10533 677 662 7520 279 156 48 174159 16231 4928 157928 146005 79238 950 226 77 78288 66767 5631 84 149 130 11923 11385 2660
is_linear=0
shrinkage=0.1


Tree=76
num_leaves=31
num_cat=0
split_feature=5 0 6 4 2 1 4 8 7 2 0 1 0 0 1 5 4 1 0 7 4 4 0 8 3 5 0 4 4 5
split_gain=4.42783 4.27323 4.16669 5.3379 4.4558 8.80084 9.60918 10.4212 7.2547 5.85233 6.29728 6.16555 11.5488 7.79632 7.53903 13.2817 8.86801 10.797 8.59522 11.4092 7.10086 9.69924 9.14135 6.25538 6.23489 6.13679 8.14592 8.75395 9.34542 5.69731
threshold=59.413115224565942 9.3386627906976791 1.0000000180025095e-35 43.830158816787652 10.063291139240507 15.504807692307695 27.038103677447943 7.5000000000000009 2.5000000000000004 13.42342342342342 13.260073260073259 34.851621808143555 56.048780487804891 30.053763440860219 50.373134328358212 34.800211230417183 24.255103334601245 69.282051282051299 44.033898305084755 3.5000000000000004 35.493414773811807 32.272530015912061 51.191151446398194 56.500000000000007 49.018097805159805 37.981755179973142 47.124917382683414 34.623709623709637 38.814749780509224 37.221672439386445
decision_type=2 2 2 2 2 2 2 2 2 2 2 2 2 2 2 2 2 2 2 2 2 2 2 2 2 2 2 2 2 2
left_child=1 -1 4 -4 5 6 -3 29 -7 -6 -11 13 14 23 18 -16 17 -17 -13 20 21 22 -20 -12 -14 26 -18 -28 -29 -8
right_child=-2 2 3 -5 9 8 7 -9 -10 10 11 12 24 -15 15 16 25 -19 19 -21 -22 -23 -24 -25 -26 -27 27 28 -30 -31
leaf_value=-0.064907535343461539 0.08928417611902438 -0.10113665949635611 0.006620868702137947 0.065682670949894245 -0.042757741835328433 0.11230810293239334 -0.10220102246586071 0.60512939700556834 -0.065029222840480641 -0.077244399142349318 0.011814310322021919 -0.012345477857377362 0.058197073041053586 0.087413391898267551 -0.062823065944305062 0.061122124313330028 -0.049799221217362466 0.56165063247053171 0.11664535242173008 -0.13908369548645086 0.021590017389374976 0.56901276377243992 0.77553515458281874 -0.025192296908505551 -0.00068102625633407294 -0.028732677216815536 -0.038811633421361499 0.23130412472261255 -0.10808644078271575 0.31232049373292775
leaf_weight=10.299618695891693 5.4879947039880781 0.74579361098585595 360.53990885452367 15.980569926992755 36.258662947569974 4.0082665474619699 0.54463085113093279 0.78862528159515921 5.4345633374759927 11.074473131593548 328.7793586262851 136.41914324474055 18.388829311210429 12.346076855261343 88.522869003063533 1.5810657378751778 5.2740966599667436 0.59246384981088329 2.9453206310863607 1.6593065482738891 2.4371448191814125 0.72565959021449078 0.22677676225430321 53.046365295362193 819.86980194044008 39.365800391882658 2.7830467242747527 4.9828185208607465 0.96913398569449771 0.84756812080740929
leaf_count=2322 1775 377 13308 7096 6128 271 63 38 1357 1892 23432 12251 856 296 56278 56 321 22 323 445 20 19 32 1655 64624 564 228 175 31 5
internal_value=-0.000414012 -0.000664217 -0.000326131 0.00912761 -0.00257812 0.0572054 0.20872 0.314684 0.0102464 -0.00304966 -0.00210986 -0.00156277 -0.00532862 0.00920196 -0.0225863 -0.0387713 -0.000442016 0.197557 -0.00643973 0.0943403 0.155481 0.239199 0.16375 0.00667305 0.000610579 -0.00850492 0.0483354 0.107588 0.176042 0.150159
internal_weight=1972.93 1967.44 1957.14 376.52 1580.62 12.3694 2.92662 2.18082 9.44283 1568.25 1531.99 1520.92 1126.74 394.172 288.485 144.071 55.5484 2.17353 144.413 7.99421 6.3349 3.89776 3.1721 381.826 838.259 53.3749 14.0091 8.735 5.95195 1.3922
internal_count=196260 194485 192163 20404 171759 2111 483 106 1628 169648 163520 161628 136245 25383 70765 57675 1397 78 13090 839 394 374 355 25087 65480 1319 755 434 206 68
is_linear=0
shrinkage=0.1


Tree=77
num_leaves=31
num_cat=0
split_feature=7 0 1 0 1 2 2 3 1 2 0 5 1 2 5 8 0 1 5 0 2 3 2 5 8 5 1 0 1 3
split_gain=4.21022 5.00742 4.92025 9.57028 6.0516 7.19486 5.14485 9.75695 9.55405 9.78434 11.385 6.50264 7.26201 8.76007 8.59494 5.84726 7.06089 9.33334 7.46232 5.84547 5.59913 5.55091 13.0018 5.28544 5.27977 6.368 5.1096 4.94795 4.88797 11.3152
threshold=1.0000000180025095e-35 97.99919967987195 98.275349390425234 93.582704186684992 92.907444668008068 87.340132750526166 77.83625730994153 78.319623971797895 47.722567287784685 20.864427860696527 21.244358478401036 38.812267775048817 28.416149068322984 30.068493150684937 32.272530015912061 3.5000000000000004 24.588394062078276 31.662489557226401 32.843031220708063 88.153818115545846 23.294573643410853 83.438818565400865 84.409722222222243 35.097051138484517 29.500000000000004 28.405728886498121 27.812939521800285 78.705964422741559 82.426470588235304 73.746867167919817
decision_type=2 2 2 2 2 2 2 2 2 2 2 2 2 2 2 2 2 2 2 2 2 2 2 2 2 2 2 2 2 2
left_child=2 -2 3 4 6 -6 8 -8 9 10 -1 12 14 15 -11 -14 23 -18 -19 28 -16 24 -23 -17 25 -9 -12 -27 29 -10
right_child=1 -3 -4 -5 5 -7 7 21 19 11 26 -13 13 -15 20 16 17 18 -20 -21 -22 22 -24 -25 -26 27 -28 -29 -30 -31
leaf_value=0.0043933534661778342 -0.0030266259845995805 0.086529150103282937 -0.027924950285270325 0.082659735809465895 -0.14604877567081628 -0.0068073912342273783 0.38475204775117089 -0.077158122290402906 -0.035233340855476608 0.11271796691567054 -0.19788793210271702 0.10481696467313151 -0.13965464250795287 0.04879104832506051 -0.076370551861759103 -0.045044752093034712 0.11569425113618725 -0.094081563396684331 0.13819679623186379 0.1211173950697633 0.063023638995300169 -0.078691901989079924 0.039114174984457441 -0.28637682850242041 0.18292092976116933 -0.063302781015862772 -0.013111097694240856 0.13189081614554296 -0.069216853714900703 0.059047767038290878
leaf_weight=44.823705201153643 1580.2802377756598 6.2682458827039218 32.864265553303994 18.439913954178337 5.2754939855658476 12.513030938105656 0.78554350812919338 2.938245994038879 53.187695760279894 17.542606247588996 4.429504533938597 13.544183235091621 4.5996033602859852 22.647125721210614 5.1194044705480319 2.5002985293976994 5.8821368360659099 6.9127919152379018 1.7290590964257715 2.8230670137563711 6.5921360040083528 11.50822151795728 50.38601600099355 1.4245718661695717 4.0184345410671076 1.6104707648046295 2.2601776133524254 6.7073456076905131 19.562630414729938 16.734695747552905
leaf_count=1557 179811 507 1276 1232 140 324 23 158 4621 326 146 929 104 487 36 53 105 185 12 99 61 355 1712 11 63 46 97 171 780 833
internal_value=-0.000409873 -0.0026728 0.00905403 0.0125614 0.00862119 -0.0481018 0.0118733 0.0341031 0.00441397 0.0208804 -0.0137683 0.0410498 0.0295265 0.00462069 0.0684298 -0.0387806 -0.013631 0.0185289 -0.0476074 -0.0205613 0.00209098 0.0305336 0.0172101 -0.132639 0.0845223 0.0493939 -0.135459 0.094098 -0.025031 -0.0126688
internal_weight=1965.91 1586.55 379.362 346.498 328.058 17.7885 310.27 77.9543 232.315 140.007 51.5134 88.4939 74.9497 45.6956 29.2541 23.0485 18.4489 14.524 8.64185 92.3081 11.7115 77.1687 61.8942 3.92487 15.2745 11.2561 6.68968 8.31782 89.485 69.9224
internal_count=196260 180318 15942 14666 13434 464 12970 2528 10442 4109 1800 2309 1380 957 423 470 366 302 197 6333 97 2505 2067 64 438 375 243 217 6234 5454
is_linear=0
shrinkage=0.1


Tree=78
num_leaves=31
num_cat=0
split_feature=4 3 3 8 4 0 5 0 2 1 3 1 0 0 3 2 2 8 2 7 1 7 7 7 7 2 8 1 2 1
split_gain=4.03431 3.60025 7.05776 8.29049 6.33682 7.04806 6.29475 5.58669 7.7122 6.12341 5.93035 5.57933 10.5733 10.264 10.0167 9.58401 9.03545 8.53965 7.85268 6.81071 12.9672 10.4227 16.9165 12.1784 9.64092 8.85592 10.4962 7.59464 7.3702 8.59454
threshold=55.453864714202524 14.870093974571583 15.047169811320758 65.500000000000014 48.814210723659549 15.831244778613202 28.254728567919432 14.059797380775885 22.086720867208673 16.552511415525114 17.047223663726005 40.289855072463773 56.440422322775269 30.053763440860219 57.307060755336629 57.93287566742945 30.860805860805865 29.500000000000004 46.841755319148945 3.5000000000000004 30.860805860805865 8.5000000000000018 7.5000000000000009 5.5000000000000009 1.0000000180025095e-35 25.844402277039851 54.500000000000007 35.767590618336889 22.903981264637007 20.734437975817286
decision_type=2 2 2 2 2 2 2 2 2 2 2 2 2 2 2 2 2 2 2 2 2 2 2 2 2 2 2 2 2 2
left_child=1 4 3 6 -1 -6 -3 8 10 -10 -4 13 -13 19 17 18 -15 -14 -16 20 24 22 23 25 28 26 -21 -24 29 -9
right_child=-2 2 7 -5 5 -7 -8 11 9 -11 -12 12 14 16 15 -17 -18 -19 -20 21 -22 -23 27 -25 -26 -27 -28 -29 -30 -31
leaf_value=-0.014815911201275756 0.087496714174118528 -0.070739692422521969 -0.00098070859781646371 0.6510119741982372 -0.0494877785987912 -0.41794947452476183 0.14064862994027824 0.097911566403161981 0.55373539241277159 0.06204746202374644 -0.1170465826458581 -0.019847706858606633 0.064081414290737382 -0.0016101712294936438 0.0431724191510965 0.0023732975841352882 0.078290944569919016 -0.071240944287917565 -0.054057406687074962 0.040200348183661562 -0.059539963868017715 -0.016982953858583529 0.1476678276504079 -0.02995485659159371 -0.012398019657575851 0.10878730449679629 -0.073508287237493572 -0.060696503920835067 0.071466068180075823 -0.011346763902469921
leaf_weight=106.10155263452907 5.2112594074569634 1.9905558018945146 7.2323085825482911 0.26303465760429379 1.4108759422088035 0.82136724202428002 4.8191419567447156 8.7367769578704593 0.30213881720555846 1.5665594215970484 11.249873769178519 285.94234788168978 39.557715858551092 22.704079365881626 9.8995374312362383 908.49640942971746 37.576767051621573 5.2866078369988818 51.619475676998263 61.199039785016794 38.929310105158947 58.737585242866771 15.752042422682281 34.858675522700651 143.21301009564195 15.413469001825431 9.35940275818575 1.9678132106782857 28.794136929325759 40.922742798808031
leaf_count=14751 2172 459 1091 24 60 28 109 306 23 105 1278 71407 3132 905 1975 60732 1197 728 10806 3417 1593 5852 1264 3141 7093 607 237 112 637 1019
internal_value=-0.000372143 -0.0006064 0.000433147 0.100136 -0.0183239 -0.185065 0.0788573 4.97603e-05 -0.0520541 0.141546 -0.0716286 0.000632706 -0.00286278 0.00940777 0.00192282 -0.000213291 0.0481971 0.0481285 -0.0384113 0.00430112 -0.00631058 0.018318 0.0332836 0.0199025 0.00303761 0.040118 0.0251172 0.124529 0.0312145 0.00787544
internal_weight=1959.94 1954.72 1846.39 7.07273 108.334 2.23224 6.8097 1839.32 20.3509 1.8687 18.4822 1818.97 1300.8 518.165 1014.86 970.015 60.2808 44.8443 61.519 457.884 260.596 197.288 138.55 120.831 221.667 85.9719 70.5584 17.7199 78.4537 49.6595
internal_count=196260 194088 179249 592 14839 88 568 178657 2497 128 2369 176160 148780 27380 77373 73513 2102 3860 12781 25278 10648 14630 8778 7402 9055 4261 3654 1376 1962 1325
is_linear=0
shrinkage=0.1


Tree=79
num_leaves=31
num_cat=0
split_feature=8 5 4 3 1 2 0 0 2 0 2 3 2 1 0 8 5 4 0 0 5 4 5 4 5 1 4 0 4 2
split_gain=3.75522 5.72154 4.8457 3.81839 10.9488 19.2722 4.25296 7.72441 4.208 6.67301 5.45611 4.95509 7.48732 7.06868 3.54531 3.90956 10.9968 10.9035 6.93977 14.575 6.66933 5.60313 11.0845 10.8854 9.47371 6.42216 5.73313 8.05213 4.969 4.89507
threshold=1.0000000180025095e-35 41.128123550076232 23.460238637147395 18.090909090909097 26.586345381526108 16.359986617597858 16.045977011494262 17.173579109062981 56.28033980582525 80.735492577597867 91.545844394527279 75.905718027062434 81.375640520299584 91.331186258722511 9.3386627906976791 3.5000000000000004 37.981755179973142 27.404213893331484 54.923507864684346 48.313755210306937 38.812267775048817 27.292751301561875 30.661800486618009 34.623709623709637 33.403068340306838 13.446327683615818 33.793300342596119 93.127066603684469 37.522563176895311 80.735492577597867
decision_type=2 2 2 2 2 2 2 2 2 2 2 2 2 2 2 2 2 2 2 2 2 2 2 2 2 2 2 2 2 2
left_child=1 3 -3 4 6 -6 -1 -8 -5 10 -10 -11 -13 -14 -2 16 21 20 19 28 -18 25 26 24 29 -16 -23 -28 -19 -24
right_child=14 2 -4 8 5 -7 7 -9 9 11 -12 12 13 -15 15 -17 17 18 -20 -21 -22 22 23 -25 -26 -27 27 -29 -30 -31
leaf_value=-0.03080830471443784 -0.062148642583638031 -0.45712692668128851 0.065449844372643493 -0.041147298418101483 -0.10089281351233007 1.7059603959580543 0.33847880249813839 0.012999184304718116 0.045491299724232451 0.20425506775724478 0.33021403363787477 -0.22814885977379326 0.14521822869960546 -0.06797015911774909 0.65159869005817761 0.0011949162189285783 0.4303338543451723 -0.049904962112783224 0.035736413007770772 -0.15423336942309471 0.10169645076134007 0.047553917574734796 -0.03982916689844173 0.0086457099519406666 -0.09992650794526492 -0.04527499581021361 -0.041990251574697907 -0.60414346223636706 0.021776524699901961 0.053961852306584783
leaf_weight=3.2205801576492368 9.5149797240737808 0.17876735003665345 23.931676224863622 20.318363982165465 0.12656239903299127 0.11063376301899552 1.15394946638844 1.9807142586796542 16.911148816172506 0.76750360650475968 0.70093285967595775 2.0985360078047952 2.0378831406123918 6.5676222349284217 0.13245747709879552 1528.495876439978 0.6780930410604914 13.309382059960624 45.474874144449132 6.7882646141224532 6.9124589872080833 34.392917176533956 27.173329412937164 46.440730956965126 26.939186351140961 81.735446204009349 3.3242148486315268 0.27595297805964936 35.372192086535506 6.9976275383960447
leaf_count=459 2249 32 3274 2827 41 25 71 116 1503 14 22 63 72 252 33 150436 24 237 4084 164 356 5076 1168 875 605 20599 334 3 1182 64
internal_value=-0.000356259 0.0208468 0.0615752 0.00330975 0.0747951 0.741865 0.0498981 0.132817 -0.0062296 0.0181646 0.0568228 -0.0411868 -0.0587856 -0.0174847 -0.00126261 -0.000951889 -0.0107194 0.0154695 0.00677808 -0.0169623 0.131055 -0.0232185 -0.011446 -0.0278483 -0.055582 -0.0441475 0.0349858 -0.0850793 0.00217904 -0.0206224
internal_weight=1954.06 80.1049 24.1104 55.9944 6.59244 0.237196 6.35524 3.13466 49.402 29.0836 17.6121 11.4715 10.704 8.60551 1873.96 1864.44 335.947 108.535 100.945 55.4698 7.59055 227.412 145.544 107.551 61.1101 81.8679 37.9931 3.60017 48.6816 34.171
internal_count=196260 8771 3306 5465 712 66 646 187 4753 1926 1525 401 387 324 187489 185240 34804 6047 5667 1583 380 28757 8125 2712 1837 20632 5413 337 1419 1232
is_linear=0
shrinkage=0.1


Tree=80
num_leaves=31
num_cat=0
split_feature=6 5 1 5 2 8 3 0 5 4 7 0 8 0 2 5 1 1 5 8 8 8 3 1 2 5 2 3 5 5
split_gain=3.58845 5.58317 3.58244 3.84695 4.1506 3.29997 4.89784 5.71285 3.64813 9.41711 9.29766 5.99036 8.27129 5.85056 11.7737 5.93816 6.84953 12.11 5.07318 5.44164 5.99549 5.19158 5.29256 4.91644 5.1592 4.76318 4.71245 7.31508 4.70978 4.51786
threshold=1.0000000180025095e-35 47.083130772970357 96.824596774193566 26.577852527219623 46.049896049896056 2.5000000000000004 87.226107226107246 15.831244778613202 37.981755179973142 36.39487660106218 4.5000000000000009 77.003205128205153 3.5000000000000004 17.929582854955992 17.047223663726005 44.124551228942288 77.032967032967051 71.010186757215635 36.077899667200796 7.5000000000000009 14.500000000000002 13.500000000000002 83.438818565400865 16.06451612903226 60.397012578616362 32.149859943977596 74.388789505068601 74.464204286365728 36.856806821523087 35.422619047619058
decision_type=2 2 2 2 2 2 2 2 2 2 2 2 2 2 2 2 2 2 2 2 2 2 2 2 2 2 2 2 2 2
left_child=-1 2 5 -4 -5 6 7 -2 9 11 -10 12 -7 14 -12 -15 17 -17 19 23 -21 22 -20 -14 29 -22 27 -27 -13 -25
right_child=1 -3 3 4 -6 8 -8 -9 10 -11 13 28 18 15 -16 16 -18 -19 21 20 25 -23 -24 24 -26 26 -28 -29 -30 -31
leaf_value=-0.0024389217154116029 0.10768316082084615 0.072284272110288136 -0.029404641055092131 -0.34035667878679954 0.098146697630919114 -0.10287387793233405 0.088800770020131176 0.00070104003508660538 0.014850645601485683 0.061581665118904762 -0.0870617326586864 -0.031322269964260387 -0.22445234685193258 -0.026819001313800141 -0.46533618205694022 -0.17085279026631803 0.10344784617104048 -0.89237638846635992 0.042288440228368272 0.050183096514414993 -0.013270188546985917 -0.10484455888441804 -0.14031714987530455 -0.005590386494283223 -0.094866244539460756 0.063146836733908848 0.16682798403140398 -0.096980228965586418 -0.22467995120217366 0.15322585880044412
leaf_weight=1573.6122406892537 5.6167127492371938 13.211225579958407 3.8213229104876509 0.22071174602024157 9.8119342217105423 6.6962401232449329 10.131199357041622 44.841586111870129 29.765819815569557 26.264488451532088 4.1373024126514819 36.438976137549616 1.1605348130688096 18.986435843515213 1.0270631692837922 1.0332628842443217 0.49145214282907534 0.30020378867629904 8.0148600032553095 54.911883109831251 43.596193959121592 7.2917390463408074 1.9791657752357412 18.807121082674719 6.1289662222843608 12.311640159692621 2.7917016674764445 3.7134140059351912 1.3048392339842383 1.9797467016614962
leaf_count=174159 147 7520 22 6 2509 157 1132 1725 2537 401 82 785 8 384 25 67 88 22 87 969 2614 57 18 359 155 103 25 39 42 16
internal_value=-0.000340024 0.00842579 0.00610537 0.0559784 0.0884999 0.00412969 0.0253496 0.0126096 -0.00031706 0.00517244 -0.0233018 -0.00198046 0.00604733 -0.067021 -0.162291 -0.0433796 -0.215676 -0.33329 0.0105306 0.0166192 0.0260828 -0.0406852 0.00612616 -0.022927 -0.0142378 0.00487908 0.0469288 0.0260413 -0.0380068 0.00953531
internal_weight=1950.4 376.788 363.577 13.854 10.0326 349.723 60.5895 50.4583 289.133 233.392 55.7415 207.127 169.383 25.9757 5.16437 20.8114 1.82492 1.33347 162.687 145.401 117.325 17.2858 9.99403 28.0764 26.9158 62.4129 18.8168 16.0251 37.7438 20.7869
internal_count=196260 22101 14581 2537 2515 12044 3004 1872 9040 5835 3205 5434 4607 668 107 561 177 89 4450 4288 3750 162 105 538 530 2781 167 142 827 375
is_linear=0
shrinkage=0.1


Tree=81
num_leaves=31
num_cat=0
split_feature=4 8 0 4 7 5 8 7 0 7 1 1 5 5 3 6 0 3 5 1 7 9 8 4 4 1 1 2 5 7
split_gain=3.41746 3.06374 2.90632 3.17121 6.94245 3.18433 4.49888 3.01465 6.43018 5.56295 6.8072 4.6853 19.304 163.82 5.88938 4.24937 3.42555 5.9626 4.93255 15.5169 10.8517 47.2756 5.51298 4.40881 5.21751 4.16123 8.68065 11.9903 6.07252 4.76611
threshold=55.453864714202524 110.50000000000001 9.3386627906976791 32.444286391654821 11.500000000000002 34.496281271129149 5.5000000000000009 20.500000000000004 46.841755319148945 30.500000000000004 85.895117540687181 81.530214424951296 32.843031220708063 28.132851758793972 41.897974493623416 1.0000000180025095e-35 11.173533083645451 13.423423423423424 28.405728886498121 32.305502846299824 17.500000000000004 1.0000000180025095e-35 4.5000000000000009 27.602627257799675 27.038103677447943 14.415584415584421 15.504807692307695 10.063291139240507 37.651981294609904 2.5000000000000004
decision_type=2 2 2 2 2 2 2 2 2 2 2 2 2 2 2 2 2 2 2 2 2 2 2 2 2 2 2 2 2 2
left_child=1 2 3 -1 5 6 -5 16 -9 10 11 14 13 -13 -10 -12 18 -18 19 20 -4 -22 23 24 -20 28 27 -27 -24 -29
right_child=-2 -3 7 4 -6 -7 -8 8 9 -11 15 12 -14 -15 -16 -17 17 -19 22 -21 21 -23 25 -25 -26 26 -28 29 -30 -31
leaf_value=-0.11166732814767609 0.085433563121682224 -0.053525048698074965 -0.082207368710007472 -0.12988929212495723 0.1870229034224469 -0.1439172915525973 0.30765445447863732 -0.092686819998728076 0.60432258120595495 0.4025580622738556 -0.11582347406654799 -0.10029072870131242 0.12728169042626777 9.6623432537756528 -0.024727608784481492 0.20310160119940621 -0.033329117126896915 0.00099796066326146289 -0.040943731556583762 1.5535657894159947 -0.1001468210624704 5.7695222271838471 -0.10397003864580948 -0.039685636233107092 0.54331881673136573 0.68547468160078229 0.076699014100229682 0.39113847901389959 0.23579252806649473 -0.010488464414565291
leaf_weight=4.8725877611432207 4.6396090091147917 10.833058483141938 4.5286414690781411 0.50090407079551402 1.4296897533931767 2.2198449560673907 0.44267489528283477 9.9940719815203938 0.16696241515455712 0.38866375110228535 3.1495465324842375 0.10676979049458157 0.66666569910012186 0.020486271299887449 1.3706704614160115 0.48167159711010743 52.034834508231143 1836.8235877321567 0.30859301344025691 0.060310317843686678 0.070538377214688697 0.017035688506439328 1.359871377819218 4.0418435696046799 0.30283585446886718 0.7022763518616556 2.6227358081960119 0.5254105790518222 0.85790061869192857 0.67516037507448345
leaf_count=2204 2172 348 2003 23 40 31 20 3869 16 48 237 111 8 12 629 21 6391 177497 43 18 106 4 57 127 8 12 150 10 12 33
internal_value=-0.000288479 -0.000493321 -0.000195769 -0.0554707 0.00414522 -0.0785052 0.075382 7.65583e-05 -0.042686 0.0359909 0.0120974 0.145438 0.342719 1.47134 0.0435772 -0.0735189 0.000443488 5.23081e-05 0.0464135 -0.0400657 -0.0608863 1.04167 0.0818997 -0.00182703 0.248437 0.139675 0.194667 0.357264 0.0274603 0.165277
internal_weight=1946.22 1941.58 1930.74 9.4657 4.59311 3.16342 0.943579 1921.28 16.3455 6.35144 5.96277 2.33155 0.793922 0.127256 1.53763 3.63122 1904.93 1888.86 16.0732 4.67653 4.61622 0.0875741 11.3966 4.65327 0.611429 6.74336 4.52558 1.90285 2.21777 1.20057
internal_count=196260 194088 193740 2318 114 74 43 191422 4951 1082 1034 776 131 123 645 258 186471 183888 2583 2131 2113 110 452 178 51 274 205 55 69 43
is_linear=0
shrinkage=0.1


Tree=82
num_leaves=31
num_cat=0
split_feature=7 4 2 1 1 2 2 4 5 0 0 0 7 3 5 3 0 2 0 3 2 1 4 0 4 4 5 1 1 3
split_gain=17.5858 9.95751 9.48884 63.1891 27.9113 6.32216 8.58264 17.1126 5.10672 3.69481 9.75849 6.47879 3.68056 3.20378 9.71796 8.4138 16.0472 15.8724 12.2714 11.9582 10.1471 9.88568 8.37531 7.98241 14.1679 20.6209 24.3172 9.63049 9.84565 20.1034
threshold=20.500000000000004 33.396704689480366 54.641148325358849 84.889995848899972 82.272360999194206 52.419984387197509 51.66852057842047 33.108015528659521 33.403068340306838 47.943661971830998 48.050632911392412 47.690120824449188 28.500000000000004 95.2934662236988 36.856806821523087 90.070422535211279 86.72955974842769 91.545844394527279 90.070422535211279 92.718275008837068 82.807881773399018 93.127066603684469 39.296036333608598 86.72955974842769 37.939876215738288 38.814749780509224 42.631272364150796 77.694859038142638 93.419913419913428 92.403846153846175
decision_type=2 2 2 2 2 2 2 2 2 2 2 2 2 2 2 2 2 2 2 2 2 2 2 2 2 2 2 2 2 2
left_child=13 2 5 4 -4 6 9 -8 -3 11 -11 -2 -7 15 22 16 21 18 23 -20 -21 -1 -15 27 -25 -26 -27 -17 29 -29
right_child=1 8 3 -5 -6 12 7 -9 -10 10 -12 -13 -14 14 -16 17 -18 -19 19 20 -22 -23 -24 24 25 26 -28 28 -30 -31
leaf_value=-0.0025687764349878687 -0.11283809208998774 0.20766048400579384 -0.45908105465643728 -0.10348853235190827 -1.970966151402191 -0.090997662314160718 -0.10041203192339215 -2.8999976726532317 -0.039899366947784426 -1.5031875648481889 -0.21565970848704308 0.37132226502289428 0.39949400460430001 0.0041020599046782888 0.057961278558708876 -0.10617419798778023 0.056198736152283713 0.02425115286720048 0.080537040266859969 0.05494687483962582 -0.13259727291922727 0.050236040374089623 -0.22232290935493992 -0.092670968178922564 0.11472441831436955 -1.4199705184194713 -0.20033040445573003 -0.030563315348930642 -0.073539861939600035 0.15591598605766996
leaf_weight=1405.1864889586577 6.2404204276972468 1.0157848180097051 0.21070097651681807 2.4655833577562589 0.29040730220731348 0.25731122288561881 0.063431464586756081 0.033293724060058594 4.6373201103997417 0.064203810048638732 0.7081429682293674 0.28919408717774775 0.37732723596855067 227.74848965601996 36.605730896873865 17.627057548656012 50.344349079299718 50.643376763444394 14.123708781204188 4.8993506044498627 7.0165118800941855 36.371206706913654 1.6454279555473466 23.078974426141944 0.38007277343422063 0.3276781365275383 0.32622358968365006 23.809684873005612 21.138279974577017 7.6348578983452162
leaf_count=169797 4030 85 150 138 28 131 68 1 119 17 416 19 22 4344 6976 1811 1575 1800 484 201 115 939 49 495 6 12 49 1292 742 349
internal_value=-0.000959962 -0.103281 -0.158715 -0.31155 -1.33526 -0.102274 -0.128255 -1.06406 0.00458372 -0.115859 -0.32269 -0.0913948 0.200626 -7.6576e-05 0.0101133 -0.00170656 0.000701671 -0.0227166 -0.0424786 0.018292 -0.0554862 -0.00123649 0.00247793 -0.0592555 -0.108896 -0.471039 -0.811507 -0.042207 -0.0207637 0.0147146
internal_weight=1945.56 16.6531 11 2.96669 0.501108 8.03332 7.39869 0.0967252 5.6531 7.30196 0.772347 6.52961 0.634638 1928.91 266 1662.91 1491.9 171.006 120.362 26.0396 11.9159 1441.56 229.394 94.3228 24.1129 1.03397 0.653902 70.2099 52.5828 31.4445
internal_count=196260 5224 5020 316 178 4704 4551 69 204 4482 433 4049 153 191036 11369 179667 172311 7356 5556 800 316 170736 4393 4756 562 67 61 4194 2383 1641
is_linear=0
shrinkage=0.1


Tree=83
num_leaves=31
num_cat=0
split_feature=7 4 7 3 1 5 0 0 6 4 2 7 1 1 1 1 3 2 3 5 0 0 8 1 8 3 1 8 1 0
split_gain=12.1941 6.69391 4.4643 4.11248 8.5972 3.93743 3.66925 3.13544 3.1446 4.5504 3.65369 5.22342 4.55371 3.80812 3.71008 16.1748 9.64875 9.43875 6.77111 6.20444 9.00349 4.39262 8.6474 8.25362 8.79002 5.93928 5.22243 4.69166 9.37155 7.4525
threshold=20.500000000000004 33.396704689480366 27.500000000000004 77.459677419354861 84.889995848899972 36.077899667200796 52.419984387197509 9.3386627906976791 1.0000000180025095e-35 43.830158816787652 9.5811818703384972 3.5000000000000004 16.06451612903226 22.756041426927506 21.114551083591333 21.380952380952387 19.098277608915911 24.588394062078276 25.121359223300974 37.221672439386445 18.635658914728683 17.433516251582951 10.500000000000002 18.301435406698566 4.5000000000000009 16.767068273092374 20.991432068543457 36.500000000000007 20.126582278481013 17.929582854955992
decision_type=2 2 2 2 2 2 2 2 2 2 2 2 2 2 2 2 2 2 2 2 2 2 2 2 2 2 2 2 2 2
left_child=7 2 3 -2 -5 -3 -4 -1 10 -10 11 13 -13 -9 17 16 -16 21 -19 20 -18 25 23 24 -23 -12 -25 -24 29 -29
right_child=1 5 6 4 -6 -7 -8 8 9 -11 14 12 -14 -15 15 -17 19 18 -20 -21 -22 22 27 26 -26 -27 -28 28 -30 -31
leaf_value=-0.061036419370852191 -0.096461916790887822 0.11290193781194731 -0.07674068016943586 -0.37787220723813086 -0.096517109357445341 -0.059913761486847197 0.22551895026256452 0.15641389448553808 0.0062569682406363779 0.062714364218863575 -0.016977102514118984 0.13418564895794635 -0.10149116125633406 -0.11269210265489703 0.036801227067550589 -0.0014525355893412297 0.18986794370672369 0.5348118178742397 0.082600091192148284 0.13830737817507693 0.70732017849133244 0.050263505497609419 -0.11973729482583506 0.097297927805012563 0.78804243707279953 -0.077185253161608014 -0.10356369461562487 0.015985591402598354 -0.11274927396947068 0.46259039104775063
leaf_weight=8.3934119115874619 5.0175627712960722 2.0914120171801178 1.4779050076394917 2.0559747215338575 2.3021001038141549 3.5669737722491845 0.55148928352718929 4.6684926078305562 351.22186167823384 14.880899353811399 53.665614555618959 1.1939839114784265 2.6163526859600097 0.59260157414246339 2.1834665569767813 1438.833528441668 0.62521991480025485 0.48288851539837097 1.0534692466608246 0.98575799912214268 0.72754473600070924 0.31307279932662169 4.7127349599322752 7.0470066241105069 0.33352138864574954 23.584492805268383 1.5857018016104119 0.81455445973551854 1.9121882934123275 0.690276099689072
leaf_count=2067 3317 119 803 445 415 85 40 337 13288 8577 9259 240 712 67 128 151676 37 24 44 6 40 21 739 556 20 2734 146 66 184 68
internal_value=-0.000797229 -0.0849608 -0.129078 -0.158186 -0.22925 0.00396114 0.00539858 -5.04634e-05 0.000216875 0.00855178 -0.00175354 0.0615244 -0.0276409 0.126102 -0.00212639 -0.000859074 0.187972 -0.0211417 0.224734 0.32912 0.468164 -0.0251324 0.0202453 0.0862137 0.430819 -0.0353587 0.0604026 -0.0550511 0.0341638 0.220846
internal_weight=1940.18 17.0634 11.405 9.37564 4.35807 5.65839 2.02939 1923.12 1914.73 366.103 1548.62 9.07143 3.81034 5.26109 1539.55 1443.36 4.52199 96.1955 1.53636 2.33852 1.35276 94.6592 17.4091 9.2793 0.646594 77.2501 8.63271 8.12975 3.41702 1.50483
internal_count=196260 5224 5020 4177 860 204 843 191036 188969 21865 167104 1356 952 404 165748 151887 211 13861 68 83 77 13793 1800 743 41 11993 702 1057 318 134
is_linear=0
shrinkage=0.1


Tree=84
num_leaves=31
num_cat=0
split_feature=7 4 7 5 5 8 5 4 1 1 0 2 0 3 8 0 3 2 0 8 0 0 7 8 7 0 3 1 1 4
split_gain=10.0639 5.66656 3.78158 3.32113 3.06816 2.92404 6.5063 11.7288 5.23461 6.26456 5.00362 11.1988 10.2502 8.90889 8.54245 5.823 5.63075 7.71844 6.1815 5.21504 9.85285 6.72455 5.19136 4.8762 4.86918 7.69188 7.32953 8.19882 5.23287 4.57714
threshold=20.500000000000004 33.396704689480366 27.500000000000004 33.809621011090705 61.596298438403714 39.500000000000007 15.417629580719714 43.41595267237863 97.014260249554383 96.824596774193566 82.807881773399018 78.142959770114956 76.253132832080226 75.716625716625728 104.50000000000001 62.351626867755904 89.022757697456498 87.762088147197275 85.02873563218391 44.500000000000007 15.470085470085472 13.260073260073259 2.5000000000000004 87.500000000000014 3.5000000000000004 73.205084163517711 83.096903096903119 79.205974842767304 75.809822361546509 35.493414773811807
decision_type=2 2 2 2 2 2 2 2 2 2 2 2 2 2 2 2 2 2 2 2 2 2 2 2 2 2 2 2 2 2
left_child=4 2 -2 -3 5 -1 8 29 9 10 11 12 13 19 15 -13 18 -18 -12 20 21 -7 -19 -17 26 -26 27 28 -15 -8
right_child=1 3 -4 -5 -6 6 7 -9 -10 -11 16 14 -14 24 -16 23 17 22 -20 -21 -22 -23 -24 -25 25 -27 -28 -29 -30 -31
leaf_value=0.0013916689415409188 -0.14709023703811949 0.14736031628556351 0.0043931736124416731 -0.037321252858956315 0.096765700813662037 0.024777622630763982 -0.052585743922454159 1.1916260176075335 0.06374978100876437 -0.16445411732275902 -0.072663528846598172 -0.059056228151528958 -0.096509320677178656 0.033089863375879658 -0.14421661791556167 0.089329142337874562 -0.10080769535335342 -0.039219907797523074 0.062642841275175595 -0.01672021465596479 0.016138531839749698 0.40603677374425379 0.094783976777042755 0.235885937363082 -0.046566835957804503 0.147921885638964 0.24992464755391475 -0.0751551570363162 0.3073263116505901 0.070524994942998798
leaf_weight=1633.592009148284 9.062608970372823 1.2494864173349913 2.0142110081760611 4.4121232334873639 3.2663887370144939 0.77016729090246627 46.080445852057892 0.076876558363436653 11.299176469794473 2.4680408984422675 5.0782675847294731 2.2116157029813683 11.468738817697156 1.3659034522133899 1.6508813124964934 13.554219959478361 17.767040733247995 10.574530719313769 10.075225867447442 103.46770745801041 18.274785978137515 1.1584938679588956 3.9787424858659497 2.7269786236574864 6.0962121706979797 3.0513180253910832 2.9719968060962856 2.559803495707456 1.4183187832240944 3.2317646458977825
leaf_count=165264 4177 88 843 116 1391 54 17423 1 132 19 48 51 269 44 18 157 152 96 68 4235 646 39 28 27 598 67 45 76 31 57
internal_value=-0.00074296 -0.0779472 -0.119544 0.00343696 -6.99814e-05 -0.000234983 -0.00961218 -0.0425933 -0.00265068 -0.00601982 -0.00424423 0.00365772 -0.00559285 0.00179511 0.0737376 0.0931947 -0.0329978 -0.0565794 0.0172987 -0.00764608 0.0388252 0.25379 -0.00258437 0.113876 0.0686546 0.0183083 0.124035 0.0540233 0.172789 -0.0445175
internal_weight=1936.97 16.7384 11.0768 5.66161 1920.24 1916.97 283.377 49.3891 233.988 222.689 220.221 172.747 152.603 141.135 20.1437 18.4928 47.4738 32.3203 15.1535 123.671 20.2034 1.92866 14.5533 16.2812 17.4636 9.14753 8.31602 5.34403 2.78422 49.3122
internal_count=196260 5224 5020 204 191036 189645 24381 17481 6900 6768 6749 6357 6104 5835 253 235 392 276 116 4974 739 93 124 184 861 665 196 151 75 17480
is_linear=0
shrinkage=0.1


Tree=85
num_leaves=31
num_cat=0
split_feature=7 4 7 8 5 7 4 0 8 5 4 5 8 4 2 0 1 3 1 2 7 5 2 4 5 4 3 3 0 2
split_gain=8.57115 5.0968 3.54111 2.82549 5.01207 4.76462 4.40076 3.27056 3.10506 9.4855 8.8193 5.40393 5.14114 5.3152 7.80113 8.475 14.7709 14.9708 12.8095 45.1948 6.66533 5.60723 4.94364 4.84615 5.29256 10.541 4.6522 11.5053 12.3758 12.3179
threshold=20.500000000000004 33.396704689480366 27.500000000000004 1.0000000180025095e-35 41.128123550076232 19.500000000000004 23.025942882057997 99.523809523809533 3.5000000000000004 37.981755179973142 27.404213893331484 38.812267775048817 1.5000000000000002 28.077640910787608 58.102025506376592 68.45710165825524 77.303030303030312 90.59551886792454 80.982519590114535 65.261756876663725 1.0000000180025095e-35 29.038950609021551 89.512961508248239 37.939876215738288 43.379868681073511 33.396704689480366 95.2934662236988 88.416815742397162 85.02873563218391 88.2734912146677
decision_type=2 2 2 2 2 2 2 2 2 2 2 2 2 2 2 2 2 2 2 2 2 2 2 2 2 2 2 2 2 2
left_child=3 2 -2 4 7 6 -6 -1 9 12 11 -11 -5 -14 -15 16 20 18 21 -20 -16 -18 23 24 25 -12 27 28 -10 -29
right_child=1 -3 -4 8 5 -7 -8 -9 26 10 22 -13 13 14 15 -17 17 -19 19 -21 -22 -23 -24 -25 -26 -27 -28 29 -30 -31
leaf_value=0.0057425495877493644 -0.14354257906080842 0.003005243301121477 0.0039424744557747067 -0.0016170348718817533 -0.42625606869034666 0.65222363692038465 0.058883536046308638 -0.17479673852033539 0.00060140321073087559 0.39238100875444826 0.013384154278137467 0.093895246372973154 -0.056077176267874541 -0.044326702733805311 0.26426789704371051 -0.007915517345186595 0.60203543165095597 -0.021320962775622791 0.17112260960675688 1.6072853337612967 -0.05109001546132233 0.081657159704837043 0.10329716411806611 0.015059652058619512 0.043593606324191736 -0.14272289020580184 0.015035037183511216 -0.045952305360017355 0.055237897667763207 0.0054451177377480772
leaf_weight=54.55411975448078 8.3929455055003945 5.6535964831127776 2.0197182884148779 82.537911840467132 0.18856930523180082 0.13429326639743422 22.181650393031305 1.0222117824014265 1072.9655814020807 0.66803207341581483 8.5462926013860905 6.5897401486290619 58.508594999730121 45.121605562162586 0.80007814196869542 28.213537040865049 0.27385691209929131 1.0959493081318212 0.58434937393758435 0.35058072570245713 4.1291432992147747 0.8490275633521378 5.0704729493008918 69.929936923654168 5.9665066592860958 8.7583670339081419 205.15958304767264 108.62049503815069 43.124060722591821 81.702039096911903
leaf_count=5279 4177 204 843 9828 23 10 3265 34 132398 24 146 357 14158 3060 39 602 44 28 64 26 420 46 1878 3183 308 144 6416 6209 1216 1831
internal_value=-0.000696718 -0.0734329 -0.114935 -8.73257e-05 0.0185442 0.0583592 0.0547941 0.0024219 -0.000878145 -0.00969795 0.0149932 0.121369 -0.0214106 -0.0330861 -0.0165642 0.0179484 0.108226 0.277228 0.436229 0.709656 9.67644e-05 0.208571 0.00713689 0.00190542 -0.0376231 -0.0656259 0.00103565 -0.00116282 0.00271248 -0.0238883
internal_weight=1933.71 16.0663 10.4127 1917.65 78.0808 22.5045 22.3702 55.5763 1839.57 327.994 105.529 7.25777 222.465 139.927 81.4181 36.2965 8.08299 3.15376 2.05781 0.93493 4.92922 1.12288 98.2716 93.2011 23.2712 17.3047 1511.57 1306.41 1116.09 190.323
internal_count=196260 5224 5020 191036 8611 3298 3288 5313 182425 34355 6040 381 28315 18487 4329 1269 667 208 180 90 459 90 5659 3781 598 290 148070 141654 133614 8040
is_linear=0
shrinkage=0.1


Tree=86
num_leaves=31
num_cat=0
split_feature=7 4 7 0 3 3 5 5 0 2 2 3 2 0 1 3 1 2 5 0 1 0 3 0 7 2 0 2 2 3
split_gain=7.24886 4.557 3.28179 2.747 2.73678 5.19997 4.33337 5.85407 3.92731 5.59934 5.37078 5.1294 9.29797 8.54745 9.47096 9.01333 14.5621 10.2594 7.13776 7.09103 6.61758 6.39107 6.31448 12.332 23.3578 10.8499 6.10877 6.07005 5.69603 5.58509
threshold=20.500000000000004 33.396704689480366 27.500000000000004 52.419984387197509 14.870093974571583 15.047169811320758 24.015503875968992 43.768491124260358 14.059797380775885 22.086720867208673 17.047223663726005 37.590579710144929 61.348484848484851 86.391694725028074 88.548009367681502 57.307060755336629 69.631093544137045 53.410852713178308 32.843031220708063 31.643132220795895 85.270009643201561 51.363749070171096 73.37552742616036 60.92258748674444 6.5000000000000009 37.248718959400875 54.65367965367966 36.461388074291314 52.689415847310599 73.746867167919817
decision_type=2 2 2 2 2 2 2 2 2 2 2 2 2 2 2 2 2 2 2 2 2 2 2 2 2 2 2 2 2 2
left_child=4 2 -2 -4 6 -6 -1 -8 9 10 -7 27 13 15 -15 16 17 -13 -18 -19 22 -21 -17 24 28 -25 -23 -10 -24 -22
right_child=1 -3 3 -5 5 8 7 -9 11 -11 -12 12 -14 14 -16 20 18 19 -20 21 29 26 23 25 -26 -27 -28 -29 -30 -31
leaf_value=-0.052113440782383474 -0.13932249297468349 0.00270154858407585 -0.073534391525984247 0.17957393997576621 0.085098535227952035 0.0037415444620520193 0.0042813658036630351 -0.089758172157465732 0.0073136216912448706 0.11117344541787144 -0.11052044475489342 -0.02561897112354284 0.0028297319088008057 0.49316789687049928 0.057440618120050607 -0.060315277445943588 0.0061492849660889429 0.82396842949832316 0.097146422570897992 -0.046396959212646777 0.070888406916549712 0.2167213093067403 0.0053808943795630865 0.73342450297696182 -0.085043888470680493 -0.086785929089093744 0.044449581587094736 0.079730573135803923 0.17732044136182995 -0.020189240483676128
leaf_weight=25.068735991662834 7.8129062050247722 5.65988404827658 1.4081473723526872 0.61652993017196411 7.2857280627649734 6.9828387912857641 71.736721461056732 7.2926276766811489 549.67676726297941 2.0554590513929716 10.011902484620803 131.32038404991908 869.88533414706762 0.53628398914588515 7.1452513781841844 92.155185372830601 16.082047139425413 0.12286623709951427 18.577546154905576 3.8818786691408596 8.783657702704657 3.2448271093307977 2.4914280891243861 0.16305001918226381 8.1514333770464855 14.835061142177436 5.6295036131923553 11.823736838385228 8.5006463466997939 28.839179339382099
leaf_count=7615 4177 204 803 40 586 1064 6155 299 32765 130 1227 27170 58149 24 278 33725 3329 32 552 1266 492 724 190 2 6065 3408 1215 1074 1004 2496
internal_value=-0.000672744 -0.0687892 -0.10992 0.00353906 -0.000120717 0.000786987 -0.0158875 -0.00439636 0.000445895 -0.0447177 -0.0635722 0.000928751 -0.00271067 -0.0164626 0.0878608 -0.0188005 -0.00327674 -0.0172657 0.0549238 0.0679073 -0.035739 0.060625 -0.0467054 -0.0099695 0.0432269 -0.0778691 0.107439 0.00883853 0.138349 0.0010743
internal_weight=1927.78 15.4975 9.83758 2.02468 1912.28 1808.18 104.098 79.0293 1800.9 19.0502 16.9947 1781.85 1220.35 350.46 7.68154 342.779 178.859 144.199 34.6596 12.8791 163.92 12.7562 126.297 34.1416 19.1435 14.9981 8.87433 561.501 10.9921 37.6228
internal_count=196260 5224 5020 843 191036 176967 14069 6454 176381 2421 2291 173960 140121 81972 302 81670 34288 30407 3881 3237 47382 3205 44394 10669 7259 3410 1939 33839 1194 2988
is_linear=0
shrinkage=0.1


Tree=87
num_leaves=31
num_cat=0
split_feature=7 5 7 7 2 4 5 3 7 0 0 4 1 3 3 1 2 4 2 8 4 5 5 8 4 5 8 5 5 3
split_gain=6.15003 7.75147 3.68725 10.2981 5.03289 7.81455 13.3014 6.37334 5.43414 5.92131 7.31988 6.03218 7.21439 5.49555 8.27155 28.1185 5.01198 7.20134 5.87433 5.87307 4.93294 8.7698 4.7592 4.5735 4.20163 6.65658 5.75151 5.14416 18.1487 30.5445
threshold=17.500000000000004 32.843031220708063 11.500000000000002 9.5000000000000018 72.48188405797103 35.205633802816905 38.364128703408731 85.880398671096358 13.500000000000002 67.006802721088448 62.57530120481929 26.104702750665492 88.548009367681502 74.023338406900066 73.37552742616036 85.270009643201561 73.499399759903966 1.0000000180025095e-35 75.905718027062434 35.500000000000007 38.364128703408731 44.124551228942288 42.631272364150796 90.500000000000014 20.902306648575312 36.400441663599565 13.500000000000002 27.79023418036871 28.132851758793972 16.045977011494255
decision_type=2 2 2 2 2 2 2 2 2 2 2 2 2 2 2 2 2 2 2 2 2 2 2 2 2 2 2 2 2 2
left_child=2 -2 3 -1 5 8 7 -7 9 10 13 12 -12 14 24 -16 17 -6 19 -18 -8 -22 -11 -20 25 -4 27 -26 29 -29
right_child=1 -3 4 -5 16 6 20 -9 -10 22 11 -13 -14 -15 15 -17 18 -19 23 -21 21 -23 -24 -25 26 -27 -28 28 -30 -31
leaf_value=0.00048384693888656611 -0.088339882824231608 0.0082908050588632962 0.063324765535956271 -0.037391077808026855 0.42663961113441612 0.15983665087781765 -0.096150234010665345 0.013657845724707983 -0.03180918596725852 -0.039526060980056441 -0.10393077902644419 0.039558838232259905 0.32094058570706169 -0.087840851568026054 -0.10031364687400555 3.7882939633080586 -0.1079135449653324 0.086496483440125213 0.11755887051891761 0.19983452112798328 0.086887343158659258 -0.050709496440939208 -0.40168902054277916 -0.17449658512782557 -0.10079662154556833 0.43388688370418277 -0.11043607387117874 2.6232274420051422 0.044294103926862449 -0.10033804406718352
leaf_weight=1671.9667617289088 17.771056078448964 15.578839349633197 8.9429434589692463 75.008904450296541 0.88075668644159977 10.98927159712184 4.3824468804523375 4.0937000084668389 44.292126468804781 8.7832750321394961 0.4851685575122241 2.9104195081745274 2.267462368181441 4.3566382091958067 0.067239129479275017 0.02570382331032306 3.4660677604842913 2.1221433406171855 6.8739541785034817 0.75523896070080798 9.7913719852804224 8.7906868880672828 0.37848471861798394 0.58155144657939661 2.4182666799752068 0.51254612207412797 3.6782772685546652 0.073348677717148258 10.59054140356602 0.093881625158246607
leaf_count=146081 9836 532 2831 14688 9 296 87 44 13227 526 285 116 73 1512 87 3 208 140 320 35 200 352 9 5 2463 3 1371 13 844 64
internal_value=-0.000631591 -0.0432005 0.000119724 -0.00114237 0.0155811 0.00921712 0.0472042 0.120162 -0.00686401 0.0173741 0.0354503 0.13993 0.246054 0.0162148 0.0333847 0.9751 0.0710386 0.186261 0.0414071 -0.052854 -0.000714072 0.0217939 -0.0544875 0.0947777 0.0300579 0.0834115 0.000125861 0.0309908 0.0606156 1.09424
internal_weight=1922.93 33.3499 1889.58 1746.98 142.604 127.924 38.0475 15.083 89.8763 45.5842 36.4224 5.66305 2.75263 30.7594 26.4027 0.092943 14.6797 3.0029 11.6768 4.22131 22.9645 18.5821 9.16176 7.45551 26.3098 9.45549 16.8543 13.176 10.7578 0.16723
internal_count=196260 10368 185892 160769 25123 24406 979 340 23427 10200 9665 474 358 9191 7679 90 717 149 568 243 639 552 535 325 7589 2834 4755 3384 921 77
is_linear=0
shrinkage=0.1


Tree=88
num_leaves=31
num_cat=0
split_feature=7 4 5 7 6 5 4 5 3 8 1 8 2 2 2 8 5 4 5 7 5 1 4 5 8 1 2 2 4 5
split_gain=5.47091 3.28784 3.59054 3.51885 2.92218 3.9853 3.37739 6.67065 3.89506 4.68123 3.83215 3.72405 5.79791 5.2243 4.32921 4.12559 3.84056 3.45734 4.84065 2.87011 3.02827 2.81451 2.75518 14.9968 9.66685 6.05375 4.75614 14.0848 25.0921 111.993
threshold=21.500000000000004 33.396704689480366 36.077899667200796 27.500000000000004 1.0000000180025095e-35 47.083130772970357 20.594546831608188 24.331474331474336 85.215543412264751 58.500000000000007 17.44565217391305 18.500000000000004 88.2734912146677 94.791101465002725 91.545844394527279 63.500000000000007 27.292751301561875 29.855928689883918 36.400441663599565 10.500000000000002 25.994350282485879 85.270009643201561 18.142633228840126 23.381860075408465 27.500000000000004 17.192118226600986 66.300366300366321 67.017543859649138 23.460238637147395 30.661800486618009
decision_type=2 2 2 2 2 2 2 2 2 2 2 2 2 2 2 2 2 2 2 2 2 2 2 2 2 2 2 2 2 2
left_child=4 3 -3 -2 22 6 7 8 -6 -10 -9 12 -8 14 15 17 -17 -13 -19 20 -12 -20 25 -24 -25 -1 -26 28 29 -28
right_child=1 2 -4 -5 5 -7 11 10 9 -11 19 13 -14 -15 -16 16 -18 18 21 -21 -22 -23 23 24 26 -27 27 -29 -30 -31
leaf_value=-0.097137130771693739 -0.147087008885284 0.12040341508749774 -0.068377311700232687 0.0097584575017763599 -0.060235033914946917 0.06668601166450526 0.0052704436608500618 0.32623500293510155 -0.017756050260338368 0.20865477918272068 -0.11004455789547106 -0.050915725656013294 0.069695430744083978 -0.20361793945939066 0.13795711751233172 -0.10230953547585858 0.14771685830552414 0.02608477937677537 -0.069514232499512649 0.22910282950936234 0.08302692535953525 0.054737742700361386 -0.054377249863367443 -0.00021920107481046534 -0.096060370453496413 0.0055360607458704034 -0.10011142981423492 -0.034985020861179029 0.14992043815968087 7.5369729153407903
leaf_weight=5.8144655235373639 5.6977227747865964 1.5998073666705748 2.7212208129349165 1.909865964324126 6.5470678599085677 11.155053362163015 249.05013849266106 0.69093813002109428 2.475032875547186 1.447144682635553 0.89984985766932268 26.243270087987185 14.798965003690681 1.4722910142736498 1.8429452123818908 0.80173687578644548 2.6286722202785313 21.889685826841742 11.484834673581643 1.1922507018316526 8.3571048944140767 2.1670166706899172 57.974650863598072 979.97056529015754 14.985052788751998 464.77751477865786 0.071994293888567706 20.39873242376234 0.3938744705519639 0.026185284019447863
leaf_count=1057 3103 102 69 843 713 7502 7808 9 115 27 38 1596 3356 48 26 94 30 227 99 28 208 48 58314 73349 6888 28040 84 2297 135 7
internal_value=-0.00063239 -0.0681446 0.00151642 -0.107711 -0.000210655 0.00783455 0.00598 0.0442882 -0.0130244 0.0657815 0.0981493 0.00348942 0.00888396 -0.0172801 -0.013189 -0.0174603 0.089282 -0.0233868 -0.00305992 0.0830675 0.0642588 -0.0497912 -0.00211277 -0.00490886 -0.00208568 0.00426747 -0.0530697 -0.0222323 0.506449 1.93676
internal_weight=1921.49 11.9286 4.32103 7.60759 1909.56 365.144 353.989 21.6094 10.4692 3.92218 11.1401 332.38 263.849 68.5305 67.0582 65.2152 3.43041 61.7848 35.5415 10.4492 9.25695 13.6519 1544.41 1073.82 1015.85 470.592 35.8758 20.8908 0.492054 0.0981796
internal_count=196260 4117 171 3946 192143 21972 14470 1138 855 142 283 13332 11164 2168 2120 2094 124 1970 374 274 246 147 170171 141074 82760 29097 9411 2523 226 91
is_linear=0
shrinkage=0.1


Tree=89
num_leaves=31
num_cat=0
split_feature=7 4 7 8 5 4 8 6 1 2 1 1 3 3 2 0 3 1 0 2 2 2 1 7 0 4 5 8 5 4
split_gain=4.59799 3.38474 3.06445 2.85752 6.02784 6.0089 5.68823 5.61872 4.22016 7.32469 4.18655 5.15883 9.20071 7.94743 7.57472 7.20153 5.93056 8.0153 6.37849 5.20534 4.05691 5.71885 3.92421 4.11153 3.81767 3.80259 12.3018 6.92303 6.34079 11.9677
threshold=20.500000000000004 33.108015528659521 27.500000000000004 39.500000000000007 14.520634348531269 35.493414773811807 57.500000000000007 1.0000000180025095e-35 96.490147783251246 93.419913419913428 97.014260249554383 94.201680672268921 92.031746031746039 91.73497267759565 93.419913419913428 93.127066603684469 89.38673341677098 91.545844394527279 90.070422535211279 86.899313501144192 75.134408602150543 73.205084163517711 90.366769774635443 13.500000000000002 13.840996168582377 16.630276564774388 21.882773631840802 27.500000000000004 22.173058013765985 19.185000691850011
decision_type=2 2 2 2 2 2 2 2 2 2 2 2 2 2 2 2 2 2 2 2 2 2 2 2 2 2 2 2 2 2
left_child=3 2 -2 25 10 6 8 -8 9 -6 11 12 16 -13 -14 -15 17 19 20 22 21 -18 23 -5 -9 -1 -27 28 29 -28
right_child=1 -3 -4 4 5 -7 7 24 -10 -11 -12 13 14 15 -16 -17 18 -19 -20 -21 -22 -23 -24 -25 -26 26 27 -29 -30 -31
leaf_value=0.013463594356415845 -0.13562952734382738 -0.0030182224441627509 0.009962174817100454 -0.0021004371412495985 -0.086495167213369709 0.082838395227468054 -0.065679472650055193 0.32888683536275182 -0.23622415358813442 0.093284122577340742 0.058541880722380285 0.091632200185083265 0.17617631423968588 -0.11501978972130888 -0.024517304248552668 0.048509822477027578 -0.10622358162399247 0.10280305566767281 0.11869903105374457 0.11834852260413711 -0.097936031312581967 0.27162780037133316 -0.10119061898828163 -0.11401948384781727 0.034777437925002999 -0.050687313394855375 0.55512515019567599 -0.040266991053672881 0.0019414633670115828 0.043335830414873891
leaf_weight=217.83155415761576 6.0496742631930811 6.3734747671987861 1.8996717121226536 155.90950586093822 24.127461217911339 3.5787622388452283 8.0031211973691825 0.46665764786303121 1.612233577412552 2.5011948619503519 10.532237384235485 3.1292493958026197 5.1635011463658866 13.34117728052661 2.9579261150211096 3.3740362152457228 0.86120546158054156 7.2692048692842937 1.779693143442272 3.3811886198818675 14.261541026673511 0.74886860206606798 4.307093418436124 3.3530226949515045 8.1375177507288736 47.631944404871319 0.58717895529116448 39.438889418233884 1314.9818448406004 2.0594636584282853
leaf_count=9645 4152 232 840 4745 12002 70 5869 15 45 22 132 20 68 95 36 57 47 49 14 17 140 16 43 534 364 38624 246 8242 108282 1597
internal_value=-0.00086208 -0.057309 -0.100837 -0.000436862 -0.00978918 -0.0418597 -0.0518103 -0.0053688 -0.0791206 -0.0696087 -0.0030475 -0.0059982 -0.00117275 -0.0546291 0.103081 -0.0820106 -0.00558556 1.05021e-05 -0.0608192 -0.00446519 -0.0809486 0.0695205 -0.0070039 -0.00445672 0.0507288 0.00117013 -0.000736261 0.00101698 0.00225268 0.15688
internal_weight=1915.65 14.3228 7.94935 1901.33 278.796 48.4269 44.8482 16.6073 28.2409 26.6287 230.369 219.837 199.993 19.8445 8.12143 16.7152 191.871 174.22 17.6513 166.951 15.8716 1.61007 163.57 159.263 8.60418 1622.53 1404.7 1357.07 1317.63 2.64664
internal_count=196260 5224 4992 191036 24400 18387 18317 6248 12069 12024 6013 5881 5709 172 104 152 5605 5388 217 5339 203 63 5322 5279 379 166636 156991 118367 110125 1843
is_linear=0
shrinkage=0.1


Tree=90
num_leaves=31
num_cat=0
split_feature=7 5 4 3 2 2 7 0 6 4 7 0 0 5 3 0 1 2 8 4 5 1 3 1 1 2 3 1 2 1
split_gain=3.91217 6.18228 3.7419 5.25748 10.2129 3.61312 3.36399 3.23418 2.83427 3.42738 3.21088 3.75142 7.64648 2.9332 11.0815 15.8646 4.87225 7.52491 3.628 2.88479 4.90113 3.29553 7.13448 7.84953 6.8017 7.19655 7.88606 6.11239 6.27838 5.53289
threshold=17.500000000000004 32.843031220708063 31.434809731752964 41.897974493623416 33.137254901960794 68.783602150537646 28.500000000000004 52.419984387197509 1.0000000180025095e-35 43.830158816787652 3.5000000000000004 62.57530120481929 61.62029459901801 51.521767897313758 13.976744186046512 13.408239700374532 72.438780609695172 46.247654784240154 23.500000000000004 20.524267399267409 24.331474331474336 26.747967479674802 60.120481927710848 68.133462282398469 48.074074074074083 46.543485186365096 41.060765718299969 26.586345381526108 25.844402277039851 23.466833541927418
decision_type=2 2 2 2 2 2 2 2 2 2 2 2 2 2 2 2 2 2 2 2 2 2 2 2 2 2 2 2 2 2
left_child=8 6 3 4 -3 -5 -2 -8 -1 19 -11 12 13 16 15 -15 -12 -18 -16 20 -10 27 23 24 -23 26 -26 28 -21 -30
right_child=1 2 -4 5 -6 -7 7 -9 9 10 11 -13 -14 14 18 -17 17 -19 -20 21 -22 22 -24 -25 25 -27 -28 -29 29 -31
leaf_value=-0.0020880097469837345 -0.094008877238873495 0.019329428892465778 -0.012150031907506655 -0.071588365873745993 0.69262568980753247 0.28190184598510543 -0.10320364717853746 0.18279744481707583 -0.0093491325212488006 0.10127330224281586 0.10295388667199126 0.10030935435957607 -0.54516923633379155 0.10038445880444734 0.10012864357082558 -3.0426053955870529 -1.1152755259773002 -0.078784865611330399 -0.45108948217005429 -0.015006436751563513 0.088159233905959339 0.044315895631432525 -0.0030324669865975846 0.10345518090261148 0.051702193216017059 0.04030965371946589 -0.10686256331132518 -0.18127945308253932 0.3486850306744208 0.012868909107556635
leaf_weight=1523.1409506235213 14.573898850467236 0.51806903770193402 12.872762063183471 1.2246221510577013 0.39864260004833341 0.37853048741817463 0.69988205482513766 0.90882555324060377 9.7696080621099117 7.43342663196381 1.9840979492291819 2.3217598400660791 0.30147670995211218 0.032426829304313176 0.38772180612431839 0.031818487332202494 0.082187765859998652 0.47404627915238962 0.17254103720188141 69.548724837251939 10.912806134903802 43.126036150730215 164.07324232207611 13.250168297090566 4.3203305054921683 11.618087171693331 11.446616737404836 2.1462873506825408 0.90012462949380179 1.0784421748248858
leaf_count=164170 9183 34 358 120 18 2 621 32 817 5396 450 2164 20 21 389 20 25 62 1 1484 265 1277 8173 376 105 285 296 37 16 43
internal_value=-0.000798428 -0.0357057 0.00966433 0.121103 0.31212 0.0118764 -0.0788609 0.0583702 -0.000211697 0.00782936 0.0577878 0.00194088 -0.0639469 -0.0181066 -0.212272 -1.45623 0.0296264 -0.231934 -0.0696269 0.00589907 0.0420999 0.0035703 0.00909033 0.0328367 0.0195664 -0.0194093 -0.0634139 -0.0149988 -0.0100093 0.165644
internal_weight=1910.13 31.5752 15.3926 2.51986 0.916712 1.60315 16.1826 1.60871 1878.55 355.412 13.2215 5.78808 3.46632 3.16484 0.624508 0.0642453 2.54033 0.556234 0.560263 342.19 20.6824 321.508 247.834 83.7612 70.5111 27.385 15.7669 73.6736 71.5273 1.97857
internal_count=196260 10368 532 174 52 122 9836 653 185892 21722 8548 3152 988 968 431 41 537 87 390 13174 1082 12092 10512 2339 1963 686 401 1580 1543 59
is_linear=0
shrinkage=0.1


Tree=91
num_leaves=31
num_cat=0
split_feature=7 4 5 4 3 0 0 3 2 1 7 3 1 4 1 3 3 1 5 7 2 0 0 1 7 8 7 1 2 1
split_gain=3.6657 2.69998 3.61628 3.52677 2.58786 2.67583 2.4834 2.45051 7.80795 8.80281 7.88816 8.35511 17.4496 13.1109 6.82341 7.91063 7.33068 8.89788 8.56745 7.82713 6.80179 7.50295 15.9869 9.48451 9.39735 11.7976 9.68701 10.5266 8.84125 16.5723
threshold=21.500000000000004 51.676029962546814 50.862325304787397 52.470642948494365 6.1072261072261123 62.102443923669234 9.3386627906976791 37.590579710144929 67.769272826681259 81.530214424951296 3.5000000000000004 57.93287566742945 62.593283582089562 25.049019607843139 87.841832963784199 81.530214424951282 80.874970117140819 87.585616438356183 35.097051138484517 8.5000000000000018 69.614069369809485 68.020618556701052 68.45710165825524 68.801229508196727 2.5000000000000004 98.500000000000014 14.500000000000002 83.096903096903105 78.9103039288362 77.84992784992788
decision_type=2 2 2 2 2 2 2 2 2 2 2 2 2 2 2 2 2 2 2 2 2 2 2 2 2 2 2 2 2 2
left_child=1 6 3 -3 -2 -6 -1 -8 9 10 -9 12 -12 -14 16 -16 18 20 -10 -19 -18 -22 28 -24 -25 26 -26 -28 29 -23
right_child=4 2 -4 -5 5 -7 7 8 14 -11 11 -13 13 -15 15 -17 17 19 -20 -21 21 22 23 24 25 -27 27 -29 -30 -31
leaf_value=-0.056622817898770494 0.26691946284297707 0.17504607631336633 0.068284895558121991 -0.17395287036921192 -0.07773733077974164 0.12011457816278455 0.0043913152189902572 -0.0087488642721299283 -0.026965181169128334 0.010330000844487361 -0.055236440248253485 -0.063654420419903726 -0.078978379369106982 0.086886368887749893 0.045064887392325996 -0.0083248707005304894 0.10075886376089559 0.13276107198485967 0.033616436170809075 0.60127190902741035 -0.011069474146061202 0.13708517336823503 0.2294225094077228 0.046322473917425527 -0.019787829915392654 0.46191979594571281 -0.10065527370081134 1.064995298137422 0.13593005969545696 1.114697071338828
leaf_weight=7.8940788072577552 0.24058122024871309 0.37784424459095944 10.463051984261254 1.2391562507837077 10.302878514909931 0.73213694693186049 677.34649707466451 196.3103610581893 69.690422629508248 115.32782236652747 41.673564657881798 71.72547171340193 6.2098583844453996 20.491630005337356 29.743969647097401 414.40414303709986 10.759488235686147 2.4321360924514006 35.101384857844096 0.41784745780751098 57.328600619424833 0.35300389883923233 2.3080296498665112 76.73186586049269 45.713610939114005 0.52239462517900292 0.14127129688858886 0.1715524114551954 0.84775089513277635 0.34081340735428967
leaf_count=2116 65 30 3546 98 4009 43 48371 29468 10068 10670 15028 37161 4722 2379 1296 15082 1176 132 656 13 3869 34 208 2499 3402 15 37 16 27 24
internal_value=-0.000688034 -0.000349964 0.0467758 -0.0924023 -0.0575368 -0.0646105 -0.000652132 -0.000416623 -0.00313333 -0.0135116 -0.0216849 -0.039811 -0.0147993 0.0483119 0.00314271 -0.00474943 0.0147166 0.026033 -0.00667258 0.201451 0.0234721 0.018964 0.0325073 0.0285785 0.0248184 -0.0106294 -0.0159928 0.538587 0.352583 0.617303
internal_weight=1907.34 1896.07 12.0801 1.617 11.2756 11.035 1883.99 1876.09 1198.75 451.739 336.411 140.101 68.3751 26.7015 747.008 444.148 302.86 198.068 104.792 2.84998 195.218 184.459 127.13 125.589 123.281 46.5488 46.0264 0.312824 1.54157 0.693817
internal_count=196260 192143 3674 128 4117 4052 188469 186353 137982 99428 88758 59290 22129 7101 38554 16378 22176 11452 10724 145 11307 10131 6262 6177 5969 3470 3455 53 85 58
is_linear=0
shrinkage=0.1


Tree=92
num_leaves=31
num_cat=0
split_feature=7 4 7 5 7 0 1 0 8 8 4 5 1 0 1 1 0 0 1 0 3 2 0 5 3 1 2 0 1 2
split_gain=3.1029 2.78757 3.46582 2.56774 2.38657 4.08862 3.94178 7.99091 4.75137 5.61144 5.7141 7.50434 4.59789 9.32194 4.7287 9.50564 9.62255 6.56824 4.24338 6.1139 7.65117 8.18769 7.80537 5.87894 6.06706 5.56458 8.16773 7.00536 5.70124 6.19319
threshold=20.500000000000004 30.697411846447807 28.500000000000004 61.596298438403714 1.0000000180025095e-35 97.99919967987195 98.275349390425234 93.582704186684992 16.500000000000004 8.5000000000000018 32.73531777956557 28.178466773797151 89.38673341677098 81.375640520299584 85.270009643201561 87.841832963784199 85.02873563218391 82.426470588235304 83.096903096903105 72.821969696969717 83.752357008170975 73.746867167919817 77.459677419354861 24.897713799034751 89.022757697456498 57.93287566742945 55.848153214774293 44.033898305084755 47.722567287784685 20.864427860696527
decision_type=2 2 2 2 2 2 2 2 2 2 2 2 2 2 2 2 2 2 2 2 2 2 2 2 2 2 2 2 2 2
left_child=3 2 -2 4 6 -6 7 12 9 -8 11 -11 13 18 17 -16 -17 -15 19 25 21 -21 -22 -20 -25 27 -27 28 29 -1
right_child=1 -3 -4 -5 5 -7 8 -9 -10 10 -12 -13 -14 14 15 16 -18 -19 23 20 22 -23 -24 24 -26 26 -28 -29 -30 -31
leaf_value=-0.012836113090286509 -0.14234544736994806 -0.0074055560323574706 0.034414215100831251 0.095005231940638382 -0.0025172479853810418 0.081501924895268196 -0.019577537719652996 0.077011320187215071 0.046178495095151408 -0.055414287150072267 0.10658220065589284 -0.29120907406240409 -0.02523808351066692 0.19729573733993014 0.19150718558167121 -0.12489116848706974 0.10558032975914884 -0.079195979004207384 -0.099517929544474998 -0.0011536460480107732 0.15793947756955173 0.15531770186299199 -0.13044385022493424 -0.033917775421708998 0.095335670103031733 -0.084137792976218928 0.001078995834593792 0.10533310181156877 -0.080777989677130277 0.031560008379143044
leaf_weight=50.215769283880945 4.5429448752156514 7.3633964582186309 1.4676398506853727 2.8217854979448012 1517.2208096117101 5.8140865706081959 18.574532618018573 16.910335345717613 6.9706426911288863 2.8434951417148104 0.88623588954214927 2.5692802247358486 39.981874254852301 1.1387564559408954 6.8371316387492689 2.6514445218490419 5.7190756093186792 3.499587285798043 8.6419495364534686 5.1836894584703286 1.3136800935899362 9.4239413301693258 3.2866210201173089 13.745653557125481 4.9355130732292301 15.032831040560266 44.665698624827201 8.2468817785556876 6.5248685941332942 83.952744894399075
leaf_count=1782 4179 410 635 1391 173685 476 875 1157 97 27 156 41 1285 36 211 93 162 80 371 289 61 249 46 313 236 1598 3064 538 510 2207
internal_value=-0.00065557 -0.0486534 -0.099185 -0.000315859 -0.000458416 -0.00219651 0.00681901 0.0100434 -0.0267886 -0.0472371 -0.1288 -0.167339 0.00644831 0.0110549 0.0770714 0.104029 0.0325762 -0.0113147 0.00592041 0.0103861 0.0643738 0.099792 -0.048092 -0.0313186 0.000230631 0.00541578 -0.0203796 0.0157552 0.0105045 0.0149437
internal_weight=1902.98 13.374 6.01058 1889.61 1886.79 1523.03 363.752 331.908 31.8442 24.8735 6.29901 5.41278 314.998 275.016 19.846 15.2077 8.37052 4.63834 255.17 227.847 19.2079 14.6076 4.6003 27.3231 18.6812 208.639 59.6985 148.94 140.693 134.169
internal_count=196260 5224 4814 191036 189645 174161 15484 14288 1196 1099 224 68 13131 11846 582 466 255 116 11264 10344 645 538 107 920 549 9699 4662 5037 4499 3989
is_linear=0
shrinkage=0.1


Tree=93
num_leaves=31
num_cat=0
split_feature=7 5 0 1 3 4 8 7 7 1 2 4 5 3 1 4 5 5 7 0 0 0 3 4 1 4 8 5 5 5
split_gain=2.61921 7.66098 5.86985 3.63398 4.89597 3.25207 5.32801 3.07061 9.20126 4.18226 4.1706 5.00353 12.7107 5.62964 5.3736 4.64601 4.74885 3.70588 3.36191 7.79527 4.33528 5.87398 5.05387 4.09774 4.56782 3.77035 4.67446 4.38504 3.74107 4.79
threshold=16.500000000000004 32.149859943977596 63.702239789196312 93.788580246913583 88.548009367681502 29.314858277667451 7.5000000000000009 11.500000000000002 9.5000000000000018 91.734972677595636 72.48188405797103 35.205633802816905 38.364128703408731 85.880398671096358 14.415584415584421 38.364128703408731 44.124551228942288 32.843031220708063 13.500000000000002 73.746867167919817 67.006802721088448 62.351626867755904 67.083333333333343 21.923816390290799 88.548009367681502 20.902306648575312 13.500000000000002 36.400441663599565 27.79023418036871 31.26481042654029
decision_type=2 2 2 2 2 2 2 2 2 2 2 2 2 2 2 2 2 2 2 2 2 2 2 2 2 2 2 2 2 2
left_child=7 3 -3 -2 -5 -6 -7 8 -1 -10 11 18 13 17 -14 -16 -17 -13 20 -20 21 22 25 24 -23 27 28 -9 -27 -30
right_child=1 2 -4 4 5 6 -8 10 9 -11 -12 12 14 -15 15 16 -18 -19 19 -21 -22 23 -24 -25 -26 26 -28 -29 29 -31
leaf_value=0.00035302687416149378 -0.10218053778704778 -0.003438942852609326 0.16376043606227242 0.20900922720555701 -0.084708640594476969 -0.073017589679729308 0.43535077025540592 0.060888267055702217 -0.049576323771338277 0.0058855726426425697 0.06514549987227361 -0.051596915436139146 0.27459741926098613 -4.1521593408960978e-05 -0.11525657831904834 0.058757555296920429 -0.048517936905052565 0.16540024487689375 -0.029770559433267608 0.81980451260008058 -0.048904689210440382 -0.10429631038423422 -0.08136126209522708 0.052247891448767396 0.27712775017177765 -0.10079554523604597 -0.11155424325019003 0.34429867822182925 0.16129066913080672 0.0098177533672391785
leaf_weight=1652.995693715231 12.864489184966262 17.982016085006766 2.3772922280477351 0.89154959624283847 3.9328620037376822 0.51619133356143709 0.34325354637985583 8.9407241616281716 55.097347362781875 18.050679710053373 14.52891671740508 0.85447662131627922 0.64671192225069063 3.3521374663105226 3.9730876968242255 8.2645790681126545 8.2416805235843622 9.9684389127651212 37.176882810716052 0.10831561023951408 9.0653625889244704 0.37085633543028906 5.0295654650253701 3.8178025052766316 2.0470035389298573 2.0048781578516381 3.0981834406702538 0.58144010603427965 2.7808000058284952 8.3758899208041822
leaf_count=146081 11388 734 59 48 595 40 26 2499 14060 628 708 93 11 40 82 178 330 182 10761 16 535 166 2447 308 40 2195 1199 3 514 294
internal_value=-0.000591172 -0.0262697 0.0160844 -0.0727591 -0.00616846 -0.0461996 0.13002 -5.38443e-05 -0.00118283 -0.03589 0.0145737 0.0083836 0.0399407 0.113196 -0.00921146 -0.0181738 0.00519422 0.148268 -0.00497411 -0.0273025 0.01308 0.0282475 0.0103343 0.11676 0.218624 0.0282223 -0.00104238 0.0781938 0.0249717 0.0475723
internal_weight=1898.28 38.9077 20.3593 18.5483 5.68386 4.79231 0.859445 1859.37 1726.14 73.148 133.228 118.699 35.3011 14.1751 21.1261 20.4793 16.5063 10.8229 83.3977 37.2852 46.1125 37.0471 30.8115 6.23566 2.41786 25.7819 16.2598 9.52216 13.1616 11.1567
internal_count=196260 12890 793 12097 709 661 66 183370 160769 14688 22601 21893 916 315 601 590 508 275 20977 10777 10200 9665 9151 514 206 6704 4202 2502 3003 808
is_linear=0
shrinkage=0.1


Tree=94
num_leaves=31
num_cat=0
split_feature=6 7 5 1 3 8 2 3 2 5 0 0 2 0 5 8 2 0 1 1 5 1 3 2 2 1 1 0 8 8
split_gain=2.67895 4.16007 3.56683 2.65391 5.28428 6.89677 2.91971 3.67167 6.57927 8.87124 5.91526 8.79197 5.47704 8.3306 6.15064 6.74396 6.47261 6.23843 5.15441 4.94735 6.02275 4.84787 5.41781 5.70552 6.08724 6.00477 5.60554 5.28518 7.21196 7.11148
threshold=1.0000000180025095e-35 20.500000000000004 47.083130772970357 94.957627118644083 90.366769774635458 26.500000000000004 92.403846153846175 65.030120481927725 27.475490196078436 40.074349442379194 49.089705395564387 51.363749070171096 67.769272826681259 62.889245585874804 36.400441663599565 9.5000000000000018 66.300366300366321 51.191151446398194 91.545844394527279 41.763565891472872 25.050607287449399 90.070422535211279 80.874970117140819 75.905718027062434 74.388789505068601 85.895117540687181 86.72955974842769 67.826876513317202 19.500000000000004 42.500000000000007
decision_type=2 2 2 2 2 2 2 2 2 2 2 2 2 2 2 2 2 2 2 2 2 2 2 2 2 2 2 2 2 2
left_child=1 -1 3 6 -5 -6 7 8 -2 19 -11 -12 13 14 16 17 -9 -16 -15 -10 -21 22 23 24 26 -25 -14 29 -29 -24
right_child=2 -3 -4 4 5 -7 -8 12 9 10 11 -13 21 18 15 -17 -18 -19 -20 20 -22 -23 27 25 -26 -27 -28 28 -30 -31
leaf_value=-0.0019584396142048543 -0.0047716706595262309 -0.06846192106337394 0.065064691991094534 0.14142446549944185 0.042345721312321533 -0.12394154215914284 0.077055795387455037 0.035358876938409715 0.10212670728613267 0.029098831704608592 -0.33904332889551919 -0.049738001774360573 -0.042433165374018561 -0.096360076045858861 -0.14419635967474789 -0.15119979351221283 0.37334682665384844 0.097624646976459284 0.083404033700824429 -0.082087102447649343 0.043163707898635079 -0.03746997899196531 -0.038016785600737041 -0.068291403140863918 0.14528579060587957 -0.3592036038901103 0.16152483462249362 0.082737088076348997 -0.033171108933438276 0.15521693962054062
leaf_weight=1526.4936766790561 107.68490949796978 9.4644602334528809 10.352316071686799 4.0925289561273557 15.722252226318234 2.9644626933149985 5.2668555497075422 11.446163427055581 13.036994453519581 4.769456299254669 1.4040683803614227 4.1708081670803949 12.591554991202434 20.560985017888019 1.5542498955037425 4.1333737641107291 0.59610852890182364 3.4016283589298837 1.7291885531740252 4.1620964628236825 49.476291901548393 22.288315849087667 14.001887255697513 5.0782874535070723 2.6234623200725755 0.82476891402620811 1.509013580973259 25.432643340027425 6.8043781747110179 2.2044054014841086
leaf_count=169105 2693 5054 7520 220 3339 38 941 736 247 503 26 310 401 723 24 38 33 83 80 684 789 832 344 173 87 32 40 922 195 48
internal_value=-0.000548644 -0.00236823 0.00721722 0.00550391 0.0385058 0.0159659 0.00320321 0.00199329 0.0111898 0.0335063 -0.0526571 -0.122601 -0.0104255 -0.0397672 0.0052187 -0.0568803 0.0520897 0.0217854 -0.0824146 0.0468741 0.0334448 0.00322153 0.0159828 -0.0244162 0.00541708 -0.108937 -0.020606 0.0348525 0.0582719 -0.0117328
internal_weight=1895.84 1535.96 359.883 349.531 22.7792 18.6867 326.752 321.485 184.705 77.0197 10.3443 5.57488 136.78 43.4217 21.1315 9.08925 12.0423 4.95588 22.2902 66.6754 53.6384 93.3587 71.0704 22.6271 16.724 5.90306 14.1006 48.4433 32.237 16.2063
internal_count=196260 174159 22101 14581 3597 3377 10984 10043 5252 2559 839 336 4791 1717 914 145 769 107 803 1720 1473 3074 2242 733 528 205 441 1509 1117 392
is_linear=0
shrinkage=0.1


Tree=95
num_leaves=31
num_cat=0
split_feature=8 5 7 7 1 2 0 8 0 1 8 0 1 2 0 2 5 2 1 0 0 3 0 2 8 0 3 2 0 1
split_gain=2.30671 2.23416 2.21744 4.7222 6.20522 13.1943 10.3754 8.33018 8.16149 7.47994 7.47477 6.93746 6.154 24.5248 7.5308 6.04589 6.04402 6.00797 5.32341 13.2334 8.42494 8.25641 7.49723 7.04513 6.03536 5.8597 5.54154 7.90213 18.5265 13.9865
threshold=132.50000000000003 61.596298438403714 4.5000000000000009 3.5000000000000004 38.956639566395673 79.43190975020147 83.424908424908452 10.500000000000002 84.660633484162915 91.545844394527279 17.500000000000004 19.098277608915911 22.756041426927506 21.778656126482215 20.864427860696527 84.409722222222243 34.297668858338326 19.695220503347958 89.699381078691445 85.02873563218391 93.582704186684992 87.841832963784199 93.957648776925893 93.908472479901064 31.500000000000004 86.72955974842769 78.629976580796267 73.499399759903966 72.148047997295933 82.637681159420296
decision_type=2 2 2 2 2 2 2 2 2 2 2 2 2 2 2 2 2 2 2 2 2 2 2 2 2 2 2 2 2 2
left_child=1 2 3 18 11 8 -7 15 10 -9 -6 -5 13 14 -13 -8 -17 -14 19 26 -20 24 25 -22 -21 -23 -1 28 29 -28
right_child=-2 -3 -4 4 5 6 7 9 -10 -11 -12 12 17 -15 -16 16 -18 -19 20 21 23 22 -24 -25 -26 -27 27 -29 -30 -31
leaf_value=-0.0042798833765742223 -0.13152527155795837 0.092110633060387762 -0.0053793155937021863 0.00023658151172581171 -0.010512922538285152 0.095022078084908868 -0.26573295449422324 -0.15003133947665828 0.11335668520114772 0.076600790503366226 -0.080160850732147307 0.044489214461697998 -0.037890259847429386 0.93518125065111113 0.43343663613416006 -0.046771540126871118 0.072410818018070297 0.07299151942484948 -0.031566588384923842 0.14769635259855676 0.072561830272154001 -0.10251322521859688 -0.31960043505280605 -0.0039251698485228753 0.024755776482204728 0.051912053250808346 0.088300381703236258 0.0045796437846193586 -0.020446616087624249 0.33364161128713232
leaf_weight=635.3857432944933 1.342504034997545 2.6070558404317117 628.11767836251238 24.674303622872685 51.066131692117779 21.053604870976415 1.0335170113830852 1.5840876749134647 4.1062086601159526 18.054991537588648 22.068420949595748 3.2127082205261099 5.8839662453392512 0.39233554614474986 0.58908274612622324 18.018692819867287 5.5704622540506525 28.828826125478372 124.86571060481947 12.57704806700349 14.613061707146697 2.9495246140577427 0.6502906428067935 68.456443021219457 5.8506683378363951 14.720807907782726 18.100141734932553 135.41274678547052 17.239437425479991 2.6658816599519914
leaf_count=53877 39 1395 105951 1958 6645 713 41 46 130 521 3553 168 292 26 30 211 1147 1179 4468 408 760 69 32 3451 62 510 1229 5808 1248 293
internal_value=-0.000491117 -0.000398058 -0.000525816 0.0018944 0.0157361 0.00414903 0.0372329 0.00974485 -0.0238269 0.0583206 -0.0315293 0.0417154 0.0680208 0.182437 0.104756 -0.0289993 -0.0186272 0.0541966 -0.000814011 0.00271111 -0.0151486 0.0614017 0.0138636 0.00952994 0.108664 0.0261354 4.448e-05 0.0158885 0.0561817 0.119797
internal_weight=1891.69 1890.35 1887.74 1259.62 206.137 142.556 65.3154 44.2618 77.2408 19.6391 73.1346 63.5812 38.9069 4.19413 3.80179 24.6227 23.5892 34.7128 1053.49 845.552 207.935 36.7483 18.3206 83.0695 18.4277 17.6703 808.804 173.418 38.0055 20.766
internal_count=196260 196221 194826 88875 16660 13007 2679 1966 10328 567 10198 3653 1695 224 198 1399 1358 1471 72215 63536 8679 1081 611 4211 470 579 62455 8578 2770 1522
is_linear=0
shrinkage=0.1


Tree=96
num_leaves=31
num_cat=0
split_feature=8 1 4 8 5 6 2 0 1 4 5 8 4 8 4 3 8 5 5 8 7 8 7 7 2 8 8 5 3 7
split_gain=2.23558 4.52778 3.34028 13.1977 8.17943 5.85452 9.16999 6.53638 4.83006 4.57354 4.57351 11.3267 65.6196 5.06832 20.8557 42.5758 6.22724 4.47553 5.22698 7.18232 4.15271 3.69944 5.36905 9.93989 3.85614 3.55339 3.5401 9.27993 22.5319 7.91871
threshold=79.500000000000014 96.720430107526894 16.87529338131748 27.500000000000004 21.882773631840802 1.0000000180025095e-35 87.340132750526166 88.153818115545846 17.44565217391305 41.98212945910921 22.063894523326578 1.5000000000000002 19.451951951951955 12.500000000000002 25.979138971264955 75.905718027062434 13.500000000000002 27.125213506766524 28.405728886498121 13.500000000000002 3.5000000000000004 76.500000000000014 7.5000000000000009 8.5000000000000018 81.872946330777665 5.5000000000000009 7.5000000000000009 24.622963243652901 88.548009367681502 1.0000000180025095e-35
decision_type=2 2 2 2 2 2 2 2 2 2 2 2 2 2 2 2 2 2 2 2 2 2 2 2 2 2 2 2 2 2
left_child=2 -2 8 4 -4 6 9 20 -1 -5 11 12 -6 -13 16 -16 -15 21 19 -19 -8 25 -23 -24 -25 -10 27 29 -29 -27
right_child=1 -3 3 5 10 -7 7 -9 17 -11 -12 13 -14 14 15 -17 -18 18 -20 -21 -22 22 23 24 -26 26 -28 28 -30 -31
leaf_value=-0.087214945328806692 -0.022170882863243882 0.1068104850500739 -0.04557696794873331 -0.096708629468161222 4.1157409549620203 -0.010920033682482573 0.040150381348744733 -0.07366081787987265 -0.10713353796228148 0.15461265798303153 0.0014807420650087182 -0.10202954624454097 -0.10214295146998467 0.36049854923309255 -0.10008208696735997 6.7562901664893333 -0.10352967580927148 0.080169828109593957 0.030571515337223767 0.45236560396186987 0.2528798401193797 0.042410458425074272 0.66101899394614727 -0.10307892849684758 0.44292842594083393 0.81647260755208984 0.0069778109494123934 -0.10046130014747492 1.8718878249949986 -0.10542576413019189
leaf_weight=5.1894762548326971 72.565893569964828 2.8276975874032351 37.594219385089673 33.151741659325126 0.047435946849872734 36.83385294576874 5.8830398204154317 5.3447671448811889 2.7243960761988992 0.74026152677833934 1310.8615371184214 0.93969196598845917 0.16582153408671729 0.58775676223740425 0.023895131103927159 0.014584706164896488 0.56935863857870572 1.4368028384633356 4.9455669950693846 0.81118100808816951 1.0872391622979192 9.8091737782087858 0.41558675109990761 0.49744577575984295 0.17479796707630157 0.10863240499747806 351.52200755237664 0.13552404727670364 0.10114918230101466 0.65470437258773018
leaf_count=834 3128 63 33358 26284 30 1694 151 104 1489 9 110920 828 117 74 39 11 532 78 104 18 28 247 17 112 1 24 15536 53 4 373
internal_value=-0.000460918 -0.0173333 0.000240965 -0.00196483 0.00041392 -0.0406593 -0.0643659 0.00953689 0.00859644 -0.0912193 0.00173053 0.141154 0.836062 0.0717518 0.208337 2.49863 0.132173 0.00992824 0.0880417 0.214476 0.0733324 0.00839356 0.0657859 0.276567 0.0388948 0.00663308 0.0075123 0.195396 0.742479 0.0257719
internal_weight=1887.77 75.3936 1812.37 1433.85 1350.8 83.0409 46.207 12.315 378.526 33.892 1313.21 2.34854 0.213257 2.13529 1.1956 0.0384798 1.15712 373.337 7.19355 2.24798 6.97028 366.143 10.897 1.08783 0.672244 355.246 352.522 1.00001 0.236673 0.763337
internal_count=196260 3191 193069 174179 145909 28270 26576 283 18890 26293 112551 1631 147 1484 656 50 606 18056 200 96 179 17856 377 130 113 17479 15990 454 57 397
is_linear=0
shrinkage=0.1


Tree=97
num_leaves=31
num_cat=0
split_feature=4 7 5 4 5 5 3 3 2 1 2 1 5 4 8 8 4 8 1 0 0 8 1 7 8 7 7 2 6 0
split_gain=2.57907 5.4556 6.15764 4.80102 11.883 4.26985 7.48761 6.19824 7.48959 6.3509 5.67357 5.56455 5.36357 6.24885 13.4835 9.60886 6.45493 8.12258 5.88928 5.85193 6.99426 9.73632 21.6615 28.5148 23.5074 7.72323 9.88764 32.4048 5.37567 5.15203
threshold=30.697411846447807 16.500000000000004 40.074349442379194 18.142633228840126 22.650803978064882 33.942174033917162 94.570024570024586 88.2734912146677 88.2734912146677 96.824596774193566 86.899313501144192 99.397590361445793 31.074521123064816 33.905674281503323 16.500000000000004 3.5000000000000004 33.793300342596119 8.5000000000000018 27.812939521800285 15.470085470085472 17.684288905435597 6.5000000000000009 22.086720867208673 2.5000000000000004 3.5000000000000004 1.5000000000000002 1.0000000180025095e-35 19.399641577060937 1.0000000180025095e-35 11.834733893557427
decision_type=2 2 2 2 2 2 2 2 2 2 2 2 2 2 2 2 2 2 2 2 2 2 2 2 2 2 2 2 2 2
left_child=1 3 -3 -1 -5 12 7 -7 9 10 -9 -8 18 14 15 -14 29 -18 19 -2 21 22 23 -21 -25 26 -22 -28 -20 -17
right_child=5 2 -4 4 -6 6 11 8 -10 -11 -12 -13 13 -15 -16 16 17 -19 28 20 25 -23 -24 24 -26 -27 27 -29 -30 -31
leaf_value=0.0046695710110381825 -0.054830171156349354 -0.06491919192920477 0.53995122918942973 -0.052044850288148786 -0.00436782123793065 -0.00063090954663727508 0.079806487349022806 -0.059710064920385844 0.017402193530099985 0.12947444901448008 -0.21645306823141863 0.009529388995016411 0.0038246831037037909 -0.0023376531716556895 -0.046111857833825549 0.31736759522938446 0.31772833222410946 -0.012754000993042278 -0.039524681366846004 -0.10101789261151102 0.052285642658976721 0.11016908248681667 -0.10120727505813017 0.84502943686038989 3.0024739247675019 -0.043005090830842023 -0.1343756500164528 0.9234782303468706 0.033849013669274057 0.068086975216750778
leaf_weight=464.50010674347868 3.7250748510559779 17.472285599023056 0.16993900679517437 57.559340789841372 569.6054614380264 467.67872773870477 18.603342429705663 32.909455652363249 17.651888243330177 1.6591088424320322 2.4835748421901362 28.569614839419955 22.83866283640964 48.183765357360244 14.632053052439003 0.8426841045729806 2.3571752242278303 1.0864925144705919 41.501629958234844 0.11418807646259566 2.852741572307421 1.1410974896862169 0.23728978913277388 0.10575747606344521 0.096666336292400956 4.0858610836730804 0.57461372250691034 0.58374986867420375 13.148565379204227 51.390793185972143
leaf_count=27770 524 11824 14 47144 78470 11503 3251 763 1632 60 32 3896 663 1261 519 36 43 28 4822 18 35 76 39 25 16 265 23 22 188 1298
internal_value=-0.000830739 -0.00392778 -0.0590928 -0.00303627 -0.00874348 0.00357918 -0.000910805 -0.00435633 -0.0362059 -0.0617452 -0.0707089 0.0372442 0.0157859 0.0268982 0.0420214 0.0584458 0.0808513 0.21346 -0.00725332 0.0518482 0.0924309 0.27715 0.62115 1.16253 1.8753 0.0537622 0.152333 0.398723 -0.0218713 0.0721086
internal_weight=1888.36 1109.31 17.6422 1091.66 627.165 779.055 569.556 522.383 54.704 37.0521 35.393 47.173 209.499 141.332 93.1479 78.5158 55.6771 3.44367 68.1672 13.517 9.79197 1.695 0.553902 0.316612 0.202424 8.09697 4.01111 1.15836 54.6502 52.2335
internal_count=196260 165222 11838 153384 125614 31038 21137 13990 2487 855 795 7147 9901 3848 2587 2068 1405 71 6053 1043 519 174 98 59 41 345 80 45 5010 1334
is_linear=0
shrinkage=0.1


Tree=98
num_leaves=31
num_cat=0
split_feature=6 8 7 5 3 1 0 0 3 3 8 1 2 2 3 5 0 0 5 2 4 8 4 5 8 5 8 4 1 3
split_gain=2.52955 3.25449 3.13853 2.7689 3.39436 2.58627 6.3519 5.52681 5.45563 5.37485 11.174 5.08652 6.9786 4.39885 5.00263 4.18607 4.51894 6.06567 4.34696 3.97543 3.95109 3.93936 4.46368 3.90006 3.69582 3.54928 4.7685 8.25304 3.44475 8.24991
threshold=1.0000000180025095e-35 1.0000000180025095e-35 20.500000000000004 35.422619047619058 60.120481927710848 26.747967479674802 21.84659090909091 23.294573643410853 38.16526610644258 32.305502846299824 32.500000000000007 26.586345381526108 25.844402277039851 45.035211267605639 57.307060755336629 35.097051138484517 60.814529444138707 45.035211267605639 31.94855358316897 26.944684528954195 34.623709623709637 8.5000000000000018 37.522563176895311 33.403068340306838 3.5000000000000004 27.602627257799679 13.500000000000002 26.328626444159188 71.834935897435912 58.204833141542004
decision_type=2 2 2 2 2 2 2 2 2 2 2 2 2 2 2 2 2 2 2 2 2 2 2 2 2 2 2 2 2 2
left_child=2 3 -1 4 -2 11 25 19 9 -9 -11 12 -3 15 -15 18 17 -17 -10 20 -8 22 -19 -13 -24 26 -7 -28 -16 -30
right_child=1 5 -4 -5 -6 6 7 8 13 10 -12 23 -14 14 28 16 -18 21 -20 -21 -22 -23 24 -25 -26 -27 27 -29 29 -31
leaf_value=-0.0022611136171091536 0.086465682016975631 -0.011768078678245197 -0.061679290000920463 0.086637976749439252 -0.064308900699355451 0.054605051149875961 -0.20622843483433184 0.023047512286700766 -0.036015925775617595 0.088931476157417033 0.6239824308726748 -0.26690548060760216 0.17568870734041067 0.056972242882996675 -0.024060269146948511 -0.018471618852526833 0.10970288025043794 -0.15297803620772438 0.10323571820869233 0.10672680086823892 0.020431779004609772 -0.085801467020689567 -0.22253899666113278 0.0024020904827551301 -0.58554578266783952 0.057501285865333422 0.0794733864846347 0.63471278444028567 0.50888969552220542 0.0087179894899427502
leaf_weight=1521.9411527331758 2.5961669674143186 74.683776538149687 8.9419425531336838 9.1741272413637471 3.5143864507554099 1.0334727552253737 2.7724275402724738 25.809326060843887 7.1709343895781803 8.0720797096146235 0.41014970839023668 1.3489925664616742 2.0401921428856431 18.605591938860016 38.290762936812826 5.0875075361691398 1.1509763223002654 1.8371577366488057 3.2612526698503643 0.761891581758391 1.0643085504125336 2.9601156808203086 0.55459360600798369 0.8941896152391563 0.56741907223477028 6.1898379900958389 0.53806498378980883 0.53277382091619074 0.3305859578831577 133.56924767501187
leaf_count=169105 36 2147 5054 3449 81 19 49 1083 488 461 22 26 76 696 1392 266 119 19 35 25 71 41 26 32 14 224 32 11 18 11143
internal_value=-0.000844906 0.00676274 -0.00260818 0.0519017 -0.000249893 0.00473075 0.00953531 0.00670433 0.00872116 0.0457439 0.114803 -0.011123 -0.00678335 0.00277154 0.00771191 -0.0389551 -0.0788306 -0.0985455 0.00751615 -0.10192 -0.143353 -0.167367 -0.248959 -0.159553 -0.406117 0.0956429 0.207837 0.355721 0.00238922 0.00995287
internal_weight=1885.71 354.822 1530.88 15.2847 6.11055 339.538 260.57 252.276 247.678 34.2916 8.48223 78.9672 76.724 213.386 190.796 22.59 12.1578 11.0068 10.4322 4.59863 3.83674 5.91929 2.95917 2.24318 1.12201 8.29415 2.10431 1.07084 172.191 133.9
internal_count=196260 22101 174159 3566 117 18535 16254 15968 15823 1566 483 2281 2223 14257 13249 1008 485 366 523 145 120 100 59 58 40 286 62 43 12553 11161
is_linear=0
shrinkage=0.1


Tree=99
num_leaves=31
num_cat=0
split_feature=7 0 8 1 0 5 4 5 8 5 4 2 3 2 3 2 3 1 0 1 0 3 3 1 8 5 2 4 0 0
split_gain=2.22841 3.5185 3.72691 3.0175 6.4376 3.92767 6.35021 4.01952 3.77175 6.15959 5.65635 3.65499 3.77724 5.26999 9.57374 9.14391 5.91583 5.50483 5.28338 6.6108 9.186 6.25087 5.80612 5.58555 5.56638 10.9055 5.76325 5.0796 6.32636 4.87335
threshold=1.0000000180025095e-35 97.99919967987195 62.500000000000007 98.275349390425234 93.582704186684992 23.874454886063514 23.819655521783186 26.834547566254887 6.5000000000000009 29.132643219957568 23.553323768531808 95.293466223698786 90.59551886792454 85.215543412264751 83.438818565400865 77.83625730994153 85.880398671096358 82.426470588235304 73.205084163517711 54.669987546699879 44.033898305084755 78.629976580796267 41.421362489486974 47.722567287784685 41.500000000000007 18.575331772053087 68.323556653288065 27.127161229878208 85.02873563218391 64.660633484162915
decision_type=2 2 2 2 2 2 2 2 2 2 2 2 2 2 2 2 2 2 2 2 2 2 2 2 2 2 2 2 2 2
left_child=3 -2 -3 4 11 6 -5 -7 -9 -10 -11 12 13 14 15 17 -15 18 19 20 23 -21 -22 -1 25 -20 -27 28 -18 -29
right_child=1 2 -4 5 -6 7 -8 8 9 10 -12 -13 -14 16 -16 -17 27 -19 24 21 22 -23 -24 -25 -26 26 -28 29 -30 -31
leaf_value=0.013555182544255301 -0.0027215451906331791 0.098349973332776786 -0.24543376720140475 0.0024916552011610706 0.071424601294821893 -0.11830681908211234 0.26772903260206188 0.025058547164351064 0.066405174668087971 -0.32093284530867072 -0.074036852383075905 0.055688683694213793 -0.032563113986177568 0.17751471169342006 -0.062665697749751642 0.082380179554306099 -0.14717484434389833 -0.053462730555729948 0.39724139022080746 -0.038997802672709865 -0.15638657293237587 0.13108773404275484 0.18204424932332447 -0.093562085793338468 -0.11261803945833936 -0.088672321610976212 0.11527539633388417 0.26989600149496268 0.033076097275772896 0.056390488146697441
leaf_weight=133.16225916882104 1519.5274844270493 5.1684615627018493 0.33582913875579823 5.8472240194678333 15.81406349892495 5.3763950616121319 1.0674302987754343 9.3527515358873661 2.6746236765757185 1.0915224853670222 6.1906812935194466 14.14141556053073 26.251796667085728 3.297868411231323 20.377652668597875 15.754260546993462 2.7500008521601575 15.75109293675632 1.1361078495392556 41.013146823315765 0.56921942898770694 2.2809271143341894 4.6322997072711587 5.0526704694784703 1.3101002263720136 1.8446174373384563 5.5677877679700032 1.2309702401689708 6.6695354762487113 8.1289345300901896
leaf_count=4086 179811 500 7 103 1232 38 21 793 16 14 291 742 777 95 723 461 44 657 30 4218 42 109 218 372 56 93 221 25 98 367
internal_value=-0.000765067 -0.00243245 0.077375 0.00633109 0.00918491 -0.0231762 0.0434369 -0.0418348 -0.0205426 -0.0633771 -0.111044 0.00601929 0.00365258 0.0071669 0.00300636 0.00887393 0.0539885 0.00341973 0.00797773 0.0042105 0.014549 -0.0300369 0.145009 0.00963934 0.0793246 0.108741 0.0645219 0.0322959 -0.0195475 0.0844697
internal_weight=1883.37 1525.03 5.50429 358.337 326.737 31.6006 6.91465 24.686 19.3096 9.95683 7.2822 310.923 296.781 270.529 248.452 228.074 22.0773 212.32 196.569 186.711 143.416 43.2941 5.20152 138.215 9.85861 8.54851 7.41241 18.7794 9.41954 9.3599
internal_count=196260 180318 507 15942 14666 1276 124 1152 1114 321 305 13434 12692 11915 11286 10563 629 10102 9445 9045 4718 4327 260 4458 400 344 314 534 142 392
is_linear=0
shrinkage=0.1


end of trees

feature_importances:
Column_5=464
Column_1=428
Column_3=369
Column_0=355
Column_4=349
Column_2=329
Column_8=274
Column_7=262
Column_6=168
Column_9=2

parameters:
[boosting: gbdt]
[objective: binary]
[metric: binary_logloss]
[tree_learner: serial]
[device_type: cpu]
[data_sample_strategy: bagging]
[data: ]
[valid: ]
[num_iterations: 100]
[learning_rate: 0.1]
[num_leaves: 31]
[num_threads: 0]
[seed: 0]
[deterministic: 0]
[force_col_wise: 0]
[force_row_wise: 0]
[histogram_pool_size: -1]
[max_depth: -1]
[min_data_in_leaf: 20]
[min_sum_hessian_in_leaf: 0.001]
[bagging_fraction: 1]
[pos_bagging_fraction: 1]
[neg_bagging_fraction: 1]
[bagging_freq: 0]
[bagging_seed: 3]
[bagging_by_query: 0]
[feature_fraction: 1]
[feature_fraction_bynode: 1]
[feature_fraction_seed: 2]
[extra_trees: 0]
[extra_seed: 6]
[early_stopping_round: 0]
[early_stopping_min_delta: 0]
[first_metric_only: 0]
[max_delta_step: 0]
[lambda_l1: 0]
[lambda_l2: 0]
[linear_lambda: 0]
[min_gain_to_split: 0]
[drop_rate: 0.1]
[max_drop: 50]
[skip_drop: 0.5]
[xgboost_dart_mode: 0]
[uniform_drop: 0]
[drop_seed: 4]
[top_rate: 0.2]
[other_rate: 0.1]
[min_data_per_group: 100]
[max_cat_threshold: 32]
[cat_l2: 10]
[cat_smooth: 10]
[max_cat_to_onehot: 4]
[top_k: 20]
[monotone_constraints: ]
[monotone_constraints_method: basic]
[monotone_penalty: 0]
[feature_contri: ]
[forcedsplits_filename: ]
[refit_decay_rate: 0.9]
[cegb_tradeoff: 1]
[cegb_penalty_split: 0]
[cegb_penalty_feature_lazy: ]
[cegb_penalty_feature_coupled: ]
[path_smooth: 0]
[interaction_constraints: ]
[verbosity: -1]
[saved_feature_importance_type: 0]
[use_quantized_grad: 0]
[num_grad_quant_bins: 4]
[quant_train_renew_leaf: 0]
[stochastic_rounding: 1]
[linear_tree: 0]
[max_bin: 255]
[max_bin_by_feature: ]
[min_data_in_bin: 3]
[bin_construct_sample_cnt: 200000]
[data_random_seed: 1]
[is_enable_sparse: 1]
[enable_bundle: 1]
[use_missing: 1]
[zero_as_missing: 0]
[feature_pre_filter: 1]
[pre_partition: 0]
[two_round: 0]
[header: 0]
[label_column: ]
[weight_column: ]
[group_column: ]
[ignore_column: ]
[categorical_feature: ]
[forcedbins_filename: ]
[precise_float_parser: 0]
[parser_config_file: ]
[objective_seed: 5]
[num_class: 1]
[is_unbalance: 0]
[scale_pos_weight: 1]
[sigmoid: 1]
[boost_from_average: 1]
[reg_sqrt: 0]
[alpha: 0.9]
[fair_c: 1]
[poisson_max_delta_step: 0.7]
[tweedie_variance_power: 1.5]
[lambdarank_truncation_level: 30]
[lambdarank_norm: 1]
[label_gain: ]
[lambdarank_position_bias_regularization: 0]
[eval_at: ]
[multi_error_top_k: 1]
[auc_mu_weights: ]
[num_machines: 1]
[local_listen_port: 12400]
[time_out: 120]
[machine_list_filename: ]
[machines: ]
[gpu_platform_id: -1]
[gpu_device_id: -1]
[gpu_device_id_list: ]
[gpu_use_dp: 0]
[num_gpu: 1]

end of parameters

pandas_categorical:null
